timestamp,temperature,humidity,solar_irradiance,wind_speed,precipitation
2024-12-07 12:01:19.901925,15.533652107323977,50.33419733182291,646.011193131268,13.135496903854477,0.2060729784087354
2024-12-07 13:01:19.901925,12.180158550978275,61.43084481478708,28.14553633735909,5.523042538929181,0.1489095085011463
2024-12-07 14:01:19.901925,10.930359654000155,50.673306365525065,431.5920171919546,3.6971571691339857,0.10884303788962882
2024-12-07 15:01:19.901925,16.151291771482857,85.70754514067697,74.6154301705829,13.90822152162536,0.27766868163789343
2024-12-07 16:01:19.901925,12.38776770756898,59.73401985800572,382.6427183291371,8.243633299430371,0.09465037028400047
2024-12-07 17:01:19.901925,15.544509439792682,64.80958149316783,99.90763201899108,21.047207681398138,0.9497645078265813
2024-12-07 18:01:19.901925,15.169574248425313,69.78621388450148,530.0143785754354,6.761852106693621,0.48026348504866
2024-12-07 19:01:19.901925,12.90362143385158,37.379764279961556,364.4335107324589,11.069527342031426,0.03392354238144837
2024-12-07 20:01:19.901925,7.87583277863984,45.17627472828479,694.7834473292035,2.8617523506412224,0.23549624337382125
2024-12-07 21:01:19.901925,5.120774125957876,61.75208787429618,127.75063067009279,2.2957684525194058,0.13929985127954497
2024-12-07 22:01:19.901925,14.914704318007441,67.16618505582785,215.54927582353002,3.2003199347138542,0.10715716754576035
2024-12-07 23:01:19.901925,17.420827296892963,30.288649459856348,264.3827416701241,4.107782305720556,0.008840691876073625
2024-12-08 00:01:19.901925,7.303220861890063,50.6687073161586,521.481172584,6.142994574471519,0.29963872938194824
2024-12-08 01:01:19.901925,11.033112540031464,53.388115665728066,402.3993543984855,3.6026073596004244,0.47684320276297937
2024-12-08 02:01:19.901925,12.971365871497813,55.926054055979606,217.05812108814138,5.384042194127807,0.16576495472705535
2024-12-08 03:01:19.901925,14.998449246857525,31.28417771990332,404.3549856277546,3.044620140925241,0.03758421847732469
2024-12-08 04:01:19.901925,14.80809227573297,71.79337065475208,748.4146481408632,10.36436762747499,0.33989141030262293
2024-12-08 05:01:19.901925,7.555418256750157,89.50778060882143,589.4459669777867,1.1587451164244587,0.6367572449869762
2024-12-08 06:01:19.901925,12.845958129178525,71.38981633057378,579.5707684318248,4.98076062894076,0.1136959735588361
2024-12-08 07:01:19.901925,14.603140177259995,67.23399977262048,421.92337705674765,2.6378554969789345,0.026528007373697267
2024-12-08 08:01:19.901925,8.912818226307206,73.51001964741627,417.12513498276195,15.637455865875971,0.3033174753810133
2024-12-08 09:01:19.901925,19.336800673000404,37.840356819094524,414.22510836834,6.113951255629423,0.02706281428544384
2024-12-08 10:01:19.901925,9.983173419396062,37.273019788020896,496.67129609513796,11.573474023319449,0.05022237784173106
2024-12-08 11:01:19.901925,12.1999810467423,52.45356003437136,450.2625462477244,2.5646842766108993,0.021304589444978317
2024-12-08 12:01:19.901925,13.303714436203226,76.58498576637979,205.10682583762383,2.8273649585217986,0.046817879305860836
2024-12-08 13:01:19.901925,7.939021402183418,51.34327839456073,1053.4801418429254,23.13534487465544,0.04230774571995218
2024-12-08 14:01:19.901925,11.400486406796002,58.031751644393005,821.2053208049108,17.157411864400057,0.1771395684833814
2024-12-08 15:01:19.901925,14.918423416198767,45.255498801684425,635.7668085705116,14.784280410274082,0.038346790660020336
2024-12-08 16:01:19.901925,7.896128854303921,87.26411951293466,335.51163102426005,7.313043987662437,0.3085099255960086
2024-12-08 17:01:19.901925,12.9636596565451,85.24678377428741,677.1291055894984,4.165211231718529,0.17137295526534588
2024-12-08 18:01:19.901925,9.809760710855496,55.77924877641473,600.8514013877123,5.74073463029575,0.2626384780221827
2024-12-08 19:01:19.901925,11.70652624360362,69.05692353650807,685.6469862280532,12.323421364018055,0.0014140685192442761
2024-12-08 20:01:19.901925,16.349286924378603,69.42175313983209,707.9290744676421,17.514498545857354,0.044205997576166736
2024-12-08 21:01:19.901925,6.548269639208103,42.16052450270908,349.4948074323367,5.526690209208774,0.3965490446377282
2024-12-08 22:01:19.901925,9.626457075404282,65.953761822644,477.47565821477394,12.80384162675086,0.062049648199480195
2024-12-08 23:01:19.901925,11.510954174527503,38.96946580360128,465.02353491962856,10.995871575021674,0.4649423726707023
2024-12-09 00:01:19.901925,10.573505923174245,72.03772190487112,277.99280376859406,5.155685339812617,0.03707903569361439
2024-12-09 01:01:19.901925,15.136672545130097,56.778526273061736,409.72492553202846,14.229029723539226,0.08681519229442147
2024-12-09 02:01:19.901925,9.62679762161168,70.23883046748665,905.5683258655333,16.526645124241966,0.10320557096982633
2024-12-09 03:01:19.901925,5.770147015832245,58.164068100641096,513.7191935174294,11.14764633642087,0.10772270519583178
2024-12-09 04:01:19.901925,11.874959849268805,75.20710293894983,497.31836579125974,8.86491483690673,0.08930539007163146
2024-12-09 05:01:19.901925,10.142137944217604,53.65530826870318,599.987009302939,8.057010743171373,0.18223221960865976
2024-12-09 06:01:19.901925,19.499949352829013,49.26593102071244,618.6778735293246,17.03364191653192,0.43125618715551756
2024-12-09 07:01:19.901925,7.4911687381791285,44.274615304160285,353.31859268968225,15.500279344679356,0.24589674231084274
2024-12-09 08:01:19.901925,16.258870740257905,30.93511968300866,502.41171321119833,5.713513564678405,0.0667717339471796
2024-12-09 09:01:19.901925,14.505382278891776,84.17474481386341,628.1484313402344,8.023957012478256,0.019237088652285045
2024-12-09 10:01:19.901925,14.033396743139313,78.7066944808684,7.720849843770338,5.795399761024543,0.3971738578396429
2024-12-09 11:01:19.901925,15.628243282288741,43.12838550969043,418.60383488621335,2.4738279198775777,0.038053408276426705
2024-12-09 12:01:19.901925,14.171364067879141,89.61608702043853,475.3176871499857,6.345891851786592,0.14635040396132626
2024-12-09 13:01:19.901925,14.564313119703701,58.94194761319763,563.4277326875078,3.843871046130519,0.03504402646916601
2024-12-09 14:01:19.901925,9.382876032139956,45.765617221727176,796.9400305901838,11.552511281604538,0.1948909871441814
2024-12-09 15:01:19.901925,11.83963235155667,75.18356532052346,381.62592124875954,16.529297252279523,0.2036921560467901
2024-12-09 16:01:19.901925,16.744236341318306,53.485983794104534,177.4266294281644,4.804141023115623,0.18342315673210052
2024-12-09 17:01:19.901925,12.296177064791838,78.97653198438653,358.9473843424076,9.388651154111121,0.8196148391738884
2024-12-09 18:01:19.901925,8.146115549920298,31.601038379388317,778.4143515397232,8.681267650647515,0.5481790864388618
2024-12-09 19:01:19.901925,12.080170798946577,75.25130013993822,816.0504424514522,8.58888885441938,0.06079457469361758
2024-12-09 20:01:19.901925,12.723257722677001,44.02516231535913,749.5348779857757,4.6149635866683205,0.01955364661180925
2024-12-09 21:01:19.901925,11.901286113381897,85.6170072310619,131.0814127211549,7.204184225792153,0.028140885990419796
2024-12-09 22:01:19.901925,8.753650711521908,85.14887686605374,363.19703897787565,16.9959170067217,0.6610268869494346
2024-12-09 23:01:19.901925,12.836671375301943,64.4456785208121,467.6443926848052,8.871071625496972,0.23733418657558764
2024-12-10 00:01:19.901925,8.868399341868464,64.68879601869017,851.1292854321292,13.403388716443024,0.014443619218511767
2024-12-10 01:01:19.901925,11.857905963754929,54.48220622662075,527.7770258464698,10.408358099599301,0.15652501415780307
2024-12-10 02:01:19.901925,16.33570717518389,60.24956062033321,676.8585101562246,1.328254203579407,0.3594946782337056
2024-12-10 03:01:19.901925,15.683068921789097,40.573327709081646,140.6888179325153,4.5996438995781475,0.5007463291068533
2024-12-10 04:01:19.901925,13.782857805442717,45.818331786628264,408.6147138313397,2.5215319485505794,0.028511625348015143
2024-12-10 05:01:19.901925,3.2110138968495523,72.73405431863492,754.0642249983719,4.638141048341177,0.05274350689541897
2024-12-10 06:01:19.901925,12.57673259072678,60.549319013871255,376.54348658440296,1.6918550903854719,1.411784362495717
2024-12-10 07:01:19.901925,10.447185393661929,33.52905118690672,521.8012402704144,21.781458099540984,0.1123108794669092
2024-12-10 08:01:19.901925,7.821263388969147,61.29433957878736,666.3067424366906,5.9355658251468855,0.07724863628445235
2024-12-10 09:01:19.901925,15.44969586696093,58.54483949539919,615.6947327718472,8.255688367016056,0.2002262524690083
2024-12-10 10:01:19.901925,11.482126636061437,46.26342403531562,431.9960912220841,5.447580339340126,0.009340990288802286
2024-12-10 11:01:19.901925,11.571941185311761,38.512047595381006,521.6473583641379,19.50713388633164,0.03413431267172378
2024-12-10 12:01:19.901925,7.697060553069818,43.05703621838322,516.519669389623,9.512636747478108,0.08722293649160122
2024-12-10 13:01:19.901925,12.154197166299918,78.97211265626939,637.8360971131367,5.469180087541191,0.0660798949296596
2024-12-10 14:01:19.901925,15.612986711949787,42.920196289433335,554.2770568018318,14.061618231880592,0.03926104231987485
2024-12-10 15:01:19.901925,8.897137979368676,49.787335420360435,551.1327231054778,4.580655085477645,0.0977655227783904
2024-12-10 16:01:19.901925,8.90979527954503,79.17380361617225,708.7965060466961,0.4333940440616949,0.2301782680584895
2024-12-10 17:01:19.901925,13.03051287467917,47.98521466748903,671.0204386111471,21.02526943393592,0.014274597456969604
2024-12-10 18:01:19.901925,8.079606913392636,50.17069537312539,284.4693499951323,11.434017311284528,0.2023648421550894
2024-12-10 19:01:19.901925,14.162977677986758,61.79925171832987,543.8447778752102,5.734827283699526,0.7981562665990752
2024-12-10 20:01:19.901925,11.741325347552618,49.429614845942645,697.0718149507329,2.106321306099696,0.036275195017149146
2024-12-10 21:01:19.901925,13.309334785529812,75.95556684514247,648.9739309898987,6.202245837135979,0.11866290438091445
2024-12-10 22:01:19.901925,7.98441674497159,79.5419420502644,311.30039893772766,11.029122439121362,0.015986446519118947
2024-12-10 23:01:19.901925,12.289149499579297,55.94480754028777,197.19104634138654,14.718562218076263,0.5506308670013895
2024-12-11 00:01:19.901925,5.220658263218292,71.10449969529395,561.3222717635574,17.01708288161523,0.2626833755471363
2024-12-11 01:01:19.901925,15.180249765694889,66.01507548956337,416.78793069427843,8.07231304105246,0.024260755189511
2024-12-11 02:01:19.901925,17.434501552691884,78.23937328954149,399.13915560544666,7.083755135484552,0.2660901023203169
2024-12-11 03:01:19.901925,12.190004170264437,49.368417095881355,241.6609386633641,4.786516545268071,0.1414453030545729
2024-12-11 04:01:19.901925,9.158173980650917,75.16681333043408,872.4732633970925,6.623404112747165,0.3514024020088143
2024-12-11 05:01:19.901925,11.90980332255634,61.09003694282166,450.9022395173582,5.9810505512654615,0.65667922735187
2024-12-11 06:01:19.901925,8.87158739606365,40.222738620539765,615.0176701747948,7.17166377001009,0.13239201478439025
2024-12-11 07:01:19.901925,17.965625631018366,80.24083721165941,592.2036806518223,8.576237312990552,0.16615507905193355
2024-12-11 08:01:19.901925,11.562290131890753,79.55376695899425,300.83830878551396,3.538505601087535,0.22773565517493655
2024-12-11 09:01:19.901925,4.9627878225304976,38.60593276405751,277.051912304858,5.478553724874247,0.3671616308237347
2024-12-11 10:01:19.901925,18.943634820209624,35.73255587465318,257.018228110624,10.070776248148988,0.0034992109022866954
2024-12-11 11:01:19.901925,12.525575803070911,75.04106227665572,240.42141846993297,1.5370332807348555,0.022166762843928496
2024-12-11 12:01:19.901925,11.305454666836953,34.92271807501335,747.2903780279886,10.03440416413195,0.05254882278408682
2024-12-11 13:01:19.901925,17.605486000602454,48.688748460682675,392.18702396122114,5.8228401260582245,0.15027121123635923
2024-12-11 14:01:19.901925,9.891134889063887,63.59357910693117,299.3982448418635,4.009230761632966,0.22041147332295719
2024-12-11 15:01:19.901925,15.1352724743311,30.637750812534733,330.51657999499014,2.0432976428969916,0.508632784539902
2024-12-11 16:01:19.901925,14.084806033519547,30.025550076079536,284.5935370673394,1.239506456864424,0.17461220870514377
2024-12-11 17:01:19.901925,18.427833321951613,88.26729039297712,53.82906401255053,9.182013255157134,0.35581271821871274
2024-12-11 18:01:19.901925,7.283540811918175,80.71027093134074,586.281979223861,9.13219486007644,0.49885079029094515
2024-12-11 19:01:19.901925,16.24182747882454,64.85918749604272,295.89697637443,8.494659187065828,0.1317205803256206
2024-12-11 20:01:19.901925,14.836267738972793,58.683758231617,355.27995844008854,5.231400465265517,0.05718941705498072
2024-12-11 21:01:19.901925,16.31458899863321,45.133297282953286,615.2901200578467,11.896678701919022,0.01754832134778511
2024-12-11 22:01:19.901925,11.738733618118243,66.01795855250009,739.8523355025497,7.3814176678337615,0.11142212389067062
2024-12-11 23:01:19.901925,17.89797400436261,35.94949667079826,657.9285654509786,7.5589043094500745,0.01738738422550212
2024-12-12 00:01:19.901925,9.813081403283503,33.738610566594275,437.04661276929454,7.952203072304192,0.026232748780622185
2024-12-12 01:01:19.901925,7.010167294490595,47.892371969875086,230.7702188397293,18.640412664340143,0.12821248822495035
2024-12-12 02:01:19.901925,13.178912250993285,31.19787338721992,675.2552757093121,8.019848132921792,0.21831869941873025
2024-12-12 03:01:19.901925,12.953013649149533,40.052624220074115,734.6471694255455,7.963175695338772,0.03769561399940229
2024-12-12 04:01:19.901925,11.064153007837483,63.459164608715554,686.8322632491579,10.522766819420863,0.0074671734910135255
2024-12-12 05:01:19.901925,8.566053292548466,63.34427189745665,761.6333004556245,8.542710962880811,0.17138109251767053
2024-12-12 06:01:19.901925,15.059844384165979,61.869639094167894,450.6176467498174,0.32790260716718134,0.046874371462923455
2024-12-12 07:01:19.901925,9.908266027809042,56.933285551281905,676.1387805858199,9.235774494847208,0.2428277694810429
2024-12-12 08:01:19.901925,12.7150547177725,64.96114761589442,345.243291603719,7.960585177310118,0.20933207484449015
2024-12-12 09:01:19.901925,8.587017836543225,58.99951972859611,416.06348950466304,7.199550227582162,0.07664430256108686
2024-12-12 10:01:19.901925,14.730070335771282,82.55678973682788,520.7552352244882,7.210633072179608,0.17937469138401063
2024-12-12 11:01:19.901925,11.849847118189924,80.54879089767766,792.9778954978345,11.127531859615365,0.075630887375849
2024-12-12 12:01:19.901925,8.279393117326975,43.060160575222206,571.9211406530001,11.85148390261,0.18293303115945755
2024-12-12 13:01:19.901925,9.334109319134386,84.98916208995466,0.0,15.683420051823784,0.3723229555996004
2024-12-12 14:01:19.901925,10.55004857140227,50.450749760296894,744.1757310077835,5.557205983284584,0.08137197307072573
2024-12-12 15:01:19.901925,13.276406818158872,43.19601080345578,492.8215565872474,5.28327147188802,0.4429086773099982
2024-12-12 16:01:19.901925,13.359474599519702,84.80533059977932,670.1095994690676,9.035735525083664,0.024081142444556725
2024-12-12 17:01:19.901925,10.77692295402322,37.374279738185855,315.8594179963043,4.438701640515715,0.10718520789110748
2024-12-12 18:01:19.901925,11.043343966881572,51.31653516690279,706.8711567920706,6.018375116626036,0.29105424417495007
2024-12-12 19:01:19.901925,11.56177465186935,52.9017914556869,573.669933714722,9.766028762224915,0.027857008383638734
2024-12-12 20:01:19.901925,14.764906181987897,49.268030109973,520.531904548783,7.198633628719832,0.13990582327988563
2024-12-12 21:01:19.901925,11.456944228986599,68.25823843236847,449.26984052991264,13.697292816364575,0.16580638624581592
2024-12-12 22:01:19.901925,7.897953436471935,40.412992191364765,724.9066582619012,7.463714211824889,0.3167418204688303
2024-12-12 23:01:19.901925,11.840699377491022,60.39200196595893,605.809361730445,8.290194227907081,0.01012192867162491
2024-12-13 00:01:19.901925,11.625110295666406,67.87520921100744,234.7981501525751,16.37329972776797,0.8379587918562774
2024-12-13 01:01:19.901925,13.177281826756355,57.51071766503998,54.99040096302713,6.427774906094456,0.11704187099362179
2024-12-13 02:01:19.901925,12.700862073766846,52.53817943423442,1019.3687242515144,5.090510303795517,0.04805215117046794
2024-12-13 03:01:19.901925,3.6905337373889893,44.19756425841745,297.2027768537773,9.721384339324857,0.07139828438055723
2024-12-13 04:01:19.901925,7.046299412855571,43.025536475052654,369.92866996141237,8.194489864380458,0.13720828982618968
2024-12-13 05:01:19.901925,6.366472491939659,63.21350267746283,294.1220378195521,9.33501086074148,0.22001347570378915
2024-12-13 06:01:19.901925,15.489716640160674,67.19673865854402,669.6332197408251,5.19424918556051,0.4569539027682448
2024-12-13 07:01:19.901925,11.589544293931677,36.84731776935661,885.2329587546269,4.160409461981241,0.04551129212464911
2024-12-13 08:01:19.901925,10.478865079787264,72.39062462588736,553.7748590479558,10.724788286411151,0.18919769376113219
2024-12-13 09:01:19.901925,11.248773302529715,32.5016347447342,296.89336880802523,10.696795366050244,0.0401902385566775
2024-12-13 10:01:19.901925,14.462374537398144,68.15966744857127,433.7599109824689,7.9686332393889785,0.507011037346014
2024-12-13 11:01:19.901925,16.35200367335583,39.84806131724974,501.5730250954635,16.252028757403924,0.015259485769590665
2024-12-13 12:01:19.901925,12.140756226553815,35.13887503281953,584.7318167013123,13.293174038794193,0.060029163929050534
2024-12-13 13:01:19.901925,10.927218109506416,57.517203300208514,573.6948493081654,2.729588489145244,0.0091871879872622
2024-12-13 14:01:19.901925,14.596837758266064,62.598104958286655,384.5595955730591,23.608130614519276,0.08246825016162633
2024-12-13 15:01:19.901925,10.590081101243335,65.76787984903913,787.972512579833,14.701833306853356,0.12368983615782858
2024-12-13 16:01:19.901925,12.693333339953337,87.80232765439001,565.7590873967077,14.208397560833417,0.03581901304934187
2024-12-13 17:01:19.901925,11.421477733983027,51.55888686732916,206.04008044183388,2.9289301224632274,0.35049621910220785
2024-12-13 18:01:19.901925,13.602011293314305,41.24135967769605,533.7174773526061,10.229882109405995,0.4289845782501194
2024-12-13 19:01:19.901925,10.031492319812815,85.8849435058197,687.2216136105512,11.917408057851837,0.2056477729571677
2024-12-13 20:01:19.901925,9.933877510544123,69.83789748773822,367.61978718293466,7.089791296056126,0.13104231379702314
2024-12-13 21:01:19.901925,7.628756340716984,60.540858012893615,446.03999517750793,16.092086739781465,0.17869523732769302
2024-12-13 22:01:19.901925,8.377828189101997,85.9115506119343,498.9481363855304,5.059706147077236,0.2526435569787561
2024-12-13 23:01:19.901925,14.399577650424913,38.16616026837178,399.0209981595612,10.311887719117408,0.06022725498875845
2024-12-14 00:01:19.901925,9.279846120882455,45.30635730369982,653.3508757228145,4.263550219705257,0.017215911582567342
2024-12-14 01:01:19.901925,15.302803901664575,46.34789551178217,308.19452070017473,9.184620617409257,0.3819543317110262
2024-12-14 02:01:19.901925,11.696503572244913,86.3797161125433,387.6904663252324,8.437495017876035,0.5767921272353763
2024-12-14 03:01:19.901925,9.291799151448291,70.15367114930847,535.2299920104524,10.243488518245382,0.07593947906967725
2024-12-14 04:01:19.901925,7.935319268578533,37.19694422264787,355.1411482325324,3.4720687686970853,0.0129924737399854
2024-12-14 05:01:19.901925,10.922762319118004,46.759520437786364,558.2043250294198,12.631932279197944,0.7603417317320036
2024-12-14 06:01:19.901925,15.41660148173503,57.77077584332655,158.57454512773853,2.9799399293488,0.08131497343809141
2024-12-14 07:01:19.901925,12.198850873038632,33.06783193851486,786.1310411828767,4.958573552183167,0.4857965358161915
2024-12-14 08:01:19.901925,7.112252579600503,74.0827036641266,123.00675908308983,10.14561843112562,0.06382049132622171
2024-12-14 09:01:19.901925,7.857631467758936,34.03854997474077,541.9037602740252,10.194091217027177,0.12914238337255304
2024-12-14 10:01:19.901925,10.485751214049431,85.0188723507552,691.6846073940015,10.717316638873001,0.0673642724924191
2024-12-14 11:01:19.901925,11.884234583546256,39.39949058874266,327.3197788298646,10.894445382351229,0.35750123527786304
2024-12-14 12:01:19.901925,9.421000181214147,83.64418087251667,461.5410320520045,8.51557405842003,0.21943035549204734
2024-12-14 13:01:19.901925,13.806037256917044,62.27790451017012,646.0651925824238,6.057411633987847,0.00717634466322375
2024-12-14 14:01:19.901925,16.715207465228733,34.951399836733735,613.3541397778996,9.96623681302173,0.15202339899906367
2024-12-14 15:01:19.901925,12.216776718391818,82.00125993425637,560.191649200978,25.035132835661805,0.04234693356590016
2024-12-14 16:01:19.901925,9.721571300683378,32.57939892808291,196.07041306239023,6.873747981415407,0.05598511955878677
2024-12-14 17:01:19.901925,7.843561342895247,69.79047446477043,484.4637948665916,15.067779630409419,0.0001827813192108382
2024-12-14 18:01:19.901925,9.994522717734966,74.5615226228535,598.2893077444066,10.185934598200529,0.4230949888592481
2024-12-14 19:01:19.901925,15.002800767595808,59.98715908877742,60.383672143783315,5.2100894119281875,0.11692619970592591
2024-12-14 20:01:19.901925,10.312616162557758,32.86443222460917,327.83504976139113,1.3409586768707817,0.2617249278406543
2024-12-14 21:01:19.901925,16.734679959217022,37.99450853652962,579.5211972788555,14.226079009041278,0.7167712876836458
2024-12-14 22:01:19.901925,10.195094048786718,42.367242931650246,565.5329105712269,11.039092428566764,0.2848358417273637
2024-12-14 23:01:19.901925,7.895494460961953,44.689917823704135,465.0233498732503,14.33388837328885,0.31948469783505473
2024-12-15 00:01:19.901925,12.836358702253923,69.47320386459432,594.1049512375478,11.491118360454319,0.4482520769078939
2024-12-15 01:01:19.901925,11.787524161748301,30.098178845030848,509.21420271206244,17.352492569136803,0.12664945001471575
2024-12-15 02:01:19.901925,6.871911309875397,49.168406074692946,0.0,11.767575361125056,0.22436540979917458
2024-12-15 03:01:19.901925,8.51373342330227,30.554655708504825,941.8885136467931,2.1411694537570334,0.21397144028465143
2024-12-15 04:01:19.901925,7.571316176986287,83.10582297909278,934.2852650735857,14.785860739622645,0.018883173069715348
2024-12-15 05:01:19.901925,10.252150817854808,33.26016559923358,455.2910600827782,2.274661273094773,0.08893119015827991
2024-12-15 06:01:19.901925,7.842512369668807,59.367775029223125,102.83174228016424,11.05188171305073,0.06831169214709341
2024-12-15 07:01:19.901925,13.048209448694056,77.70848778663574,688.1858727710119,9.207039279837216,0.02580824475494143
2024-12-15 08:01:19.901925,16.30939486406301,54.860373437922775,525.1783457847183,7.720830476030438,0.37037124355666173
2024-12-15 09:01:19.901925,18.73588420074107,62.882873351108366,574.5710652142529,15.992270304996712,0.04875102802470014
2024-12-15 10:01:19.901925,7.057580943179745,84.64448788021305,521.4976504573199,12.706777266890807,0.09594394343867492
2024-12-15 11:01:19.901925,9.189241845876795,58.77483443204288,812.9219754908167,11.410297398158312,0.27231447535622977
2024-12-15 12:01:19.901925,9.439518797731694,37.91784222694024,787.3643242667766,5.670807240199868,0.05449940589823446
2024-12-15 13:01:19.901925,13.251212418150315,50.76556754791143,709.3638385323818,9.488467768978628,0.5557630438734492
2024-12-15 14:01:19.901925,13.828237386256228,39.60120805667786,840.8865706302493,6.155069316036466,0.04458086523875821
2024-12-15 15:01:19.901925,13.79144627911516,36.36833737469737,819.7056102676127,12.464691238975254,0.19780092741669658
2024-12-15 16:01:19.901925,12.082661637396896,41.9031738592583,526.7154610442781,3.9631382584207993,0.10129343113863028
2024-12-15 17:01:19.901925,9.733487071263584,55.20074492773898,425.3328379706578,14.272925014811735,0.32831768299286046
2024-12-15 18:01:19.901925,14.639692881804292,79.98921585991398,114.79956961619462,5.387291776001014,0.014178705919063027
2024-12-15 19:01:19.901925,10.619469600559727,48.777640359523915,516.3625852540789,3.8150294408243566,0.11589589121376297
2024-12-15 20:01:19.901925,9.35379847581021,35.262083930568494,281.06280357927665,9.333841218999574,0.10092769411501155
2024-12-15 21:01:19.901925,13.177840830668437,79.90173024384251,627.660423526657,8.054708865009161,1.107463151091883
2024-12-15 22:01:19.901925,9.561310276714243,58.00648262286925,687.0366419804192,0.5247994835848583,0.16048859614573363
2024-12-15 23:01:19.901925,11.89899093575875,35.15458488401848,263.440360912854,6.0923458105258,0.21011983255674296
2024-12-16 00:01:19.901925,7.459727508467588,55.19221347312486,503.9861119272018,2.1163582665797103,0.6135112429738182
2024-12-16 01:01:19.901925,9.809632394845083,78.46523511302925,450.1015358171913,12.421597545571663,0.09286919040054058
2024-12-16 02:01:19.901925,10.501875089625392,45.98485773839211,379.9337321037411,17.875498967740416,0.08330670435049875
2024-12-16 03:01:19.901925,7.248197991664286,36.30449421039923,396.8295645081062,13.523905235810659,0.15394248823211967
2024-12-16 04:01:19.901925,15.688525531332758,48.55420011082768,495.64607108232735,6.506387026340414,0.052643239039900626
2024-12-16 05:01:19.901925,10.03977487630832,41.918823451270256,693.755415784052,1.4367146832854005,0.038738356449689544
2024-12-16 06:01:19.901925,13.931786436043359,77.73596698336559,453.1159862501771,6.946772933776192,0.08614132548487233
2024-12-16 07:01:19.901925,10.110581818205096,35.182276975112984,533.1836198425325,5.548901672627653,0.05528470843649874
2024-12-16 08:01:19.901925,12.957447359838383,68.28327062200688,292.40862235029385,4.363709042885613,0.13348024816383905
2024-12-16 09:01:19.901925,9.757037211338,49.4875569245878,624.1318627223081,5.926256166925491,0.002030883683865756
2024-12-16 10:01:19.901925,10.21840271553919,34.77035669457419,326.3131613530933,3.419772269916521,0.39615026831338995
2024-12-16 11:01:19.901925,13.844617624232539,53.540708305427785,276.8008603964628,14.829013862997085,0.012029667774835339
2024-12-16 12:01:19.901925,11.843913103377826,78.93649145194095,346.5307751351165,15.329461321317432,0.2061593079262386
2024-12-16 13:01:19.901925,14.063051983851746,75.35803926157797,486.6621483461081,11.239100190838673,0.1646071574789297
2024-12-16 14:01:19.901925,12.013833765723938,30.91820996552685,358.57389145528975,9.876282285271085,0.15931194656068526
2024-12-16 15:01:19.901925,12.452790698006993,48.0210563992631,469.94276473486525,13.94275261178801,0.630961660414266
2024-12-16 16:01:19.901925,7.108666379411758,37.35187395117279,552.092215396808,13.543566201226827,0.1241801168533385
2024-12-16 17:01:19.901925,14.529504118305208,61.69889996394221,782.5446164535676,1.773367123495346,0.032659526908563656
2024-12-16 18:01:19.901925,8.308132247951004,65.7976310640629,464.5498400680814,10.564594279220854,0.0405477146118468
2024-12-16 19:01:19.901925,12.019588341839485,39.1740935280237,668.0021755535548,12.547735860664066,0.3906855244000629
2024-12-16 20:01:19.901925,9.423250089544652,79.2660939033214,287.3122872977977,7.40237598002503,0.08073556306543635
2024-12-16 21:01:19.901925,12.184451660177952,63.35805245526712,623.598284725579,2.9680796777290057,0.24661300738639574
2024-12-16 22:01:19.901925,14.678553826810237,84.82789168386566,451.31446248014913,1.5214716173068448,1.0325830912809983
2024-12-16 23:01:19.901925,10.29554630531675,37.17193110823502,584.2631586381586,11.201757702715964,0.09959644574293092
2024-12-17 00:01:19.901925,7.282998267562887,47.05900994952296,470.6133573394024,17.332072020019986,0.06639943698506977
2024-12-17 01:01:19.901925,3.9129711180918996,43.3689804256292,306.8180042326917,12.49552912454343,0.5425831070500478
2024-12-17 02:01:19.901925,13.1804931261334,64.10911907038707,234.33498441893414,11.167019350167266,0.02885698699586052
2024-12-17 03:01:19.901925,14.871090848321519,86.34819500317933,804.5040009884018,11.615887430819122,0.14450166767396197
2024-12-17 04:01:19.901925,9.325174083730893,69.96425447439188,336.52487960401646,18.654902666253314,0.12456682739258827
2024-12-17 05:01:19.901925,11.416885472015078,59.65839923161714,596.3772048070654,1.4694239592083524,0.0932155989122651
2024-12-17 06:01:19.901925,13.298399987501409,61.09041217827001,443.9746841569634,10.821139492763336,0.05622238276872461
2024-12-17 07:01:19.901925,18.11827745832118,33.77223171192427,117.9970757874733,9.96099373618367,0.05336694672806082
2024-12-17 08:01:19.901925,7.0220147217919875,45.14176714224109,442.0246250595633,6.179736884216868,0.11835760686331805
2024-12-17 09:01:19.901925,9.321897717336759,86.90976744999543,460.9335220559662,13.872494467604001,0.07612163162906663
2024-12-17 10:01:19.901925,12.022486646656091,63.5753180677304,431.5447177986746,4.555072802542211,0.22936875877292318
2024-12-17 11:01:19.901925,11.243437298190495,48.15884064950072,665.1080665193267,10.076892009422666,0.38995380440338245
2024-12-17 12:01:19.901925,10.439394043574966,59.12220348224406,548.2168364730145,9.945096899626726,0.1182997552881328
2024-12-17 13:01:19.901925,8.240250451089207,46.70107232172498,227.7163993526646,14.200058587510513,0.4012997441582815
2024-12-17 14:01:19.901925,11.978125999838841,54.01026592934288,852.251947643759,6.768157114234943,0.07868383085516842
2024-12-17 15:01:19.901925,11.689137452052185,51.63906082964893,728.7186348054461,2.7380194337630064,0.0390401903501875
2024-12-17 16:01:19.901925,12.572816842144729,49.76503380933934,230.13766570897388,9.092657059982356,0.28849967285507466
2024-12-17 17:01:19.901925,12.299067115804357,40.04933584726319,879.5401930691472,6.94769321400886,0.10117854532034161
2024-12-17 18:01:19.901925,4.969013388753023,70.81118634419366,250.1618965027484,14.247056340303084,0.19443263853080506
2024-12-17 19:01:19.901925,13.298556496810626,65.47323339575227,398.2522592879784,8.046082570274347,0.10797152386481951
2024-12-17 20:01:19.901925,7.544260650741974,73.37208585233319,256.13213601047903,2.8305190540677376,0.17882295573638043
2024-12-17 21:01:19.901925,13.066365729119923,58.34295933898247,482.3161158327218,6.925707459528214,0.3034222962016265
2024-12-17 22:01:19.901925,10.363893169780752,76.19311799359751,167.4033440519392,9.130540840785672,0.10893701200979183
2024-12-17 23:01:19.901925,13.921593789186122,45.03621568508149,551.8702876754685,4.243615469124417,0.15566134676012255
2024-12-18 00:01:19.901925,12.074552313693374,65.7313661744686,483.3619632417503,7.463786552961828,0.017206746851263353
2024-12-18 01:01:19.901925,10.445278027295357,35.883187496811175,792.5406310225883,14.832035657526575,0.0594540604542339
2024-12-18 02:01:19.901925,14.97037180319268,40.79143216023131,738.9293864687127,18.89124265942979,0.021092339907106905
2024-12-18 03:01:19.901925,10.8411142896173,70.09694910190306,760.7867505314891,22.179794366280134,0.06158828580604772
2024-12-18 04:01:19.901925,8.113123443299926,32.07065672743131,1048.1646851344751,22.27921001556914,0.4042108996017677
2024-12-18 05:01:19.901925,9.043462245185601,53.2905803768119,710.9607575368545,2.5633976263050604,0.2080345820319941
2024-12-18 06:01:19.901925,16.422688505299988,84.0138336630888,211.91421952152558,17.66877129847889,0.35386174720239305
2024-12-18 07:01:19.901925,8.393188762708677,50.5116206038666,419.8563916952534,11.33195839453297,0.029424183499260095
2024-12-18 08:01:19.901925,10.862329695819879,80.80362181759958,689.4301238310912,10.348777127646212,0.013133530916638476
2024-12-18 09:01:19.901925,12.339254751661187,48.48136910110537,668.6076309269099,17.200842782970888,0.12252129328257794
2024-12-18 10:01:19.901925,12.795235375345555,71.5197083328193,733.0365729305374,5.902565734908471,0.03544675447861755
2024-12-18 11:01:19.901925,13.458658740238077,86.94077354200638,370.3456223619636,13.2178120281802,1.0235933341821273
2024-12-18 12:01:19.901925,14.64847212009889,80.04974293025393,370.1421713550891,8.677922943365285,0.36189680567641014
2024-12-18 13:01:19.901925,11.18740471480887,84.88050352410214,222.16240440623517,11.463789611258925,0.037545817979509115
2024-12-18 14:01:19.901925,6.5738798969563526,48.293885196124144,682.7968868178936,13.2378470365957,0.9870598696732986
2024-12-18 15:01:19.901925,11.937127982080883,76.83168144371078,444.3511465390613,5.015105369793174,0.006043049340298107
2024-12-18 16:01:19.901925,19.22027803791017,43.854278044982706,894.0462601020807,3.691256356027368,0.013988463645678927
2024-12-18 17:01:19.901925,13.332011377436572,41.593077399099066,355.90516819125685,15.42425481508966,0.4847800731561167
2024-12-18 18:01:19.901925,9.222743627425666,33.52297466534026,367.7873932337891,10.285355718106935,0.02692462810910472
2024-12-18 19:01:19.901925,7.798839067607613,67.40741461718915,639.8625998843797,10.050655151945818,0.10505463978571067
2024-12-18 20:01:19.901925,7.36576029113535,58.377793683753005,764.8843630432815,2.6768374956964154,0.6892983189436743
2024-12-18 21:01:19.901925,7.478368106732376,31.51257368266184,569.4029307959762,6.638173226041669,0.011186267433185576
2024-12-18 22:01:19.901925,10.176154119218396,61.73826338103453,452.1054555412391,10.958730317954757,0.17783631225603533
2024-12-18 23:01:19.901925,16.600673737644335,37.78573880999198,826.6705776280864,1.9964285857481219,0.4346034778213831
2024-12-19 00:01:19.901925,14.375372448781276,88.63886922813124,393.44865915001265,3.5875143016306072,0.09277356331123364
2024-12-19 01:01:19.901925,5.323548154126504,38.04637547545065,608.2046418914005,17.45847230544886,0.013077648607613016
2024-12-19 02:01:19.901925,9.813941421974372,48.231579740877876,380.86341196674744,11.872317009569041,0.15109055365351157
2024-12-19 03:01:19.901925,6.264149034720971,62.05698402548992,311.1851646360862,9.151273425990633,0.01284877542470464
2024-12-19 04:01:19.901925,12.514917736450458,51.94526287754313,495.2302455824471,10.806337898850472,0.15186117520877396
2024-12-19 05:01:19.901925,4.845039313978267,88.18690868985442,423.69279317359417,2.1598742745076387,0.12931495890387923
2024-12-19 06:01:19.901925,7.8174273994147185,61.914075160604604,583.853084825238,8.92456492936489,0.5089289434961469
2024-12-19 07:01:19.901925,9.462405660699156,77.80609514702493,536.2764779744695,3.140225109176189,0.3921825790420512
2024-12-19 08:01:19.901925,13.222791817500074,35.02357149821522,1255.5821679951073,12.384372409190851,0.003616194196568964
2024-12-19 09:01:19.901925,14.841911082126103,40.71778307493854,455.2949207386182,1.531562384316691,0.10745722394973718
2024-12-19 10:01:19.901925,14.102634789501966,57.085329205877755,596.4159671880606,24.064697145476764,0.07056918816670213
2024-12-19 11:01:19.901925,5.258874389251882,60.32824279280793,732.6419615665377,8.777371866265515,0.3292357067896633
2024-12-19 12:01:19.901925,15.002809007330335,39.87653521835236,280.4410003111111,9.897934252101354,0.0830452676346481
2024-12-19 13:01:19.901925,5.46247235661102,66.71225579816641,475.36640914654583,6.718658486601507,0.4069809230123002
2024-12-19 14:01:19.901925,11.195858311860546,70.68562930324617,571.7581635647679,12.020332270495835,0.4378942868051908
2024-12-19 15:01:19.901925,14.185524131638113,75.55195673930233,518.029847192308,6.279308830373936,0.6126298595577737
2024-12-19 16:01:19.901925,13.055197447343215,71.00899855179462,576.2841139333115,4.617060942516973,0.017181272347126166
2024-12-19 17:01:19.901925,12.499462502198908,46.25203579592049,528.147662137465,16.905547354069647,0.20616791249407954
2024-12-19 18:01:19.901925,16.22038222732617,89.33886087546601,284.630489328881,4.801751442759578,0.08291591775079327
2024-12-19 19:01:19.901925,12.772462140500172,54.3376333324566,622.303667713073,5.387596222735458,0.043503625886718494
2024-12-19 20:01:19.901925,14.488051629727686,56.46700361231555,168.04442222312122,2.996976712856183,0.3204829561869286
2024-12-19 21:01:19.901925,13.108430444230905,33.5067285529214,327.75240928674384,15.461725338698812,0.2581102818738033
2024-12-19 22:01:19.901925,6.842774005312943,83.39534837526914,692.1021033428707,14.26981678544908,0.18087265172996478
2024-12-19 23:01:19.901925,9.20719993237159,41.044628021789606,418.916199866408,7.634794646163112,0.4749068912867582
2024-12-20 00:01:19.901925,8.180989810842249,63.29756288515039,435.1811367165026,3.213774183574393,0.048725559583185356
2024-12-20 01:01:19.901925,7.5120734283364605,85.83558761766739,557.242807187193,14.811560335447977,0.08936961746607425
2024-12-20 02:01:19.901925,7.827017885109521,48.099376626468164,444.0160604923102,17.77980545552158,0.4755479356674468
2024-12-20 03:01:19.901925,11.132687720921151,86.02464296253707,408.2375987847138,4.1120103814394495,0.028486657110181526
2024-12-20 04:01:19.901925,13.788887559332526,33.24175361958387,373.0253365902172,9.144571422227513,0.0503294154021621
2024-12-20 05:01:19.901925,10.767765974013987,31.847723970144976,637.068762329269,1.984449197409826,0.1708107749170654
2024-12-20 06:01:19.901925,3.9204922762927588,33.554252938794534,25.97154950385834,10.08838404296383,0.18105681588594089
2024-12-20 07:01:19.901925,15.596114505465078,57.24085991683334,477.71868732891534,9.874732276018634,0.1725538607371993
2024-12-20 08:01:19.901925,14.373178435861357,42.84865222771689,265.3538825479066,9.914567462663996,0.46628188314512165
2024-12-20 09:01:19.901925,11.85994644780803,33.23533655910232,366.6313722887823,17.381149290797204,0.2603378165782019
2024-12-20 10:01:19.901925,12.036113806671827,60.621882706490695,433.13039491047266,10.102943703838651,0.01583629920485465
2024-12-20 11:01:19.901925,12.681623777888284,61.566754763032705,711.324446538131,14.04883506394659,0.6196559225252991
2024-12-20 12:01:19.901925,15.334309114388875,71.67228595167379,546.7537380790204,2.6180587652435894,0.004013160145726552
2024-12-20 13:01:19.901925,8.623104515219207,74.04853450397358,615.2802094220879,12.858981029307404,0.3523254957851697
2024-12-20 14:01:19.901925,13.39451983844175,70.21538490778879,114.80961718907156,13.770917652477142,0.13608789043983083
2024-12-20 15:01:19.901925,10.415090842833445,37.4681368435652,431.72371970892056,6.69857821708154,0.033560501495181645
2024-12-20 16:01:19.901925,13.430260435137708,62.52211174992631,818.6565873427257,7.643652853770455,0.9646759381210451
2024-12-20 17:01:19.901925,8.842358387747002,39.208547028806244,222.33957724478438,2.430684985051762,0.023300924653488236
2024-12-20 18:01:19.901925,5.537650063828587,61.47718402932756,782.258694862586,12.009341692702726,0.04069961584641513
2024-12-20 19:01:19.901925,8.713995756318262,36.457044594054864,358.1605491426511,7.10987080184503,0.0028805474314264026
2024-12-20 20:01:19.901925,13.979445727649368,67.59673378199699,440.58773638495046,14.289983111504206,0.4476338346953186
2024-12-20 21:01:19.901925,13.316732387799473,34.65112936892491,548.5845234626752,11.342821106661056,0.19129953574734881
2024-12-20 22:01:19.901925,14.59308153950319,63.08835226220354,614.9686322202447,9.938352534400197,0.21557312606508583
2024-12-20 23:01:19.901925,11.060947069720852,37.63060195124553,458.3608853826267,1.357551812081807,0.10710492859957262
2024-12-21 00:01:19.901925,7.545741458592801,30.060066190681262,653.8339925727878,8.78496288265017,0.8190660988046123
2024-12-21 01:01:19.901925,6.694586652654285,79.17009062757992,560.0540562148315,9.406704687823508,0.1260335115627395
2024-12-21 02:01:19.901925,8.903031161136509,44.53413330252957,438.0928224717476,2.5086021916335333,0.3596301383086869
2024-12-21 03:01:19.901925,10.781851985019166,78.06669713650027,223.44496394654476,8.503843977729904,0.1808874917259954
2024-12-21 04:01:19.901925,11.762284596139954,36.0812901029136,406.61826587976833,12.07797163938273,0.3794333438536527
2024-12-21 05:01:19.901925,10.389563908390361,87.7098171582528,615.3293298467166,2.6261392712765153,0.09337032813630787
2024-12-21 06:01:19.901925,13.322328254276512,35.375367038502276,736.7799838950505,3.6111206987043145,0.19849307014487927
2024-12-21 07:01:19.901925,7.7535425249585535,81.72015650155845,735.0062819302865,8.870840673190886,0.08568199663353247
2024-12-21 08:01:19.901925,9.820393467825287,66.93096840750403,537.1222666229603,11.439014173682342,0.21918773929076815
2024-12-21 09:01:19.901925,9.159835742460086,64.54590974052607,723.7469694223009,15.22410471283509,0.03794246641257512
2024-12-21 10:01:19.901925,12.023323860780081,33.696958672513745,675.3747362130229,14.095090567820236,0.3904205082164515
2024-12-21 11:01:19.901925,9.185856823803839,78.63327550287991,856.3083856165124,6.674454114882048,0.07280449063035906
2024-12-21 12:01:19.901925,10.244683645609449,69.77381508848292,203.65597123186637,9.438426738155398,0.6114418795644601
2024-12-21 13:01:19.901925,13.534699704264728,67.66228695512822,779.4631195832228,7.957835301496692,0.08456898226094825
2024-12-21 14:01:19.901925,9.479052358650788,46.100843930926786,414.36133986947505,2.4678406147416543,0.3448216309939525
2024-12-21 15:01:19.901925,9.763246135452416,34.72313254359718,727.9820655300653,14.4120395539365,0.007231193196891285
2024-12-21 16:01:19.901925,8.838452670746584,57.636582398794566,409.7878661210628,4.879131450969992,0.023218375527211746
2024-12-21 17:01:19.901925,14.879185018026588,56.00199547904588,312.21332921600106,4.459177224507331,0.18347243552307935
2024-12-21 18:01:19.901925,16.401060817099236,51.006724943936064,235.9175922724723,28.247070272848017,0.0969010098645187
2024-12-21 19:01:19.901925,9.939531804747382,38.76049802209099,627.6792474064952,6.208750736501538,0.33487239179639827
2024-12-21 20:01:19.901925,9.99350532270876,34.21576673978467,474.97128984324354,22.39210061097145,0.14889739739993588
2024-12-21 21:01:19.901925,13.941347254750294,85.78787038316051,320.91792530620546,8.648052919699122,0.4068822711088448
2024-12-21 22:01:19.901925,4.339462350971525,47.08135259927285,748.3235534851359,6.462719919899239,0.292574038715315
2024-12-21 23:01:19.901925,7.038266215580847,67.69421008896714,338.6136624317804,11.452599804230879,0.14975519155312786
2024-12-22 00:01:19.901925,12.600276094627379,40.97218583818415,644.92479768366,9.480023733642138,0.21961007795275803
2024-12-22 01:01:19.901925,14.849964567812982,51.72356981901659,565.3761936589119,1.919715528401483,0.3909608359394181
2024-12-22 02:01:19.901925,14.211820234879422,54.33727563141795,487.0487989074196,6.489729092940659,0.11129287727906477
2024-12-22 03:01:19.901925,10.736571850772275,48.33123718218691,386.8148127187898,11.00932546249189,0.02416350953317095
2024-12-22 04:01:19.901925,14.68154493542215,50.801905538188265,355.5278292687324,3.0283652122027105,0.12093362719383734
2024-12-22 05:01:19.901925,5.207974980258721,44.46101484545679,673.652170086657,14.624757590230049,0.017652798138069456
2024-12-22 06:01:19.901925,13.243496956247192,51.94319492661092,897.2529989124091,10.781363959141597,0.053695160046005636
2024-12-22 07:01:19.901925,7.4029066913090205,37.07044657540466,561.5068043382494,3.9480277408852364,0.05242399433324272
2024-12-22 08:01:19.901925,17.568857607363526,88.47649057834607,609.7694218290424,6.416776887558683,0.08413749303018356
2024-12-22 09:01:19.901925,15.860742650281512,61.384525066167804,505.3845513100231,9.233651599056598,0.2103882015993965
2024-12-22 10:01:19.901925,7.7359783716480255,88.76682731419899,276.36898984186854,7.155537881845718,0.0915304812834871
2024-12-22 11:01:19.901925,11.514567852483953,71.8606745423651,548.8796435896434,2.9599661600842815,0.11019881805027638
2024-12-22 12:01:19.901925,10.536329076573693,40.85946628765098,348.00497357594656,4.265546636886343,0.2267819826434764
2024-12-22 13:01:19.901925,12.972545873443067,66.0100335766853,583.5793451389692,14.78107532158073,0.016680140756859054
2024-12-22 14:01:19.901925,12.350501754770272,33.633258063292836,330.562439936223,3.576316708812946,0.018254231792807208
2024-12-22 15:01:19.901925,8.24310899300248,55.75431493158611,616.4837791243104,0.7550642588364059,0.14423757370968507
2024-12-22 16:01:19.901925,13.96050849169465,67.05587646348062,504.0933762828208,4.428529338220474,0.15442288040823104
2024-12-22 17:01:19.901925,15.611322457591175,35.45064959545187,470.6299242195758,13.244346037216424,0.04135903627026245
2024-12-22 18:01:19.901925,7.131523832067111,34.84114465356403,700.4239723085813,11.515428513038902,0.1288048475820719
2024-12-22 19:01:19.901925,10.129512280074785,55.9563728984829,998.4966074306319,11.73797315598543,0.1979939802513765
2024-12-22 20:01:19.901925,12.445310140150951,36.54898789248391,195.0337161510608,14.168840002670036,0.0623363007169796
2024-12-22 21:01:19.901925,11.612862359254699,44.17928434117007,949.2569886278658,9.50589270624757,0.017320519656281973
2024-12-22 22:01:19.901925,11.216622137593847,80.64943111814338,287.28829775409304,5.8676490734037,0.013233134385485998
2024-12-22 23:01:19.901925,8.862856687426019,66.8848497969326,507.32284492852557,2.815527593564723,0.10608021713052469
2024-12-23 00:01:19.901925,8.188653299241452,41.84897497920239,589.9361400003162,12.970573681858315,0.015525702542816922
2024-12-23 01:01:19.901925,7.31556012872209,78.40119284997215,882.2503205486648,11.258264155797026,0.1896200029593049
2024-12-23 02:01:19.901925,9.782698439948975,51.293630942209575,399.3361738802832,3.5148322878801426,0.05440365219583398
2024-12-23 03:01:19.901925,9.661569671252414,68.17242357386942,416.261847177909,9.108896087735202,0.06936498446292622
2024-12-23 04:01:19.901925,9.361034287784337,64.47665475325141,254.4875229871964,9.45063288017093,0.3695297464713785
2024-12-23 05:01:19.901925,10.875999299143235,61.908306416930316,0.0,14.727545111205561,0.24834884217560727
2024-12-23 06:01:19.901925,6.651617879907164,83.71434790234214,304.4461343321325,5.277846541276646,0.015798615128705434
2024-12-23 07:01:19.901925,12.177063618406695,36.04921634306371,510.0645185709112,5.116081355959395,0.07195168717120014
2024-12-23 08:01:19.901925,14.130078033106884,32.81913706055193,210.91339071637003,9.434453358990375,0.0547897539281677
2024-12-23 09:01:19.901925,9.051162579609189,68.40468051127532,546.0765283644262,5.662522096222914,0.03880074787719728
2024-12-23 10:01:19.901925,5.56162511238977,32.14182672570643,720.2692084969149,10.295644084951785,0.00991860833382277
2024-12-23 11:01:19.901925,7.98318686328993,62.65087867897696,240.00320377347236,14.032726251923906,0.24175435297447923
2024-12-23 12:01:19.901925,11.78754705564383,54.780732887300175,547.4366763514471,4.26980555121456,0.06391847845790213
2024-12-23 13:01:19.901925,12.895249716860624,68.03907401329131,390.1487917183334,21.4683497582705,0.10661799597503444
2024-12-23 14:01:19.901925,14.65200700952381,61.513632657500025,633.066086038388,9.977141978431042,0.6862163061739319
2024-12-23 15:01:19.901925,14.246051607450237,48.509228622095144,143.10998184363507,2.8071463642607175,0.021757348054497222
2024-12-23 16:01:19.901925,9.616165229849338,66.92098446138026,426.32257826050164,9.661689360875613,0.01615240900917692
2024-12-23 17:01:19.901925,10.166439895474886,44.09766497865088,210.8517996355293,8.955621461591045,0.027015724721442876
2024-12-23 18:01:19.901925,10.017993074216259,60.99933043851398,683.3567220766481,11.94423948796018,0.10449328125301725
2024-12-23 19:01:19.901925,10.40688659386591,31.22215988111116,334.39327084070726,6.50586565719825,0.11255027892118488
2024-12-23 20:01:19.901925,6.265096759019026,35.528916879415945,558.0048753457153,4.098622559529769,0.04156513421584565
2024-12-23 21:01:19.901925,10.688648478137722,57.565310118523755,646.2201532132908,6.3097635823389755,0.0892326875592648
2024-12-23 22:01:19.901925,14.02364910193724,32.65950387580357,480.6398953522201,4.750204300498411,0.018046101673440573
2024-12-23 23:01:19.901925,8.38563174410959,56.49365333505064,566.4326289455639,18.461232507453314,0.22808040143450767
2024-12-24 00:01:19.901925,11.614989888290477,43.90234094829389,712.664778243507,9.134226457239334,0.11373658954051025
2024-12-24 01:01:19.901925,7.428649959973259,56.66303219853728,198.19572240022927,17.340010308872877,0.09166237940556708
2024-12-24 02:01:19.901925,9.244860475117626,85.1335727592354,398.9159450223564,18.040333498477757,0.1769935372027318
2024-12-24 03:01:19.901925,12.484417176252046,71.75345160582629,275.7490650400422,11.270668969630151,0.013942128803475588
2024-12-24 04:01:19.901925,13.729170800196336,33.368363665476444,235.1323427195111,7.1973590203180855,0.057406443454763326
2024-12-24 05:01:19.901925,11.265339259688488,59.745465378588165,613.7482313623028,7.403369136176874,0.352235033053419
2024-12-24 06:01:19.901925,8.679133519151842,36.070316768278815,304.5699487338604,6.687018825455916,0.21985305066464986
2024-12-24 07:01:19.901925,8.233416571076015,61.00934310429346,101.35581996568351,11.72838125274957,0.08434370600354553
2024-12-24 08:01:19.901925,11.997088785794302,51.16742326709056,569.3767635437231,4.962099098132241,0.12749284769528663
2024-12-24 09:01:19.901925,11.26373359370875,55.05159420358152,218.88851727769065,14.42526144212657,0.4324750378550765
2024-12-24 10:01:19.901925,15.920369702844987,88.84653596283178,603.9291875981575,8.98728253569685,0.10380153660225365
2024-12-24 11:01:19.901925,4.881657808294708,74.71604633278073,684.7707159077424,5.196972104535558,0.07066883961210074
2024-12-24 12:01:19.901925,13.136140046669947,42.00173928719018,278.8562125253708,17.50955782676143,0.0319624823479101
2024-12-24 13:01:19.901925,13.704130136901174,36.4793312559779,662.7320873032527,11.575488889135352,0.1276485283841797
2024-12-24 14:01:19.901925,9.72935771542225,73.2598554832008,356.736766664652,9.135096329484458,0.5445114555302955
2024-12-24 15:01:19.901925,8.646930202404464,81.67924686600783,535.2961603630911,1.9803031503376103,0.24055530371466272
2024-12-24 16:01:19.901925,3.407046585895859,76.50475246874902,417.56660391124365,13.272758261103101,0.055765677147736836
2024-12-24 17:01:19.901925,12.402092419482454,88.16605838542257,611.8319444028106,14.937474919710667,0.37079600884712627
2024-12-24 18:01:19.901925,10.783193966128874,47.278817287570234,79.08101247672914,10.775299115855145,0.07985504457567517
2024-12-24 19:01:19.901925,14.456861910936079,70.17188071018609,207.24947081852002,4.649659199150403,0.011035497546750504
2024-12-24 20:01:19.901925,14.634622638764535,41.96785126089516,413.36084173144553,5.2488502976829965,0.034116854068443864
2024-12-24 21:01:19.901925,11.07541451194113,50.015439567714076,880.9550099029714,8.276385976379142,0.08571692815416972
2024-12-24 22:01:19.901925,7.72754497706847,56.83631285938286,608.7084137595552,3.049299539867119,0.02114530678903738
2024-12-24 23:01:19.901925,9.631669673788847,60.47675997769261,368.41355922445604,3.2392907116755816,0.031406755988411784
2024-12-25 00:01:19.901925,11.615474160963213,83.5374530346352,622.8388291965857,3.072933509012203,0.06148125870464234
2024-12-25 01:01:19.901925,6.199972253503841,46.03076973314367,544.2822295154158,7.314120986090139,0.07794210917827837
2024-12-25 02:01:19.901925,5.3698797432465435,42.23662952074697,509.54509235017474,6.2012791845138,0.620929163329719
2024-12-25 03:01:19.901925,9.428979076973667,56.14858313528081,593.6982088391579,12.798534308975853,0.03200806540637659
2024-12-25 04:01:19.901925,8.519975310185167,77.915287989962,340.16305330541644,12.957529263715877,0.10124818147482591
2024-12-25 05:01:19.901925,9.581792822957935,63.914549711419454,529.8582200710192,9.526162470462172,0.030579892133471804
2024-12-25 06:01:19.901925,10.66503367191491,73.07126346543373,687.605470641198,1.0529630484632932,0.15944831166667134
2024-12-25 07:01:19.901925,7.763293185063332,35.98564877265999,331.7914148068253,5.463516142530881,0.06489028350214178
2024-12-25 08:01:19.901925,12.774892173203952,73.92784439551261,453.363096774515,9.491906933217455,0.22447982736306496
2024-12-25 09:01:19.901925,8.173167895557526,53.27377843506967,793.7099935105551,4.514523787545496,0.3725231288467917
2024-12-25 10:01:19.901925,13.052223688937485,49.36337284309276,726.3131058958099,13.065985015489376,0.24025989369935294
2024-12-25 11:01:19.901925,6.128670929217306,39.800683457303066,752.3309905894217,13.069554500268696,0.02122143391196804
2024-12-25 12:01:19.901925,7.996242519141179,83.66195263303382,545.1482751689878,7.314110240974891,0.40901089920592826
2024-12-25 13:01:19.901925,6.249353331606968,61.71350609768656,675.9950146822545,3.962259032393413,0.4314140729023985
2024-12-25 14:01:19.901925,11.193022730640976,86.97060734177879,366.0722810005767,12.930412085941605,0.3791836104657611
2024-12-25 15:01:19.901925,15.3624490453271,88.66495536302591,481.0040333198129,15.532485149802957,0.06729133051817661
2024-12-25 16:01:19.901925,10.720959980005844,89.20311700131202,687.975519690453,5.555410911625923,0.15490622889111333
2024-12-25 17:01:19.901925,10.037381287285394,64.25160926261071,468.74549068659826,12.614375679982409,0.07453855557772725
2024-12-25 18:01:19.901925,11.032389093232874,81.64924791589148,687.5472145375323,12.591668249718335,0.332465246726706
2024-12-25 19:01:19.901925,13.552916601210232,73.4381485807318,530.7453184210951,11.891541379539232,0.055077794567770004
2024-12-25 20:01:19.901925,9.266870479598776,68.01811794226934,324.5463923154214,11.581692439375555,0.191510964626036
2024-12-25 21:01:19.901925,15.129554564627236,84.49313075146982,447.9478566246164,12.696866225405078,0.3983127240568795
2024-12-25 22:01:19.901925,11.172659474589897,45.99983654849407,617.2793629669774,4.939550279223725,0.0648109587773533
2024-12-25 23:01:19.901925,14.086225082040153,38.964988664725446,114.6093370580623,8.832397456148977,0.4509927209356276
2024-12-26 00:01:19.901925,10.853225940008086,69.99658057451217,967.2693980340505,4.206423059096666,0.02981257245590387
2024-12-26 01:01:19.901925,8.550820128113926,37.208119105626125,665.7461978347645,0.2884121337740793,0.1571174881414431
2024-12-26 02:01:19.901925,11.395740369045747,46.4492607283901,706.0492190886935,11.50395993684131,0.11972034093646716
2024-12-26 03:01:19.901925,11.096776767965755,49.106592615090015,224.5932826759028,7.030076910695049,0.04145880627125223
2024-12-26 04:01:19.901925,4.3832519290698375,85.28871495865448,272.46381544626814,11.58429509435013,0.10116430916841522
2024-12-26 05:01:19.901925,13.133249887335571,61.7174035614752,438.02441360829147,1.2443915778586143,0.043508325406026005
2024-12-26 06:01:19.901925,13.879714483572837,74.68102507120923,704.7934756366972,12.310513937631217,0.007965235310717298
2024-12-26 07:01:19.901925,6.572839044826483,33.30086534041258,480.8587593931764,12.096654208113586,0.0539360631124889
2024-12-26 08:01:19.901925,11.407572652655958,36.977741555975186,746.3581540921338,4.521972424745978,0.540810335398137
2024-12-26 09:01:19.901925,14.047252190375211,32.18132864078285,536.4043640771592,9.38161785724586,0.01332809418903703
2024-12-26 10:01:19.901925,9.883167886690599,71.8500390599317,385.4160369955182,3.1886372886583327,0.26478761014961716
2024-12-26 11:01:19.901925,10.626011227338102,60.821902145040724,908.5056502762244,11.259511905142592,0.09297393808730531
2024-12-26 12:01:19.901925,10.658768991821617,46.326334058445546,132.42069798822502,11.308561173821852,0.34321651703525274
2024-12-26 13:01:19.901925,10.11244671111428,64.57548555689417,364.7289088148738,3.8545072870513337,0.39460566932011915
2024-12-26 14:01:19.901925,4.294366415072222,52.6972012890113,492.4577282400593,13.399099227198628,0.061153239076582266
2024-12-26 15:01:19.901925,10.113106804578429,86.97828507017641,243.43158814884094,4.311103878296559,0.10191177747617547
2024-12-26 16:01:19.901925,6.385401375876116,68.78553359396753,474.84484095916633,13.655381956908656,0.05037799456016448
2024-12-26 17:01:19.901925,11.632079920466204,40.779168758011494,731.1555481827696,16.553751527914173,0.6140677808462877
2024-12-26 18:01:19.901925,3.1342883571108633,30.088067941082098,660.6558709282805,5.5684811362413456,0.28841058135170916
2024-12-26 19:01:19.901925,11.77147171057846,63.47428374707936,257.4754312806356,4.2838465424205925,0.6604002286470049
2024-12-26 20:01:19.901925,11.316546997611763,57.208282789083114,713.0461195872721,5.244509700550999,0.08629097053501437
2024-12-26 21:01:19.901925,9.643496973585334,69.75318407477823,517.6580937056068,4.935127470876489,0.3250275114814024
2024-12-26 22:01:19.901925,6.677449575373891,39.11117540495835,541.118645657804,10.79272864152699,1.3100002858698212
2024-12-26 23:01:19.901925,11.595542532491072,43.62469269854764,521.0973947392984,11.1886799260396,0.6104120606103571
2024-12-27 00:01:19.901925,8.691860655096127,52.2684642548585,564.8489693927884,5.377546597842909,0.1717962783583189
2024-12-27 01:01:19.901925,12.618676776575608,38.28887668416772,695.5769056944666,5.478228082801194,0.1888088027903968
2024-12-27 02:01:19.901925,5.863083092473088,79.23142826239534,237.01102659087616,6.113056239050358,0.04547733707646172
2024-12-27 03:01:19.901925,14.094282947098534,62.67033290060546,520.4260266252741,7.897572147009941,0.13229897797922494
2024-12-27 04:01:19.901925,8.671424131488997,39.610177716177745,733.4303772864005,9.32930295979975,0.03207743907355992
2024-12-27 05:01:19.901925,10.304643003365735,34.20365941412666,385.2505795644898,5.75999158142266,0.22053908894206598
2024-12-27 06:01:19.901925,12.882616509126878,43.18746718795344,343.7460494442382,9.9864244592135,0.11515812500002504
2024-12-27 07:01:19.901925,9.680907718048447,82.85299085201873,327.77558201835296,5.084230571192169,0.09415037175939017
2024-12-27 08:01:19.901925,10.35027017185712,58.02536283887579,693.8592965879221,12.137456562159109,0.12828523303689757
2024-12-27 09:01:19.901925,8.978464846789455,76.31584188994856,257.86350505765756,14.70245262639017,0.16766082244976477
2024-12-27 10:01:19.901925,6.803342588901192,64.51873499562721,439.4082512087039,9.41658018543933,0.36949615976752587
2024-12-27 11:01:19.901925,12.772211520688064,34.90455569301962,350.95643244295485,7.8737086593130154,0.34258948270372014
2024-12-27 12:01:19.901925,5.574091872218113,67.32366177905661,424.08605102251573,8.742286256466421,0.14065234941329682
2024-12-27 13:01:19.901925,13.777438059840224,41.55889953847971,726.6266787158063,8.885420694309994,0.9179680817075089
2024-12-27 14:01:19.901925,12.105664081527754,44.415309083372904,811.9644006064235,0.9266071949496599,0.26322808006971754
2024-12-27 15:01:19.901925,9.936802264905637,40.78701251899468,330.3025460986104,7.127308454382028,0.01015940212754463
2024-12-27 16:01:19.901925,7.132803164240906,86.40002836870451,399.81733293130554,7.08296947723666,0.0974819520341648
2024-12-27 17:01:19.901925,15.48009177706016,30.634311441934486,496.34795199899776,7.450946554459856,0.036113190268871755
2024-12-27 18:01:19.901925,7.183954552086964,33.47651235916494,267.0938294302349,15.78349452865876,0.043229998246250505
2024-12-27 19:01:19.901925,12.942071211012234,43.30353261981165,801.635035255923,3.33325161461726,0.1876003497059173
2024-12-27 20:01:19.901925,9.063576056298977,52.90420807276905,381.1963742179155,9.501621593618184,0.2368652258597499
2024-12-27 21:01:19.901925,14.057903453143958,80.8272102694975,911.5005888393958,1.8880871577941072,0.04173452647084116
2024-12-27 22:01:19.901925,17.56591962222918,30.33083740268057,701.2930292111563,5.5095291628012175,0.2769749348806828
2024-12-27 23:01:19.901925,7.329812847261553,54.30283954064887,671.6989953145915,15.11339091696274,0.02060207782350143
2024-12-28 00:01:19.901925,5.65541665136881,33.58343487884658,529.4789822311341,2.8927319584898674,0.15270433558407304
2024-12-28 01:01:19.901925,15.640507833231478,58.9843644887601,306.13239370794844,8.332063929688973,0.17630300765376516
2024-12-28 02:01:19.901925,14.133615491825832,30.316771837667304,349.6647810835675,8.95572181827659,0.17777190032619483
2024-12-28 03:01:19.901925,9.128400811680217,32.53368601335605,564.511780346503,8.588135417214888,0.02006593526217309
2024-12-28 04:01:19.901925,10.1968095672953,74.21935998208639,359.5334582283782,9.499455553887747,0.029702478908646714
2024-12-28 05:01:19.901925,11.60669081271572,66.64193239569536,765.6065270503482,8.519694519743537,0.03419519823209279
2024-12-28 06:01:19.901925,6.230371707234658,80.23103895416745,924.6382307466379,10.278609757528422,0.19816576021183618
2024-12-28 07:01:19.901925,9.474345534003673,51.378541103100446,209.41383860154855,19.032526692155358,0.221180202093189
2024-12-28 08:01:19.901925,13.676186282716994,71.56649373090076,313.1546325564427,12.462255017944576,0.36863383224245266
2024-12-28 09:01:19.901925,6.927848403240667,88.38363027221124,98.66142996387686,7.420885247973753,0.08138425254761118
2024-12-28 10:01:19.901925,13.191239287611669,44.47217739362242,438.046767363369,7.741956351075521,0.2923077330033928
2024-12-28 11:01:19.901925,9.696361363678566,66.17996391651124,502.9810907669317,10.479190628630914,0.17082894664174106
2024-12-28 12:01:19.901925,8.459597487015158,88.19690535179544,508.13177344560916,9.215242735196826,0.2335009769205393
2024-12-28 13:01:19.901925,18.27689712824587,61.556175693414616,699.8283755764279,4.338194790638885,0.17257782476434683
2024-12-28 14:01:19.901925,8.174950209207477,71.38979408427085,159.44047574337634,2.7672189689687556,0.2145323425244784
2024-12-28 15:01:19.901925,12.359739665488538,50.71463159193149,538.6705036688343,7.704690450824733,0.5039643256256249
2024-12-28 16:01:19.901925,7.652836433532695,68.02984823581772,425.2452262770821,2.588537949498912,0.11205169864001968
2024-12-28 17:01:19.901925,11.134177880837205,31.914470322096143,76.62358733173608,0.9815419018713949,0.13827478842077873
2024-12-28 18:01:19.901925,9.298506796246667,31.65651969952991,272.6467147154137,8.911142406432882,0.07286038404772786
2024-12-28 19:01:19.901925,5.898443978961304,76.94022152475091,769.2224577829207,7.227293028872584,0.21647772751846
2024-12-28 20:01:19.901925,10.549759853597863,71.44418942049086,473.22080799584035,7.376426829063978,0.041771816379383
2024-12-28 21:01:19.901925,9.948083830798229,43.74433998976782,411.6340979133795,13.54509868972315,0.019257108788332034
2024-12-28 22:01:19.901925,12.617255722676962,77.45115606056311,186.46507979485926,12.365832538459458,0.22660963585971575
2024-12-28 23:01:19.901925,9.966387674498698,47.85820624620689,559.4138722683944,9.09399838011479,0.09634794494882973
2024-12-29 00:01:19.901925,3.759998564183837,59.779811955748656,653.4088167794565,15.040519729390603,0.1706603999736743
2024-12-29 01:01:19.901925,10.34637052785233,58.22443893015094,482.4672654245997,5.423851495653183,0.1107794106672011
2024-12-29 02:01:19.901925,10.84825096798293,77.13614985346908,922.3374590810785,6.659623843669284,0.23382770036500822
2024-12-29 03:01:19.901925,9.913117609330145,49.09880778346697,750.9999788611984,5.621156129423395,0.00435304449446677
2024-12-29 04:01:19.901925,6.357025932180985,81.43681722250312,279.15182277295804,9.028289178567475,0.1725551840393559
2024-12-29 05:01:19.901925,13.512804641435412,71.35196006314439,420.04520981480016,5.795590790471785,0.09049315954638917
2024-12-29 06:01:19.901925,10.919635967407737,85.71190135942824,324.8357580011782,8.60566593622697,1.0207280061224115
2024-12-29 07:01:19.901925,9.89970625706747,50.59740583549411,244.2680323106875,7.8658860916958435,0.10225750684527962
2024-12-29 08:01:19.901925,12.732759243779284,77.10049646208078,696.3586804347484,10.731240768464726,0.05813702861427107
2024-12-29 09:01:19.901925,10.23389718493172,79.21535531889973,440.6552175618399,1.4628839796565873,0.21140379304278623
2024-12-29 10:01:19.901925,8.056689158719305,33.173480106634315,177.51143013930584,10.996331101135294,0.17037848695791313
2024-12-29 11:01:19.901925,10.6001952180363,40.743321010962774,595.1254595418327,7.856897181532437,0.11881524744417715
2024-12-29 12:01:19.901925,8.491734198586812,41.414124010541684,291.87964936880803,13.449661224133376,0.9115922797100314
2024-12-29 13:01:19.901925,10.91158624703326,77.73444362124967,464.2793736251797,7.6464271715029755,0.06429568547956942
2024-12-29 14:01:19.901925,10.891982768478265,76.41117980277781,668.3807471808082,16.78935848843885,0.3090214701048365
2024-12-29 15:01:19.901925,9.568577243948246,30.683651687215036,6.142935620213905,4.915496998416642,0.09324786541961405
2024-12-29 16:01:19.901925,16.627405398965458,42.41892592583396,571.0913963885554,14.015902008110073,0.25940548379268485
2024-12-29 17:01:19.901925,12.350506783227974,68.43144890309104,226.77659010921303,17.37088126671724,0.0958444952220755
2024-12-29 18:01:19.901925,8.613906129456236,79.48225357492552,219.93784212513503,6.820465428602061,0.5115355660569006
2024-12-29 19:01:19.901925,14.354099320055694,60.745807294645296,400.41729200373584,4.68816309858343,0.02921794803004107
2024-12-29 20:01:19.901925,8.662202939847495,54.14254073020468,532.6531215165039,2.5187673869833027,0.29283418611009865
2024-12-29 21:01:19.901925,11.283405449870678,54.3237422697105,556.9327010580364,4.113753915781229,0.16642603233641912
2024-12-29 22:01:19.901925,11.84706167448405,83.77132335911473,374.5350373909807,11.656121689794507,0.06433297812026449
2024-12-29 23:01:19.901925,8.759077170222472,68.93583215049014,468.9091523197861,8.688691519589069,0.313684945698686
2024-12-30 00:01:19.901925,17.025949556867644,43.62567376859672,822.7496160812127,8.520898970426568,0.7975132274652388
2024-12-30 01:01:19.901925,7.1026567827168074,39.930459766519945,527.8389922243646,4.586446650397098,0.3634917253403747
2024-12-30 02:01:19.901925,5.084604964221133,56.820812773533426,638.7818634050097,3.7982837879844364,0.49741844466935936
2024-12-30 03:01:19.901925,10.572657539748471,60.02075914952786,606.0258248310615,12.107287253914823,0.1631513456206892
2024-12-30 04:01:19.901925,11.419843005854887,57.23488778473679,266.9127983385712,9.512167884591328,0.38282087827306915
2024-12-30 05:01:19.901925,18.59999310371492,68.17237609525928,636.9826466614638,6.269532260370784,0.008111786308123493
2024-12-30 06:01:19.901925,11.116778954748792,69.33692192526918,621.5073876818619,9.54451325178645,0.01075872081385113
2024-12-30 07:01:19.901925,9.698096079356631,31.809094294488137,432.14711862355125,4.907677937401576,0.05223182185989084
2024-12-30 08:01:19.901925,11.794872703720852,83.47683244663762,306.4947378428527,11.506426606361353,0.10046261301062437
2024-12-30 09:01:19.901925,5.35206247438053,45.25700776760678,805.1494402034633,17.859301044387976,0.16318873276576476
2024-12-30 10:01:19.901925,9.917179287413102,89.42334679951469,419.9024343302361,13.912342424535986,0.240559702844718
2024-12-30 11:01:19.901925,11.838280420438885,40.66947655820752,948.7265701721308,14.256556936816649,0.7889288552827748
2024-12-30 12:01:19.901925,8.286924767066552,77.12847625236081,547.4839765794471,5.5106659259956725,0.05441673920086646
2024-12-30 13:01:19.901925,10.725208219432826,57.58085852895188,457.93100977463547,18.12457576228135,0.4805426343587349
2024-12-30 14:01:19.901925,11.31410845500916,38.83381722828292,418.12901372157967,3.703542949640038,0.056143770159627696
2024-12-30 15:01:19.901925,4.956507983302963,77.51746090346535,604.0446717473069,8.091845151192755,0.035117762221421246
2024-12-30 16:01:19.901925,8.500052940580822,56.502721945376145,398.99879035017096,13.118831530846721,0.35653512159946577
2024-12-30 17:01:19.901925,11.724448740136372,39.7942859152957,562.0065566136957,17.33346861830856,0.25014063137230913
2024-12-30 18:01:19.901925,14.453770295822132,41.96610154960795,427.223955208226,5.554635902310902,0.20270442130249858
2024-12-30 19:01:19.901925,5.153459350932421,58.93197774780164,426.93180932420626,8.104633214969972,0.405392325855149
2024-12-30 20:01:19.901925,16.43044416595663,31.498407093729256,566.6423862347465,8.097081739929607,0.5667955962184085
2024-12-30 21:01:19.901925,8.398338281552594,31.18514523233339,235.76100013422473,15.40869603763613,0.00649442882464482
2024-12-30 22:01:19.901925,9.47000098106479,64.66664218818059,810.1313649880342,20.633699713011367,0.3067234438800201
2024-12-30 23:01:19.901925,4.933938944412953,36.438147277996066,312.6310669523989,3.255020723281488,0.3150800084982185
2024-12-31 00:01:19.901925,13.232663287653015,54.688814434723355,312.26441671967086,2.8488993139722147,0.5057534586187014
2024-12-31 01:01:19.901925,8.155101083073594,70.14369294924268,711.1118954763651,19.46468808239982,0.40976160996124655
2024-12-31 02:01:19.901925,6.120840509344635,59.712659125033724,469.1057340967238,10.066402154358354,0.0775564407677865
2024-12-31 03:01:19.901925,12.986599003529802,88.72633300979167,518.0649208488801,7.426508735132435,0.021656275311243534
2024-12-31 04:01:19.901925,11.77974046673918,37.92597673527172,696.2967127413024,6.153533211776537,0.056809663191806664
2024-12-31 05:01:19.901925,9.137705283234506,45.68647511194534,0.0,14.341305020044981,0.09447895646352261
2024-12-31 06:01:19.901925,13.765060208058841,83.70936126191228,572.4575591765503,15.503381135608898,0.02455966243434834
2024-12-31 07:01:19.901925,8.395985710202586,47.50661288115725,602.6203577860722,10.793942994562002,0.021752440465779527
2024-12-31 08:01:19.901925,4.994153939831276,39.00149447673226,978.9375495328501,13.107481638626153,0.17703083650651252
2024-12-31 09:01:19.901925,11.191131381767534,39.2768002033035,130.56507369665212,10.216890944299916,0.037387913071336966
2024-12-31 10:01:19.901925,8.369299556801252,87.98345584354168,389.2384042122304,7.538157466924437,0.18976932524555842
2024-12-31 11:01:19.901925,9.41762183331487,79.66199542969278,512.2571971398407,7.194739084117051,0.3881459556275083
2024-12-31 12:01:19.901925,13.467051289240139,56.03386637116939,491.88851906498206,15.512111956522403,0.04116247615177801
2024-12-31 13:01:19.901925,8.26436099663092,69.58293188151238,289.3532881706576,13.96041560344102,0.11513340017557648
2024-12-31 14:01:19.901925,9.360251449758088,75.71245344948339,126.50979035369494,13.127795934510505,0.26721237237822265
2024-12-31 15:01:19.901925,11.883545671377574,49.46622066723033,408.94728122529546,7.461689249833324,0.19876900132126052
2024-12-31 16:01:19.901925,7.234753340823692,31.273780722729718,543.6036695399318,13.27369925801182,0.556216224123119
2024-12-31 17:01:19.901925,14.07532389176433,47.43483785341539,329.4985228591901,13.199984624618143,0.11232399903753182
2024-12-31 18:01:19.901925,10.98289609242334,58.42785962581452,488.5629986659697,5.79199924697185,0.04316180581653855
2024-12-31 19:01:19.901925,9.33504340735319,59.33633978112721,440.98082844739497,11.262375866759474,0.21954536181129508
2024-12-31 20:01:19.901925,13.641021873418097,41.04277020455645,356.29385638876533,12.660547987775395,0.08479627239480991
2024-12-31 21:01:19.901925,13.645715669035184,40.721687093055365,492.26912828308326,15.817287703981064,0.09512577098795917
2024-12-31 22:01:19.901925,8.03837469458418,76.3184555577069,475.0892316908345,5.618043585915476,0.3071879063065934
2024-12-31 23:01:19.901925,12.118662215017043,70.01123041544,349.5663514204696,15.285209116943362,0.06591061742882015
2025-01-01 00:01:19.901925,8.953281168184855,71.82740275526822,471.2424497439715,4.439868657201434,0.48817081363026205
2025-01-01 01:01:19.901925,10.139073801179132,42.45917909956944,631.877625145526,14.031303004798993,0.7710973388067005
2025-01-01 02:01:19.901925,7.546811612152354,38.85036993511004,372.6017526213765,5.592065676484875,0.09342671580770484
2025-01-01 03:01:19.901925,12.645399133179744,62.82094699006616,523.8475919551012,1.7266061237940211,0.2304723284110106
2025-01-01 04:01:19.901925,10.68038235337426,47.3021356290882,391.20754927767007,8.592247585186968,0.04385262247003073
2025-01-01 05:01:19.901925,7.4733520342365125,76.03470891313223,242.51368544698602,0.09075122207773165,0.32841564613856256
2025-01-01 06:01:19.901925,9.478955638898501,30.978365824742205,426.57518109662976,7.726872195305433,0.11272676336479677
2025-01-01 07:01:19.901925,7.2604400368061945,73.73180389962047,854.1394627872069,5.888739572719107,0.12594392673134067
2025-01-01 08:01:19.901925,7.718984990809618,45.39071628099341,424.9470253206586,2.0979851982026254,0.09461961716493944
2025-01-01 09:01:19.901925,17.103048599944806,46.07439320341315,565.4919213224061,9.15030003952557,0.09533582271268508
2025-01-01 10:01:19.901925,8.278803109799977,66.90618073565221,299.05089826919044,17.440216880375118,0.0034208372572048363
2025-01-01 11:01:19.901925,10.736293713989078,51.4620034009082,694.3286303585245,6.34768844305294,0.3905322111362181
2025-01-01 12:01:19.901925,11.350993614962986,46.04316945348624,137.41383048947176,6.212802892280164,0.16741361899338741
2025-01-01 13:01:19.901925,11.268650598939201,34.10970315019041,653.2081402273533,12.438058745016086,0.16727444606182462
2025-01-01 14:01:19.901925,10.622185520215382,88.0172428442173,459.34933565550756,11.077064849191808,0.047802826204236405
2025-01-01 15:01:19.901925,13.895568312344864,66.4183966006066,332.02796130104775,5.318883571343575,0.0964349439108696
2025-01-01 16:01:19.901925,5.264576401024304,45.86402377298272,409.6351463106968,9.582916251068854,0.061574569470578794
2025-01-01 17:01:19.901925,9.578787889121223,80.9266847950205,556.8024560954831,16.823663928539577,0.11555964447182342
2025-01-01 18:01:19.901925,10.172524044204742,88.07892503437601,510.42104804536734,5.177681939118779,0.08575301337532965
2025-01-01 19:01:19.901925,13.22365457014094,48.858181767779314,620.3030011483701,5.838692069143088,0.21988864959205545
2025-01-01 20:01:19.901925,10.073279148994597,80.4367342791843,661.1781467781803,13.07266596177338,0.10690133379800054
2025-01-01 21:01:19.901925,7.915941011353954,50.18767439713143,489.85399049222855,3.8251455451697858,0.05199427458986953
2025-01-01 22:01:19.901925,8.87640047097225,67.36717303100767,478.83366830224566,13.18938562821101,0.09163762869843088
2025-01-01 23:01:19.901925,10.519212873849153,30.32085373866189,742.2577686155742,12.859624016909043,0.15789273355854627
2025-01-02 00:01:19.901925,14.106618844867768,69.3599303182234,260.58390531859783,11.61863642680288,0.10958924677288694
2025-01-02 01:01:19.901925,10.766222922284399,66.40924114943228,469.54959543658066,10.256690899560395,0.03676256789160709
2025-01-02 02:01:19.901925,9.659516114258995,40.05284913883756,725.2591395823546,4.693928821726727,0.009530646258520169
2025-01-02 03:01:19.901925,8.77609514506432,51.60909538024141,504.5750493482107,15.837967681118396,0.15541009343190648
2025-01-02 04:01:19.901925,10.203911578012557,47.194503482660814,1107.5251066142146,9.605011107247085,0.7062398688899258
2025-01-02 05:01:19.901925,12.952712471384666,44.26565870111585,496.4068348030292,6.868126476761968,0.10956105860615302
2025-01-02 06:01:19.901925,9.849453725025356,76.22273038598021,803.3725866325567,10.894030901284644,0.070868396211426
2025-01-02 07:01:19.901925,8.952895710097733,44.33904673168112,543.8204722674935,3.733242225014925,0.018773453144833977
2025-01-02 08:01:19.901925,13.715875744617488,72.39618075329554,286.20184892982064,7.857283727692218,0.2127048449334902
2025-01-02 09:01:19.901925,5.637570252542642,80.11507690058495,629.8612986326041,6.262381982366315,0.3217216437709152
2025-01-02 10:01:19.901925,14.671135964253986,32.67273529395317,435.23481424623515,6.301195900118071,0.1575765083012595
2025-01-02 11:01:19.901925,16.724629554928853,38.94981217997049,469.39795055540304,9.72731597809756,0.934700322429709
2025-01-02 12:01:19.901925,13.443357792873313,78.2363689852902,735.4920075090835,11.077861657564405,0.6281470595266039
2025-01-02 13:01:19.901925,8.870642807886146,83.22693258064086,299.06568234998406,7.300512616126971,0.23547351692885649
2025-01-02 14:01:19.901925,8.99470274078073,32.940103367562216,359.00957717106087,5.949412480868831,0.11557446955738171
2025-01-02 15:01:19.901925,10.774130779981041,86.31351002823638,274.94669349872527,15.111106670985953,0.34932739824378123
2025-01-02 16:01:19.901925,10.035382794570245,67.20968016181008,829.4150535383992,7.431585441812794,0.05124733672440821
2025-01-02 17:01:19.901925,11.231934481843433,66.02073120184332,485.567964625624,14.328825167737948,0.10269248515182039
2025-01-02 18:01:19.901925,11.598019625906986,52.09667103582435,467.9587507124636,8.706713338199776,0.08278525190325497
2025-01-02 19:01:19.901925,13.228869150509045,46.462514583142905,726.6512561698735,6.94610366941105,0.3375025895411672
2025-01-02 20:01:19.901925,7.008287285207111,70.19265834465003,588.6871778443879,17.1498459372766,0.08687704832701004
2025-01-02 21:01:19.901925,8.298446234516865,74.01970109513587,730.4421954440704,10.038535175108251,0.26583996249241554
2025-01-02 22:01:19.901925,11.537343418853416,58.133422202477036,180.44911447826564,3.815728559711693,0.21793234341696516
2025-01-02 23:01:19.901925,8.350057146105216,62.24269775776729,347.9027097524106,1.199233257117686,0.31160996667403323
2025-01-03 00:01:19.901925,10.533077008994645,63.85500571162139,56.51041295046116,9.386640683229407,0.8958414235640264
2025-01-03 01:01:19.901925,11.885986943312636,73.12224310794988,731.5611791051115,6.314028754165843,0.0187699961427613
2025-01-03 02:01:19.901925,7.383953795682018,56.73330904275881,561.40856364391,5.516693229262495,0.20382014109327043
2025-01-03 03:01:19.901925,15.001190657473817,81.94813334922037,365.76049027143455,4.529172471334556,0.2814121618149566
2025-01-03 04:01:19.901925,8.737752767348585,74.50743646206027,332.8478080085798,8.32972059780169,0.18389629331674806
2025-01-03 05:01:19.901925,17.763147370812767,36.72884756836354,707.8994353784368,4.6674838033948856,0.3429743086058137
2025-01-03 06:01:19.901925,15.501873986325787,51.2555734464678,268.3607529481187,7.639064342061539,0.03944392024744408
2025-01-03 07:01:19.901925,11.327837798053364,88.13291850942149,589.1958086230239,3.6599100947585588,0.05156652259882336
2025-01-03 08:01:19.901925,6.902672200062685,86.2145490167787,388.0885741074801,7.681587742109547,0.029701050495690308
2025-01-03 09:01:19.901925,10.095949744033767,89.92392728060426,478.1733030140345,7.943003245569179,0.9214773591156624
2025-01-03 10:01:19.901925,12.922367006488498,40.440926107947405,383.72368838216187,5.211852521119934,0.49872267955154337
2025-01-03 11:01:19.901925,10.460757994200755,38.24073681646148,635.8170926161271,8.061062081215436,0.20786625571567074
2025-01-03 12:01:19.901925,12.43344551581368,85.51449262940801,272.7599206177554,2.754466415210295,0.26344034069951777
2025-01-03 13:01:19.901925,15.885985436306207,59.40253911573633,242.8534232800605,6.007479842760768,0.5304072943768142
2025-01-03 14:01:19.901925,7.800645235496549,83.48277478471576,589.8222334158557,5.646217252390844,0.37327679021061877
2025-01-03 15:01:19.901925,10.46626713924535,88.66724458097305,608.6488644043427,16.379022342056537,0.22392295951456098
2025-01-03 16:01:19.901925,7.1872387872269,41.788076349386216,446.309483359254,10.176260696608422,0.35241101481146736
2025-01-03 17:01:19.901925,5.853404274111376,35.00454395090461,225.51864989922422,9.768027929308827,0.18487634108122875
2025-01-03 18:01:19.901925,7.347261229424372,54.33768508627524,639.3989866225479,11.507475990468276,0.08658543359945894
2025-01-03 19:01:19.901925,11.295600935245808,35.228952607813895,793.292575788604,9.660035613719357,0.10495708428346213
2025-01-03 20:01:19.901925,12.066653036618277,74.10182599567777,286.73576892589193,4.429022557647075,0.7224321942088733
2025-01-03 21:01:19.901925,13.815467718670408,84.29759714677596,435.7852436329423,4.912839954058421,0.09248486555935874
2025-01-03 22:01:19.901925,13.384796430330653,63.81816652934095,385.5151795643279,5.6489849794525915,0.013511830382790777
2025-01-03 23:01:19.901925,14.06281088036355,62.05248638140763,592.5730975743251,19.350529610092714,0.07720555677359325
2025-01-04 00:01:19.901925,8.964382287885462,48.91906783132052,251.3728217632172,5.33691482893107,0.0709546983852901
2025-01-04 01:01:19.901925,7.241239543641312,89.70151741988042,542.1710800575327,5.240349231957638,0.10026565206533805
2025-01-04 02:01:19.901925,12.729603179636799,41.10174714052056,338.98710339248,4.820317880637234,0.34112806628296266
2025-01-04 03:01:19.901925,12.906761464950767,85.98490348891005,783.3309699046645,4.844196984194147,0.08416205695287098
2025-01-04 04:01:19.901925,12.027606104162757,67.87769041421592,948.8082461340823,15.279028359308933,0.3123686346750385
2025-01-04 05:01:19.901925,12.269711112473411,56.225909088057406,394.0832991331405,15.323116737200458,0.11953191987794419
2025-01-04 06:01:19.901925,7.423011669414727,88.74806981440392,570.7526070403594,2.710854764611274,0.03847919848840325
2025-01-04 07:01:19.901925,9.557120033679595,73.20836580729227,523.9916113202419,4.031223344708041,0.20979229931716886
2025-01-04 08:01:19.901925,6.638734683116783,35.649309801886254,704.1594425228081,14.719630350257919,0.19806301764316192
2025-01-04 09:01:19.901925,8.101172678550368,76.76357822626164,222.13814039067142,9.047687043303354,0.8848950826218931
2025-01-04 10:01:19.901925,12.620352237601278,40.344101861664186,657.8300781870328,8.209609974373054,1.1154747283712938
2025-01-04 11:01:19.901925,14.248139243489716,67.6662092480911,705.5184973113219,6.151168735826104,0.012596331972372194
2025-01-04 12:01:19.901925,10.172205517288356,81.04266552925355,452.5565211553431,6.650949147700364,0.11359403037463273
2025-01-04 13:01:19.901925,9.033397489591438,55.361422175407846,455.3947605570397,5.632237740055698,0.3306755223285014
2025-01-04 14:01:19.901925,13.413840903423104,50.40964028733596,257.2492163591713,7.024244647066272,0.34767137531976894
2025-01-04 15:01:19.901925,9.982805168956295,80.5668616998336,502.2396694032559,6.520756982457172,0.09794601027016742
2025-01-04 16:01:19.901925,11.442187202639062,64.51584747393454,614.0005524971333,7.834216812994934,0.2629962198799878
2025-01-04 17:01:19.901925,9.920266008036432,39.42822853951114,351.035790203026,11.434222219131057,0.028428956077293482
2025-01-04 18:01:19.901925,6.887823874420613,83.74490619629097,579.574967342761,6.380391801312925,0.0072452172434060574
2025-01-04 19:01:19.901925,6.295038153558146,79.68459570434548,179.99043229222877,3.91040792687604,0.3931919084167821
2025-01-04 20:01:19.901925,10.535759384655274,38.24547664580974,538.5447444428895,10.761410111279728,0.21008766531072898
2025-01-04 21:01:19.901925,6.228966193715644,66.06013068493658,346.72127022990327,16.871857304005264,0.03730634679017993
2025-01-04 22:01:19.901925,9.722223114923633,53.534613512354966,534.8161144394483,14.910127171709018,0.5926192275621919
2025-01-04 23:01:19.901925,5.367684657110373,38.55562929189453,396.2841728808841,7.833413950510879,0.06461087147400064
2025-01-05 00:01:19.901925,11.167034729415137,83.53020186484716,771.4779722810554,21.21940799335193,0.044696669681226514
2025-01-05 01:01:19.901925,9.356803291706616,77.49315786076797,476.17998223704967,9.429066676923904,0.2858812163001677
2025-01-05 02:01:19.901925,13.526169066521508,75.35200629534721,637.1674381703895,10.880528452097135,0.40466837848109977
2025-01-05 03:01:19.901925,14.823230464640968,56.8361701593621,669.1742654215808,11.82404195483401,0.07354779616116768
2025-01-05 04:01:19.901925,1.1529457628035402,74.81319953646147,316.3602503147416,10.396280859594595,0.331302989679409
2025-01-05 05:01:19.901925,8.571112858155338,68.2476061327712,423.936177774281,4.408450034293361,0.10819300770857282
2025-01-05 06:01:19.901925,8.404895838459659,79.41034747727585,309.1869981562842,15.570228546414057,0.06937320233846368
2025-01-05 07:01:19.901925,10.582046758659832,45.967533664196075,552.4742590568238,7.552140832437085,0.20415994672887303
2025-01-05 08:01:19.901925,13.2312258428269,80.79674437759927,199.4005656652455,10.450125579928375,0.0067726033199722
2025-01-05 09:01:19.901925,7.08054378449102,80.10074645695548,571.4644363565036,9.64857222854077,0.03715046075727715
2025-01-05 10:01:19.901925,10.822565097964574,88.63305916245353,30.523994912607463,11.663429276476782,0.21271620725558346
2025-01-05 11:01:19.901925,10.607032698345364,87.89921900990686,418.0406320440157,14.457303535314276,0.1232035382089539
2025-01-05 12:01:19.901925,11.634435289217238,78.96096672728459,389.1063821307457,7.30324361701332,0.33719592016531436
2025-01-05 13:01:19.901925,15.374106461688742,60.32738837152862,595.5715679485423,15.132386924858388,0.04296615862097687
2025-01-05 14:01:19.901925,6.79440630265999,75.77466704094363,940.867141767635,8.92693747835834,0.13129826250025495
2025-01-05 15:01:19.901925,11.879645616968835,48.975802854352466,650.1152968068508,8.042541094634405,0.11859601452821159
2025-01-05 16:01:19.901925,8.981911824209917,60.8063020791131,400.39221277682395,6.742481540187645,0.008393366536119043
2025-01-05 17:01:19.901925,11.530307466177288,67.62236435738589,616.3507165708795,3.908140367588886,0.02643090580418922
2025-01-05 18:01:19.901925,13.16140782024326,80.84073453294428,495.1620339494866,1.2262106970461595,0.08155030135360526
2025-01-05 19:01:19.901925,10.492692229406813,46.35412877475509,378.34394835403407,14.675724501782899,0.06864502197844574
2025-01-05 20:01:19.901925,12.194331020758112,62.764099576066926,544.7388279242423,6.812076342246329,0.1501777058761547
2025-01-05 21:01:19.901925,11.607539711070919,51.88748250872784,1021.0215567356689,14.09407588129836,0.23801171496519344
2025-01-05 22:01:19.901925,10.854491618953997,51.67710739085396,621.9129842849744,10.688737225513078,0.06977581745522994
2025-01-05 23:01:19.901925,12.432396544550075,68.83126070040858,313.9715081737852,8.61089034632335,0.1490990784756332
2025-01-06 00:01:19.901925,7.306692734922114,73.91112479039855,551.0041560256867,13.660975444242444,0.046913270334237055
2025-01-06 01:01:19.901925,12.283407025983589,81.30562005663165,304.56264774615244,2.835427892127547,0.5124886855901857
2025-01-06 02:01:19.901925,8.549339751202076,44.10343673173817,477.34648732886535,8.211672997300468,0.3041393585638448
2025-01-06 03:01:19.901925,8.132899542355133,32.44518811120685,309.0194287862078,10.606247413626946,0.039587646199556285
2025-01-06 04:01:19.901925,10.637775330496895,65.42472998275966,822.6703951822794,13.124924389403375,0.17341353309601548
2025-01-06 05:01:19.901925,7.28918315520094,56.340006697648136,362.61856173862884,1.83240495334036,0.14339428947178517
2025-01-06 06:01:19.901925,5.876038395262046,49.36489745993752,717.2288762015919,2.568299221287735,0.032365132983868075
2025-01-06 07:01:19.901925,13.558356818843086,74.80113445029872,397.51486910051574,7.2085489531401095,0.25749943843079603
2025-01-06 08:01:19.901925,6.610258696586753,44.507047239855204,326.69578439723745,7.206007118443307,0.022150264172590795
2025-01-06 09:01:19.901925,6.945449097735118,73.62338128831519,609.812847913903,4.143358429318164,0.41482844446929495
2025-01-06 10:01:19.901925,6.929524188922975,80.98351139453203,438.1366809858781,20.065494238371237,0.06682359638279978
2025-01-06 11:01:19.901925,7.4838192094481695,36.773224478701366,481.7714661870568,4.0925389791912,0.02542482433331992
2025-01-06 12:01:19.901925,6.2824511423914995,77.06523191787797,324.44639741102924,0.5798868561652124,0.24361611148382312
2025-01-06 13:01:19.901925,14.567242634822332,45.12074250383249,657.7378239527287,6.182737090836174,0.03709189764803697
2025-01-06 14:01:19.901925,11.488736565098938,53.129909690881426,567.8668114758902,13.690947096829554,0.18738059091858358
2025-01-06 15:01:19.901925,12.362176726714996,38.66576612386304,651.5296575807782,14.126557288130734,0.4092285770443425
2025-01-06 16:01:19.901925,8.478934495232796,43.753558443473565,415.54153523020324,9.005951531562761,0.01898843579356354
2025-01-06 17:01:19.901925,9.508894015288858,34.32736855971209,580.0509211711286,10.178466363956089,0.07738859747372112
2025-01-06 18:01:19.901925,5.525907668202203,82.74395466859062,614.4854110765212,11.106419041291645,0.27052269918082816
2025-01-06 19:01:19.901925,14.81739403090376,85.8500233364935,527.9761238792796,9.163681730392367,0.32580665353325394
2025-01-06 20:01:19.901925,8.67958173571989,35.88063305089726,804.8557263124214,15.627575772331955,0.07123685218664473
2025-01-06 21:01:19.901925,9.355499250431405,44.174869544467484,492.03076691892403,10.887167007247943,0.03940244321499302
2025-01-06 22:01:19.901925,8.348183328187584,39.832591273722485,579.8928950954543,4.241422482365776,0.08078748737402262
2025-01-06 23:01:19.901925,12.295622430551767,30.08627742117756,431.70413420583156,4.911778901391451,0.8291411149482673
2025-01-07 00:01:19.901925,7.03198654427521,34.8663305483132,423.90433519300234,5.694828924702149,0.2425432350177944
2025-01-07 01:01:19.901925,8.706412459947773,69.70132040008932,622.2477925269454,6.865681871295191,0.15681953150486685
2025-01-07 02:01:19.901925,8.154317097028983,77.48133721785634,158.09930104991372,7.994015165025226,0.019436015673952742
2025-01-07 03:01:19.901925,10.404725137176257,53.34162854388235,553.8975844985864,3.560122610772539,0.05013817513499541
2025-01-07 04:01:19.901925,8.96288023929541,41.288172482545455,916.3348095977277,9.340668397351235,0.10388299931628409
2025-01-07 05:01:19.901925,8.675619593683724,66.20451477986481,539.8742163896176,11.193617902073532,0.11100839590095057
2025-01-07 06:01:19.901925,13.512894140956504,69.38641720703062,665.2174349517144,0.7674230819639751,0.1434537726114467
2025-01-07 07:01:19.901925,12.855474009704682,53.074622121210666,732.2707072823105,12.479177157758869,0.02755417000898433
2025-01-07 08:01:19.901925,7.398101287967717,48.32079184501531,486.1512211991142,6.38116391023099,0.31175474767221883
2025-01-07 09:01:19.901925,7.630670858342123,51.66255578522562,345.003030317058,12.720207255369688,0.0963417457311633
2025-01-07 10:01:19.901925,12.896571619879337,43.07139921147202,768.7891773763951,4.163431684027791,0.3774684873278865
2025-01-07 11:01:19.901925,7.266811253102759,72.22478499634664,400.1357119856868,8.62854345125116,0.07537738987787904
2025-01-07 12:01:19.901925,9.8345579578823,60.154161409977846,379.4003460504035,15.675785224217158,0.33502010875793703
2025-01-07 13:01:19.901925,13.544499077998296,34.17271680226482,556.936375069952,10.175754931572214,0.2948422007001871
2025-01-07 14:01:19.901925,5.937635779105965,83.42844153151094,470.71555492613606,21.005742457381302,0.017849484839794604
2025-01-07 15:01:19.901925,13.727004258742774,76.59422487194463,422.53320640808164,6.603326419167575,0.23302299943541183
2025-01-07 16:01:19.901925,14.111311033563158,66.9586653937422,353.70156874991864,4.771042110077614,0.45690457654257016
2025-01-07 17:01:19.901925,7.3596729058914825,40.50757027249299,446.8632336435633,6.447132829439669,0.15036483604171824
2025-01-07 18:01:19.901925,7.656616360449764,82.40880713837947,385.1296480833937,11.490653950158016,0.5252843320210323
2025-01-07 19:01:19.901925,13.288277685569293,38.85083565727485,418.3023849289093,13.84502017696234,0.06586516364092775
2025-01-07 20:01:19.901925,7.1226392411891295,78.29707942147286,318.23712432669663,14.78074479233192,0.24738405652890166
2025-01-07 21:01:19.901925,11.850797768654866,51.82320975521198,493.40441996689486,3.177560858048763,0.10588927045688042
2025-01-07 22:01:19.901925,11.35111075324591,66.68635708490373,270.68372568385365,7.776866996521871,0.39088697218871
2025-01-07 23:01:19.901925,14.14219113244112,52.68369609789995,621.9031637184713,9.746526735387274,0.0635620765914308
2025-01-08 00:01:19.901925,10.118175876620747,89.48418031281302,395.685675461253,10.836927141934414,0.10809121802976095
2025-01-08 01:01:19.901925,8.609681197187628,54.95935494493047,632.1371783045588,10.753840588898589,0.12312906008732856
2025-01-08 02:01:19.901925,9.99342105126106,81.08687421028688,176.75735200236147,12.746661351354591,0.67376589763278
2025-01-08 03:01:19.901925,11.9266353168971,32.39269189512697,221.51462658562963,6.286378282556893,0.08050308285223551
2025-01-08 04:01:19.901925,13.009086246175203,61.99486066339433,310.8105339483832,4.0610234412017165,0.2216364232704776
2025-01-08 05:01:19.901925,10.398383006538776,84.40922508657867,472.5572257293106,11.430848917967227,0.05358214044069753
2025-01-08 06:01:19.901925,12.432501508900069,74.8261251231064,514.7919006957788,6.818020130337423,0.2585308872626862
2025-01-08 07:01:19.901925,10.630805599216666,40.69726806848436,336.1067964812969,6.468343660738523,0.27774002361813466
2025-01-08 08:01:19.901925,9.72863216530023,34.418833859118685,698.0090429484972,7.709866003057523,0.40400285406837866
2025-01-08 09:01:19.901925,10.893651541060592,41.953806309417,429.6084367307183,4.364895616749076,0.1901016924391953
2025-01-08 10:01:19.901925,7.981700261322889,41.4072621693659,800.8078267928252,16.830203683869055,0.013121028558739445
2025-01-08 11:01:19.901925,5.465722507265507,75.53246686843553,202.53037634160637,4.266483418389516,0.09078037011181161
2025-01-08 12:01:19.901925,4.408290256560917,89.85313707001285,624.0639789586487,15.527650464614748,0.07165622599043549
2025-01-08 13:01:19.901925,5.471589835162174,77.25253057392477,652.8646085062055,10.458711533028609,0.1280481080552571
2025-01-08 14:01:19.901925,9.184348134274813,55.577653121929956,643.7658497564,7.773727608985586,0.4896746794102835
2025-01-08 15:01:19.901925,9.484191618805172,48.1339120299124,582.7587052451009,6.11886893655881,0.2709655705112994
2025-01-08 16:01:19.901925,8.666215101896768,47.21695215371673,459.59712145754395,7.190285219691354,0.1917489657387017
2025-01-08 17:01:19.901925,12.955683025507916,58.032181059536725,224.66547924080493,22.480388307139826,0.065736887020634
2025-01-08 18:01:19.901925,6.9787034131345065,52.986801078796475,372.7957870467076,15.146607542221473,0.28028944298008107
2025-01-08 19:01:19.901925,10.547107317033495,40.927344593137235,819.8774554887459,5.64635342248191,0.015202774652413781
2025-01-08 20:01:19.901925,13.73078493823165,35.88286412451511,497.7719607041814,3.25694535215965,0.4307702091487253
2025-01-08 21:01:19.901925,9.040027322388084,86.03403482427217,415.18325046482795,13.81853714515298,0.03314601736450113
2025-01-08 22:01:19.901925,9.334161277311129,60.503571953949404,262.5002551411132,7.599909245532055,0.025385501510473408
2025-01-08 23:01:19.901925,9.053326697252775,85.86120985531237,264.2278334644619,5.4959517520485335,0.42425368708690264
2025-01-09 00:01:19.901925,12.17793528606867,77.66838987768445,376.45581840999085,1.7977311167049346,0.3048192035099562
2025-01-09 01:01:19.901925,6.9252846001004285,60.043807882193825,152.5469009042422,15.404393251173223,0.07420549653575147
2025-01-09 02:01:19.901925,9.139365712821576,36.457672272291404,321.0512243429461,10.050524757721476,0.10607665612996715
2025-01-09 03:01:19.901925,9.30828166063634,36.974410516160454,495.1635487084418,7.5202009300790635,0.3144354150608339
2025-01-09 04:01:19.901925,5.162914232014664,82.81048136880193,88.61497400867438,2.42092946083409,0.14945203166359128
2025-01-09 05:01:19.901925,14.051535533501651,80.4384836062967,867.5880048983265,2.8642313151148704,0.01753326796495649
2025-01-09 06:01:19.901925,11.753837857122319,89.43087182786823,730.8054935971744,10.182495054989957,0.21075781443148978
2025-01-09 07:01:19.901925,10.570873662328685,55.030291030640825,380.4936961217238,4.718776777640757,0.1537647579222331
2025-01-09 08:01:19.901925,11.602265271225482,51.25037741168505,547.7160209018446,9.386255093995302,0.061052805095053314
2025-01-09 09:01:19.901925,9.8783019982925,64.96646763368338,466.96154619371845,14.8491081807642,0.2465679805542913
2025-01-09 10:01:19.901925,8.093216477503852,56.6222371444006,282.61823294887455,12.720197919805692,0.08109884432006133
2025-01-09 11:01:19.901925,13.729285546537472,84.02407347040206,446.49524773033966,14.671892948690557,0.8693741928015449
2025-01-09 12:01:19.901925,15.560677468390583,69.77572738415853,510.2341487288346,4.5515089016076535,0.16907369587586765
2025-01-09 13:01:19.901925,9.907116433456121,68.59512094214689,285.17924977672385,7.051318823520715,0.10854624301396774
2025-01-09 14:01:19.901925,10.154491114792908,60.00774595157493,263.1274836263493,5.398466981414668,0.08542009214940081
2025-01-09 15:01:19.901925,11.906363119599675,41.18309280518904,121.8839859694881,1.2622740842447346,0.13715510986503163
2025-01-09 16:01:19.901925,14.00441852673378,74.58977877744915,453.7876116512806,13.438146314352466,0.034721837473749635
2025-01-09 17:01:19.901925,7.732924412080308,68.88751080648471,359.19136532550897,13.047006722601244,0.07490953283770647
2025-01-09 18:01:19.901925,10.420279119287345,79.25970033690757,453.60540144708466,16.795244546936306,0.11557374346136971
2025-01-09 19:01:19.901925,9.466216858338067,56.889695436029605,543.0374960717666,5.009644743559324,0.09784447139017788
2025-01-09 20:01:19.901925,12.419534135845069,49.692105956295116,870.4424187102387,12.024159311930152,0.004278160173959406
2025-01-09 21:01:19.901925,7.523093785841824,51.985969274617716,768.7149928684928,4.2470587135376485,0.22883846979194333
2025-01-09 22:01:19.901925,5.814634040203138,78.02948975396707,448.8963689807474,8.079142688054922,0.1566666216579401
2025-01-09 23:01:19.901925,13.003944916237945,70.54211484429209,259.4056619865669,6.62734179086928,0.5745943200979017
2025-01-10 00:01:19.901925,13.084244210679351,71.1177577295019,894.0446983702025,2.4870749048952465,0.253433420632566
2025-01-10 01:01:19.901925,6.4498117183021915,64.86786963862353,587.0308046793872,10.753780225089738,0.05636078786994023
2025-01-10 02:01:19.901925,10.994147774056918,85.01414487892703,707.0871971754451,5.4467669661938505,0.10839189040521682
2025-01-10 03:01:19.901925,9.356309617433707,48.93012317402368,636.0307015372516,3.2796302474315358,0.2033685598736572
2025-01-10 04:01:19.901925,12.193588055945714,75.24949240422626,477.4092670286479,15.031124394083509,0.04967422100575967
2025-01-10 05:01:19.901925,7.811101542909566,52.329898630513966,360.8939302122227,11.846307011437956,0.3091631246774383
2025-01-10 06:01:19.901925,7.983397927466394,33.7759795736858,830.2051522464342,4.193276733122152,0.5175085810672905
2025-01-10 07:01:19.901925,8.631965500402243,41.506089743350145,511.21911237033703,12.05878330751769,0.05494704721060648
2025-01-10 08:01:19.901925,11.09675164899928,82.76055125912043,276.4292874000146,18.53668500896576,0.2263172675744063
2025-01-10 09:01:19.901925,1.6179707631208586,59.7510697043359,390.60694392644564,13.163838638808063,0.11817355442258333
2025-01-10 10:01:19.901925,11.080993766171176,49.98392661676122,443.18492484639313,14.213090500474594,0.15389992034082384
2025-01-10 11:01:19.901925,9.96454908574085,78.48980613031048,595.9941864979364,6.705509781802817,0.06151765698230163
2025-01-10 12:01:19.901925,10.536852133838154,53.57155963680149,716.1478762783108,6.4484539131364755,0.37599628037457616
2025-01-10 13:01:19.901925,11.315160150063669,32.35624665548647,502.03753630672674,4.3440635271232715,0.06156897289895204
2025-01-10 14:01:19.901925,13.595187213274293,62.994361855747066,775.4606011319884,12.088848587939847,0.5832273882162047
2025-01-10 15:01:19.901925,6.415353200477755,42.39162693072356,953.0968682954041,10.054015983177235,0.08552976501090714
2025-01-10 16:01:19.901925,9.91648889320079,58.97714995441305,445.35505478852343,13.417875474444267,0.01958781979056176
2025-01-10 17:01:19.901925,6.515281593218726,72.29171142578255,859.9571332022554,15.316174303434678,0.29911503918967947
2025-01-10 18:01:19.901925,15.33100573269363,66.69362808424714,533.6364047850848,7.4199520422144385,0.08305779979814615
2025-01-10 19:01:19.901925,10.120600595607405,67.98654486680798,933.2778052312492,14.28484635821707,0.04857097431177397
2025-01-10 20:01:19.901925,8.71597401869685,71.27637569453773,469.9577984926068,9.834130594234502,0.1451576574841604
2025-01-10 21:01:19.901925,12.378304279149997,51.54622993934499,858.0821775158311,11.290824482343012,0.03205505317962207
2025-01-10 22:01:19.901925,8.581204786618407,44.79027397801962,309.91881100327623,6.8418898083668545,0.08659629912194339
2025-01-10 23:01:19.901925,13.282294101022918,50.038929298968284,216.04414473093755,11.123137180262582,0.03399995521217268
2025-01-11 00:01:19.901925,9.240538108133183,85.4419123380617,546.1118999262617,11.417642241469588,0.010725930179169375
2025-01-11 01:01:19.901925,11.692128096130812,55.753397365614354,369.000885999095,11.493328914251986,0.21988925350976155
2025-01-11 02:01:19.901925,8.59571986310396,57.29517834789074,546.0936618199711,13.276756711908064,0.09353778756270628
2025-01-11 03:01:19.901925,16.96279449711897,86.85409034210676,187.21020434295235,8.307535902942414,0.07450872938528774
2025-01-11 04:01:19.901925,11.294845051969224,83.41386901366369,524.834812979832,11.677720229490909,0.016972187446836793
2025-01-11 05:01:19.901925,10.96996600679875,72.95487672655554,527.8270230443042,6.764938731093434,0.03907795393421573
2025-01-11 06:01:19.901925,11.954144923625192,35.464970389629535,627.9788078822723,7.924105259663893,0.3645058031282984
2025-01-11 07:01:19.901925,7.248040189073687,32.46416303883721,597.2063338401762,16.20687998874406,0.6438088034886924
2025-01-11 08:01:19.901925,13.493185033283682,40.679984176869105,739.3100902928797,2.634975815930069,0.3344507503136456
2025-01-11 09:01:19.901925,9.178988837695565,51.796240866869724,389.2228047094887,8.523116907036156,0.2892610642208045
2025-01-11 10:01:19.901925,10.255149040859846,62.95381473038496,698.4347540370567,6.370305558594067,0.22267735882467599
2025-01-11 11:01:19.901925,5.994163283618566,32.176273970078796,628.388506186853,6.771438703655319,0.33059175421856407
2025-01-11 12:01:19.901925,12.832160212689214,43.85754173981524,161.73068179782126,6.306406943865996,0.09621168287117915
2025-01-11 13:01:19.901925,10.527619766148723,86.80294733589439,801.9226841855882,6.536434677906923,0.2103517531364275
2025-01-11 14:01:19.901925,8.5930444548985,76.82366162902974,625.9541839465384,9.060078243092077,0.07181916104275053
2025-01-11 15:01:19.901925,8.535467198409917,58.292335844660556,562.1108839886285,5.254046862709155,0.15546528002071158
2025-01-11 16:01:19.901925,7.6560789600987675,71.72062436930038,650.187344787167,16.42865919618353,0.02099179109545348
2025-01-11 17:01:19.901925,7.035460987647232,67.87704966975406,745.3120800577817,5.824071316777022,0.10218181646332608
2025-01-11 18:01:19.901925,11.63525039173808,43.410527217763274,131.78689817505165,2.8951520689310772,0.21160886255083788
2025-01-11 19:01:19.901925,4.458174575342431,30.139544668958422,797.8367718274229,13.341078855517946,0.011005805624769651
2025-01-11 20:01:19.901925,6.162228004338104,75.48733761142523,718.1189308595328,10.247024001049,0.4312324292716003
2025-01-11 21:01:19.901925,9.343425834610237,42.73090241455307,179.0680692943311,11.107304631984737,0.07555401244689391
2025-01-11 22:01:19.901925,10.475012574024344,34.810183384823354,538.7678345687582,10.124295786168364,0.9074042662112669
2025-01-11 23:01:19.901925,9.456392677068065,48.26313785174855,412.2236672217636,10.242979104008342,0.1306180281201308
2025-01-12 00:01:19.901925,10.973964812624153,69.14881907975888,0.0,4.919778165901262,0.09301970594619216
2025-01-12 01:01:19.901925,13.579784390316362,55.95295021029712,622.8211525452477,6.344095468951188,0.016271722838385096
2025-01-12 02:01:19.901925,9.583553821055578,44.9449802165508,406.843309679794,16.887496141924196,0.08432049121378421
2025-01-12 03:01:19.901925,10.29480238211543,49.81762233420583,654.3838120116477,7.374508364125223,0.5170777362066025
2025-01-12 04:01:19.901925,2.770670643764239,84.17733532027879,897.3455209126325,8.130601669822891,0.33501803774305006
2025-01-12 05:01:19.901925,11.236150318465487,59.41151439084571,486.92978660080814,10.112425710962974,0.22125826887796674
2025-01-12 06:01:19.901925,6.724943681860564,38.12178977097826,578.3631991103279,7.350316554175267,0.3991448602172294
2025-01-12 07:01:19.901925,7.477771573754475,43.165474334928916,263.1157405561834,5.136606514958977,0.2192186479466984
2025-01-12 08:01:19.901925,16.512684986301743,67.02331604449728,663.3869186552091,6.4700205336894525,0.3122365765458606
2025-01-12 09:01:19.901925,11.039772888456014,53.64188361788585,196.11927891305982,4.861024361741503,0.2790229796333951
2025-01-12 10:01:19.901925,9.154019847630714,36.474539507727215,534.5823274875412,14.94266273173756,0.05697727350908352
2025-01-12 11:01:19.901925,9.946026950308267,37.60964616569146,210.96743856266124,5.328220528387442,0.3857920058306398
2025-01-12 12:01:19.901925,9.184198277362553,46.37751335442421,784.4367102948627,6.581296424204609,0.2748614680986072
2025-01-12 13:01:19.901925,11.064902793437774,58.325578611460145,561.8233450432654,13.63498392836998,0.012164365980879468
2025-01-12 14:01:19.901925,11.573315853345497,37.62770163968524,370.26260360412516,7.234107353000118,0.014361420449615293
2025-01-12 15:01:19.901925,9.901590226034658,35.28914053450934,499.35088664855255,15.751399985799178,0.17440809460148943
2025-01-12 16:01:19.901925,12.11675354407208,53.34055880590254,311.88808820929063,6.000469755431262,0.1819836890328479
2025-01-12 17:01:19.901925,2.563543688387057,64.67250785107458,624.2075211208115,3.816329683901948,0.36112918825018053
2025-01-12 18:01:19.901925,10.40870420113549,50.827984487998705,609.665256889612,6.969603327569683,0.44212734001730286
2025-01-12 19:01:19.901925,13.294728803220277,72.151494785609,424.806312578541,8.014248598281506,0.48480732030789614
2025-01-12 20:01:19.901925,7.764847980802751,72.11169335578347,468.0665638281369,7.176517959853983,0.3495414100217759
2025-01-12 21:01:19.901925,11.604304183532332,77.7707076942654,538.5196568688767,14.872266126431908,0.031310322671329285
2025-01-12 22:01:19.901925,8.57938460438239,68.5453687060855,642.3113113231555,17.225977363348704,0.2255238884017
2025-01-12 23:01:19.901925,4.928005548825475,86.22298178558007,420.66986998608934,4.926622996366664,0.05856165222620851
2025-01-13 00:01:19.901925,10.35337378314032,88.32219315338966,746.000092552502,5.035411801082202,0.0287068391272208
2025-01-13 01:01:19.901925,5.357241529136174,85.63446562839235,399.77587125041987,12.879860838125957,0.5743495455950632
2025-01-13 02:01:19.901925,7.671372442089993,62.91571093875951,312.4514078021306,7.198194761233827,0.21008531506201789
2025-01-13 03:01:19.901925,16.422236677491213,78.77062461848115,436.7657707816378,4.536780777770767,0.3151892006283592
2025-01-13 04:01:19.901925,14.028069630178567,53.685393655675206,449.14168866666273,6.242740018753449,0.33371142394370806
2025-01-13 05:01:19.901925,15.06374587639514,56.3581871099972,594.9345105643733,5.929606875573384,0.5744600398640648
2025-01-13 06:01:19.901925,16.446352818051174,74.52650830897117,471.47010006158104,13.097537802828498,0.11235382635985838
2025-01-13 07:01:19.901925,12.813883752857897,35.08018912561,6.577296383748376,6.999149679874938,0.08228304278919413
2025-01-13 08:01:19.901925,12.60701432029296,55.28729228414346,389.6854560355793,13.215801289049923,0.07882388101659976
2025-01-13 09:01:19.901925,18.32868489248225,47.88609954852714,674.2412007928576,13.172547131608605,0.05586899145306841
2025-01-13 10:01:19.901925,13.24949576385586,68.68354550288089,249.06916859921157,2.02161050394525,0.13685989031724305
2025-01-13 11:01:19.901925,14.696262953326313,38.16409623359394,454.11724159319033,8.878537671451348,0.1364997515149227
2025-01-13 12:01:19.901925,10.145709450652088,77.45469395193774,327.4576662238485,9.165129956424382,0.0777119417424952
2025-01-13 13:01:19.901925,9.356550930754814,71.67747846674632,403.71517066127876,7.38655678436242,0.2441959441429662
2025-01-13 14:01:19.901925,10.940741518297907,86.80092829276126,503.98018573623835,16.312578288368655,0.18015930232634822
2025-01-13 15:01:19.901925,6.92518172535497,60.35189746989242,363.8956169193818,11.982553788459251,0.04398618062358281
2025-01-13 16:01:19.901925,11.119793017290936,88.55162760487812,225.56234285125385,4.458592352210397,0.06616496968704376
2025-01-13 17:01:19.901925,12.835865738182337,72.08244276118413,604.7873422885098,7.243900168318369,0.03245021850466625
2025-01-13 18:01:19.901925,9.172488586974094,57.37095513435135,870.6489157780403,7.3874719339219705,0.12524900596656727
2025-01-13 19:01:19.901925,5.353290262100849,52.86813561143687,755.7901509802532,20.133661965068445,0.17327909684690793
2025-01-13 20:01:19.901925,14.880339357099409,50.295413904022595,393.65897122044476,8.339738611675978,0.04883338331012723
2025-01-13 21:01:19.901925,6.349490173740584,80.27144097088963,14.772055119908089,10.696459074879863,0.634941732285775
2025-01-13 22:01:19.901925,9.447750055305253,51.78263588697783,476.37896771298773,4.370324259989184,0.060406706258087896
2025-01-13 23:01:19.901925,12.09523366954386,44.32347436094953,545.0421886616913,9.056854673871,0.08264131451083445
2025-01-14 00:01:19.901925,9.030439984238914,49.27901335116795,274.3915877439442,5.923632843517779,0.023917755682664507
2025-01-14 01:01:19.901925,9.242389371066416,69.96212057033586,597.1002682208324,9.173131796594571,0.22188118668508722
2025-01-14 02:01:19.901925,12.16652090106384,34.068273494056285,706.9703694394375,12.997451876395141,0.11592525128052163
2025-01-14 03:01:19.901925,10.34977932087426,74.57621377103851,508.1816052786577,5.170417527418261,0.0030456362362295663
2025-01-14 04:01:19.901925,9.858832456690921,78.79499786644288,356.77076975032,6.942976744378226,0.061823493410982866
2025-01-14 05:01:19.901925,11.744105362796358,37.82301574584856,545.0905431586269,9.251104017163783,0.034080162130255345
2025-01-14 06:01:19.901925,11.949517363210424,33.72452414406853,345.89220682175346,13.416765299934879,0.0047407321561320406
2025-01-14 07:01:19.901925,8.973876496904847,51.853209900932185,799.1339566460765,9.910489157874864,0.190495365231967
2025-01-14 08:01:19.901925,12.528272572749774,71.85552416220418,802.5270215054818,6.224313760799143,0.05082576746151516
2025-01-14 09:01:19.901925,13.099064435661333,34.008724869756655,692.0267021937718,10.780076140610104,0.010546966814133547
2025-01-14 10:01:19.901925,9.328778461632565,36.62256925830085,1097.2435651351443,5.48722117938801,0.044433889378368494
2025-01-14 11:01:19.901925,9.871675129548679,79.15561128502452,394.42114308508724,3.1396382758085286,0.2701321434174247
2025-01-14 12:01:19.901925,8.568005942473839,78.84817621301421,218.22749183775215,11.028166551562919,0.21632900312367218
2025-01-14 13:01:19.901925,7.029105048995798,70.55254929852433,344.77943513716434,9.749241602623488,0.014899371999722816
2025-01-14 14:01:19.901925,9.916936368799565,50.19351131566529,346.3143989314929,4.917883873021493,0.38496837693320907
2025-01-14 15:01:19.901925,2.8270660132780225,82.11542771842005,321.59897785563726,9.146050047156045,0.06629468962449402
2025-01-14 16:01:19.901925,6.908458449763232,81.95270447369674,358.11797581120845,12.553544572830086,0.1619970494085281
2025-01-14 17:01:19.901925,12.563197791941509,75.95993320130503,516.9017497503734,6.919576441109494,0.47120395596456927
2025-01-14 18:01:19.901925,14.741545610030464,38.7181583711759,609.8645342187452,18.107926512031508,0.26548724131032325
2025-01-14 19:01:19.901925,8.525979284871994,89.63960929797082,344.27125229294023,6.436986769066206,0.0048843128826061314
2025-01-14 20:01:19.901925,8.845045726386369,36.0344251024622,394.16896555731824,6.592881251927079,0.35581378835025723
2025-01-14 21:01:19.901925,13.034529445703097,81.86090130376067,691.4884465508718,12.867194658155363,0.3188821251100833
2025-01-14 22:01:19.901925,6.512342414458149,31.393529650488148,632.1734505212211,4.206824835906239,0.5202737832045777
2025-01-14 23:01:19.901925,8.26910455068165,74.91600220354714,556.0900192778812,8.784494675250286,0.19100023141939004
2025-01-15 00:01:19.901925,8.489429993214504,50.09978828529104,566.4440267871172,5.709863371989858,0.07389880907509898
2025-01-15 01:01:19.901925,8.241696353094623,69.38286786971986,349.1580867358891,16.593976723628554,0.057994802543363456
2025-01-15 02:01:19.901925,9.165580125448237,73.30222541315688,406.5769316726876,4.036973976635282,0.04403023363148523
2025-01-15 03:01:19.901925,15.899637053357017,44.6377641254008,689.3341196965245,1.7406664734112258,0.27915318056465466
2025-01-15 04:01:19.901925,9.416075204982413,42.89339121691023,618.562367240341,2.4522725744476768,0.12913468550370744
2025-01-15 05:01:19.901925,16.288392865524735,37.22521850395352,390.3878786164956,8.647984628150871,0.19995712684241188
2025-01-15 06:01:19.901925,7.4046416973514795,41.73315379966017,609.9188132757401,11.981868293857971,0.01978346637034795
2025-01-15 07:01:19.901925,11.943266751129814,41.035543743282396,677.5572274479244,13.039338491014696,0.011535358933535132
2025-01-15 08:01:19.901925,12.925739794651246,70.33919439827673,178.0190783856641,12.457950965569333,0.04503110292417391
2025-01-15 09:01:19.901925,8.187917764062774,61.81688709459797,691.1948752516723,2.341026132035349,0.11174493271538005
2025-01-15 10:01:19.901925,8.510415944541053,71.32298451306231,810.8730136497593,4.723103058202015,0.06073322839207865
2025-01-15 11:01:19.901925,5.106236694048354,31.331460100240825,177.3466751027459,14.669127112145187,0.39266346853780065
2025-01-15 12:01:19.901925,5.038007034815819,87.06096518311332,372.4646305198024,3.8372261419906235,0.26464220529478527
2025-01-15 13:01:19.901925,9.462437791364724,79.84408702338341,239.5918897573286,10.250421704862045,0.1072621718310448
2025-01-15 14:01:19.901925,4.623247117103604,71.94294599226231,298.15788254522386,14.331788672124455,0.2461388777254212
2025-01-15 15:01:19.901925,12.32092466801168,53.61315662838275,719.6753821481595,15.872687606988453,0.4866534143685418
2025-01-15 16:01:19.901925,4.4929270870269695,44.015619840029544,558.409566789228,12.621843230714598,0.06847196872466345
2025-01-15 17:01:19.901925,12.974155075520368,54.924320578622726,935.7960371245388,5.613305435841632,0.1688654306814176
2025-01-15 18:01:19.901925,12.862809436199584,52.254238187517345,184.4432854353161,9.718962325218104,0.025555420264980824
2025-01-15 19:01:19.901925,14.870974218912899,51.081565707065266,959.4058993918156,12.110656497311282,0.046448640003433565
2025-01-15 20:01:19.901925,12.156221045320645,43.307929590590135,691.8494636789314,8.662542528940456,0.011524877046397864
2025-01-15 21:01:19.901925,14.957645355273552,69.0792434724938,501.72859465293783,8.225743144644664,0.12863946648794602
2025-01-15 22:01:19.901925,14.383505390682206,87.8387355906323,279.5227857884366,10.201808975152257,0.12550951275723252
2025-01-15 23:01:19.901925,12.51408993626465,59.834015689460855,512.4736648702881,7.387215190999269,0.014767575235527367
2025-01-16 00:01:19.901925,10.357357835803718,88.67798864592771,696.5846693615533,3.9875324053798162,0.06024388823516853
2025-01-16 01:01:19.901925,11.958408506105021,57.55313122277662,622.945151165845,6.67910345405097,0.1624385258046146
2025-01-16 02:01:19.901925,13.548665928507546,77.36148515039929,428.9198633011939,6.192076018335982,0.12421048300051299
2025-01-16 03:01:19.901925,8.92926279506377,83.29565102958406,405.89753393215955,5.19358853997189,0.033169657104988835
2025-01-16 04:01:19.901925,6.832509536625155,32.45917423807939,442.4428252468334,8.829497541640475,0.04661999856883329
2025-01-16 05:01:19.901925,7.622565256687938,87.45111200629717,507.2957994086389,1.6463705574077672,0.06546820371027955
2025-01-16 06:01:19.901925,11.590070709278537,45.59088279466485,194.1520757708654,2.271269125851835,0.6188690463885598
2025-01-16 07:01:19.901925,15.861761796732772,33.54205996001973,550.853280175321,5.012488537475227,0.5377047149056142
2025-01-16 08:01:19.901925,11.42158520663172,58.80293863019497,233.00391213398382,11.453739491124036,0.0005585042278609678
2025-01-16 09:01:19.901925,12.41196843167848,86.78946098206877,708.371900731389,12.050083134963545,0.06538428444751102
2025-01-16 10:01:19.901925,10.956490238983381,84.2796883192066,267.1194709715989,2.4231147475293104,0.13387498307204035
2025-01-16 11:01:19.901925,12.168365946680318,37.53512215768665,0.0,2.764736652763615,0.14452281948510076
2025-01-16 12:01:19.901925,12.884244129794478,51.7151521152996,568.3571641619872,7.554711110219009,0.45103466110974155
2025-01-16 13:01:19.901925,14.017028026374906,73.60158870674798,298.8372651848513,3.2974118545453246,0.03221107573008607
2025-01-16 14:01:19.901925,4.337436502073458,35.096842916380524,698.4346192853405,1.7807987368702127,0.1224859301069043
2025-01-16 15:01:19.901925,11.061771527403684,74.40586126509874,486.957310935961,11.019954517831659,0.0017764665771466855
2025-01-16 16:01:19.901925,11.498179220165216,73.70466230818408,289.55234853311117,7.9281437782807025,0.07272265397929191
2025-01-16 17:01:19.901925,9.188404645723091,42.69042745651829,441.37662907604675,11.295876458189888,0.13673873252954263
2025-01-16 18:01:19.901925,9.400089620555846,83.84890092925727,135.9080615647028,8.9268381293622,0.10385294542302953
2025-01-16 19:01:19.901925,7.231289014891116,78.74137062423037,370.2224373414865,16.8548758636711,0.17397980441350552
2025-01-16 20:01:19.901925,6.840276867444325,87.38270925790303,245.19742391750654,9.66988018948531,0.10924602065096667
2025-01-16 21:01:19.901925,1.4570515541683111,57.18462473443344,466.2819732269099,8.766586637989615,0.21971642723049425
2025-01-16 22:01:19.901925,8.557427365857485,52.7248083827275,561.4997973106389,10.440839065484216,0.12520021718906132
2025-01-16 23:01:19.901925,3.5476445155319176,84.53858251925402,495.4986066562676,11.009350292925948,0.010105573602402254
2025-01-17 00:01:19.901925,14.767782655968832,50.17424154683748,615.076992063262,5.842703906643707,0.0248486684196548
2025-01-17 01:01:19.901925,12.030840849097759,53.187974345561614,39.54112028937334,3.578834268979385,0.05527292250729071
2025-01-17 02:01:19.901925,13.45045245040777,35.31377458652352,277.5164926382283,8.727969149715252,0.32467476611752655
2025-01-17 03:01:19.901925,9.252180793319447,32.04535141440111,468.29459414896417,3.7689697055205236,0.3556141038439654
2025-01-17 04:01:19.901925,7.565309652540692,76.49777654470469,325.4837983116747,14.702388816215885,0.3446218094879729
2025-01-17 05:01:19.901925,11.070081351932384,36.24686276352124,477.2191163540848,17.239551673795876,0.19729925974370635
2025-01-17 06:01:19.901925,6.851220596023538,86.92322541176532,360.12062462034623,9.85881748805069,0.13878142753134434
2025-01-17 07:01:19.901925,8.083827976712366,67.97491176832281,378.86981056868416,5.582648483088502,0.1638705191672299
2025-01-17 08:01:19.901925,10.108387895691843,35.99610115425634,686.6290918814541,6.6080605211995795,0.4427607349171969
2025-01-17 09:01:19.901925,14.912087898719978,53.72559130500915,551.035666892903,25.68989555907018,0.036624646358131854
2025-01-17 10:01:19.901925,5.389499459776717,53.485905131559,637.6104069761221,6.975062533299593,0.06687858394050619
2025-01-17 11:01:19.901925,8.553960900861963,88.99122928600056,406.0527181015717,15.868372560190743,1.4126958210728875
2025-01-17 12:01:19.901925,4.738250197415333,89.60563751988659,460.2624207571489,8.528591811347345,0.023929689655823615
2025-01-17 13:01:19.901925,5.877016227044729,70.76798360595772,513.6038233261212,11.61902421565111,0.11412160830408889
2025-01-17 14:01:19.901925,11.731447592205123,59.599058549689744,152.44800478061495,15.266304169372871,0.031122558629232473
2025-01-17 15:01:19.901925,5.9795960131606485,77.93708501385956,723.3104257435368,12.491799410069763,0.05069477523055404
2025-01-17 16:01:19.901925,8.534188494320542,30.740741773615202,462.4987147222374,2.1853837369100364,0.0182180553227816
2025-01-17 17:01:19.901925,9.343325315051965,65.46080378990183,550.127592861243,8.075691192498818,0.05774055939922299
2025-01-17 18:01:19.901925,7.601650716550084,56.10170304163395,719.5540771706853,8.53829438457999,0.1010699694487519
2025-01-17 19:01:19.901925,9.086588622614293,67.33210375433677,356.93447683086004,8.90498575657168,0.21728069830881253
2025-01-17 20:01:19.901925,10.48059484891867,34.92848398356996,787.215597841825,16.070405139185773,0.953394566557654
2025-01-17 21:01:19.901925,10.575746598342047,66.39957318698775,580.6062173327704,11.054829983049885,0.00659623496121779
2025-01-17 22:01:19.901925,11.151789016622143,39.249434365460395,677.5681587914762,3.1641912895060083,0.006134164931656381
2025-01-17 23:01:19.901925,7.350826286475336,87.5095234971586,417.09127221630706,4.448910374034182,0.38650525165862876
2025-01-18 00:01:19.901925,12.007182197374851,46.121438120823164,1019.9573646034618,14.369477711987313,0.22383548011761098
2025-01-18 01:01:19.901925,9.109824292265015,83.96674574947029,550.7048654016913,7.685725879384688,0.0485944015802254
2025-01-18 02:01:19.901925,13.549888206398627,62.78379459258476,731.2122258389808,8.801871707517083,0.08074528194719294
2025-01-18 03:01:19.901925,15.511558554693597,54.533759309663864,588.1701617972673,9.02800036354912,0.014681024298489146
2025-01-18 04:01:19.901925,10.287736716741176,30.736515105502498,316.4139840803321,3.4225593211599286,0.10006508371994594
2025-01-18 05:01:19.901925,17.534341904164364,55.88535374975111,61.53465181089712,3.094742638577856,0.3872231417325891
2025-01-18 06:01:19.901925,5.112410833141376,46.903611401666026,0.0,10.763436010380827,0.23900259919341013
2025-01-18 07:01:19.901925,9.126361227395574,40.097668914077445,728.8827948150935,11.91712322356299,0.034825104743512754
2025-01-18 08:01:19.901925,10.27810440788218,50.124057580705134,387.11932764670746,12.713239918439713,0.06431651569067104
2025-01-18 09:01:19.901925,8.227283127523771,86.35110563243298,434.1376457701007,3.028965670113463,0.130977963148049
2025-01-18 10:01:19.901925,11.93219003377171,40.39381069990755,645.016315418276,8.072881354176689,0.19953852429446542
2025-01-18 11:01:19.901925,7.553156028129859,47.18062001188518,396.64504596615063,3.56329221171955,0.05860724068103577
2025-01-18 12:01:19.901925,14.127761363191992,51.9742038352242,301.58625207272985,4.408572637791587,0.23188964864446132
2025-01-18 13:01:19.901925,9.096129639729943,61.18150764960319,566.0364602365686,12.611767800111851,0.15897009441851495
2025-01-18 14:01:19.901925,11.476056862616726,49.82976997417732,424.1070751787257,5.164116076357608,0.2962204861141654
2025-01-18 15:01:19.901925,9.89021092076574,74.27829031756649,556.508013002118,5.878953595526681,0.3698211328271676
2025-01-18 16:01:19.901925,6.109423035179272,85.36665092520867,882.1369682827549,13.117244892474469,0.17015248690127055
2025-01-18 17:01:19.901925,7.03509140536095,70.30668810365901,806.3412328585473,11.970838164228017,0.1460402206418818
2025-01-18 18:01:19.901925,7.6992272439786476,49.070338900342534,684.0841175251604,14.282144235287205,0.2214366603283042
2025-01-18 19:01:19.901925,10.91283446625034,30.46365147253287,658.2283828970047,1.34787967863683,0.08749335433433207
2025-01-18 20:01:19.901925,12.623216727299743,82.31296900805228,630.703125041336,8.3683618136963,0.10364547107303182
2025-01-18 21:01:19.901925,5.398081732543366,86.81485146121395,403.9322016660194,1.8079698046662698,0.03189358279465306
2025-01-18 22:01:19.901925,10.529827098717428,69.61928201474379,168.0541536677846,1.6955298060666344,0.2156813573835773
2025-01-18 23:01:19.901925,6.775284498325173,50.73582940282333,769.2632175718761,8.162744466575479,0.2760022317597721
2025-01-19 00:01:19.901925,10.855186418108076,38.48745878230143,73.78564795797945,7.646364622289404,0.3566024779975768
2025-01-19 01:01:19.901925,9.233680346371091,62.43938009861611,505.2483040129108,15.843617634557637,0.2858207105722394
2025-01-19 02:01:19.901925,10.180354340692906,81.8483359151591,334.178006484286,18.187764993570763,0.010853640394444496
2025-01-19 03:01:19.901925,7.179323609236492,68.50022029152103,341.97180130617755,8.83430003296666,0.04914189098009132
2025-01-19 04:01:19.901925,15.947969256230623,67.44825115851265,547.8650056037028,5.1254969998846285,0.16399592425024156
2025-01-19 05:01:19.901925,13.841716099141655,46.22447039370017,389.897452726446,8.123723770173804,0.12978201670635447
2025-01-19 06:01:19.901925,9.43365579081046,72.12407332214102,402.7123210650394,2.6718278093529024,0.46404417854764085
2025-01-19 07:01:19.901925,7.12308100547582,59.18840091331416,828.6618116822231,7.3281828360562,0.43310286237775675
2025-01-19 08:01:19.901925,8.246438249161363,61.70061593818041,449.8979538927136,11.306533998928273,0.2900306348537183
2025-01-19 09:01:19.901925,8.259072270113435,53.114329461456514,556.0098624276937,6.533492751110406,0.10756689080683311
2025-01-19 10:01:19.901925,5.098725559125166,64.25448635826277,398.2726303121377,9.359234148896146,0.2200037044949518
2025-01-19 11:01:19.901925,10.125162471832578,71.51008658980007,298.4802099516695,5.496805642490119,0.007852199829617986
2025-01-19 12:01:19.901925,10.958206262718777,67.10187308199662,648.2669514422313,7.971168036521641,0.15262459778948706
2025-01-19 13:01:19.901925,10.787838069733205,57.00895819266103,654.4560956090747,12.567703667027692,0.18016276302419376
2025-01-19 14:01:19.901925,8.380810296553808,59.75995781344007,167.65123585863364,9.192339059435044,0.1457120839634727
2025-01-19 15:01:19.901925,11.39009374027141,71.01202947634208,540.456351353562,5.189396198784094,0.13025215075372387
2025-01-19 16:01:19.901925,6.259089358547975,67.63170137060871,368.0019375381927,6.721667237034047,0.1304752981079159
2025-01-19 17:01:19.901925,8.3641319678067,72.08284397216569,79.8624383202503,10.428605312165498,0.17717434309670071
2025-01-19 18:01:19.901925,9.89239185322477,48.7720037067182,429.8042502752378,0.9199219463867253,0.1394095412688331
2025-01-19 19:01:19.901925,12.438065230304236,35.77096305470483,291.14871441559205,6.613112326989709,0.35222423250454593
2025-01-19 20:01:19.901925,12.509086923114433,68.63951091731809,597.9118876412036,8.784358529015693,0.15752230081284407
2025-01-19 21:01:19.901925,7.068377488072638,72.21351808787276,356.98482249123185,6.8248486142706755,0.24638074161330673
2025-01-19 22:01:19.901925,8.034401213974173,57.56512586123277,303.5809845996014,7.466301787656745,0.12760302160356485
2025-01-19 23:01:19.901925,8.784503890689932,84.79722503171863,278.2224825104553,15.152218310231138,0.23028825879295606
2025-01-20 00:01:19.901925,13.347739778246236,65.65607350230236,321.82231369047315,11.046358923752106,0.013049253519633031
2025-01-20 01:01:19.901925,13.571461110560275,47.97810621271522,4.402606377453708,14.669870010256794,0.9494159347770877
2025-01-20 02:01:19.901925,8.905272514577835,87.6126434908457,572.6719030652608,1.8108524167221263,0.08354071938697995
2025-01-20 03:01:19.901925,10.263950481805807,85.76636386423289,587.1602117296774,5.335788951617784,0.07763094611945477
2025-01-20 04:01:19.901925,9.616862533190545,60.55589094680403,708.9994479525789,7.894639053906816,0.10998754446058268
2025-01-20 05:01:19.901925,10.372665694079963,53.77709433688595,637.2677539110659,8.71262936303392,0.016212709268062838
2025-01-20 06:01:19.901925,8.151688442951192,61.05806887527339,303.20025509981724,8.019067600550699,0.051320972186811836
2025-01-20 07:01:19.901925,15.820158685130107,31.66849568144744,439.55074476015295,5.262020054253377,0.020826947926239698
2025-01-20 08:01:19.901925,13.830872908738263,69.12497096732733,605.1106032151658,21.27390809174195,0.2331846350490269
2025-01-20 09:01:19.901925,8.843131465015023,53.835673507183074,436.3079038651149,2.2977179675059385,0.04750845289863168
2025-01-20 10:01:19.901925,12.55124133944254,30.767843203094117,347.86162997535007,8.58820544886083,0.04668598949693575
2025-01-20 11:01:19.901925,11.941303526528937,72.41190019254171,174.8730590542237,12.823516827964308,0.7076391257453802
2025-01-20 12:01:19.901925,9.891129015738471,33.320776634452905,566.8154266661918,6.082946834285863,0.4094332351232243
2025-01-20 13:01:19.901925,14.882736564730013,78.88544352632775,555.8105611033434,4.297734938666115,0.0841063537428371
2025-01-20 14:01:19.901925,8.312407434839765,81.80956715245466,466.0636019280633,8.528922055943035,0.1465851941703343
2025-01-20 15:01:19.901925,9.64651951702875,69.20340961637224,579.2435331751142,0.897698823973594,0.07103007983981673
2025-01-20 16:01:19.901925,16.156148661721375,62.06818169810667,582.421111346119,7.71193826978142,0.2568601624245989
2025-01-20 17:01:19.901925,4.865086532646696,45.28976965300627,514.4204743257487,5.562408623826373,0.20366668731006757
2025-01-20 18:01:19.901925,14.94752067536114,79.90248029125797,636.7820002243989,16.730585102906947,0.6607792355508387
2025-01-20 19:01:19.901925,10.752574246086334,69.58866624524723,248.52790232402134,4.013606358381445,0.3091484473150685
2025-01-20 20:01:19.901925,18.47537979645359,82.15149193116639,886.774999169562,5.755592875734996,0.5510097882243186
2025-01-20 21:01:19.901925,10.08008080883101,49.15132614043498,783.6471973738012,11.029155159992605,0.20503571627884712
2025-01-20 22:01:19.901925,16.704930577358834,60.794258438367834,546.0207382665092,6.076832183055023,0.1630207918849378
2025-01-20 23:01:19.901925,11.401471999028182,49.958823810468985,595.6490894706902,11.000634313330515,0.5927631322787625
2025-01-21 00:01:19.901925,8.466356807596998,60.14295562258158,635.5645657563048,5.946654024146372,0.34908264739949824
2025-01-21 01:01:19.901925,15.192827075832025,46.32039636057782,642.390062453429,9.616796661273584,0.006152263556805963
2025-01-21 02:01:19.901925,10.140348995303588,58.48529549626144,777.2410757904036,10.29086320790036,0.3871005007462189
2025-01-21 03:01:19.901925,10.370672247109823,43.63366621311792,595.5049068093894,5.663157997775636,0.12124519879903915
2025-01-21 04:01:19.901925,9.739559785013553,38.38459432254921,780.7599213991509,8.321501059133423,0.24582811767920165
2025-01-21 05:01:19.901925,10.535354823162688,67.37266087475845,190.80307052234826,8.202339738872585,0.19503231106396332
2025-01-21 06:01:19.901925,7.880462408229313,87.05826344379221,768.4494885856802,2.2193835967290694,0.6626585858284891
2025-01-21 07:01:19.901925,12.480444824204286,37.8453180140386,605.6731615654074,6.867914825815035,0.22302522214236814
2025-01-21 08:01:19.901925,5.38924496039315,46.55669228579872,286.643737547176,4.261647952916167,0.09727642705347475
2025-01-21 09:01:19.901925,13.296412279316746,34.70817167486441,331.6619401675854,7.564351579973306,0.5394544384442831
2025-01-21 10:01:19.901925,9.825592026807332,34.83069937158523,975.9886985102603,9.681279635162406,0.24751147058445633
2025-01-21 11:01:19.901925,9.926942770247228,46.842623331438446,405.1114512609514,2.1419912512620782,0.7279686641277893
2025-01-21 12:01:19.901925,11.407407018365808,52.6480186204293,735.075762242879,7.400634005971597,0.018108763693479957
2025-01-21 13:01:19.901925,5.186183566217829,31.13119014830692,293.8554144100368,10.61804120001462,0.12746517412557853
2025-01-21 14:01:19.901925,6.968895488012014,61.130461673151615,486.6093927405212,13.740979347218087,0.24844946241034954
2025-01-21 15:01:19.901925,9.30740195027606,76.88204034037696,644.7664419361374,9.400800794884246,0.027098047107180973
2025-01-21 16:01:19.901925,10.55870640583579,45.725579024048514,473.9518807637981,7.667170639317474,0.19160372379169882
2025-01-21 17:01:19.901925,10.41105412612477,87.15017356073537,379.0795574588742,11.391389095102625,0.12143705827128873
2025-01-21 18:01:19.901925,14.438462840235097,62.45043772240582,578.6189915412331,17.28212625267217,0.00017153620158006375
2025-01-21 19:01:19.901925,14.467871540110117,42.31357730527435,561.4612628961818,4.556804006837132,0.05062934283475926
2025-01-21 20:01:19.901925,5.560429515319886,36.851924461391505,424.9884827762567,20.444086072082882,0.21741286379316233
2025-01-21 21:01:19.901925,11.310224712376904,74.24681029412741,345.1480165321584,10.249165828196563,0.3817166500016347
2025-01-21 22:01:19.901925,12.83584499010659,33.56923748177308,456.404650170836,4.316428911757062,0.2965318900720464
2025-01-21 23:01:19.901925,9.142893012349122,37.526136964736814,0.0,3.4199252119551677,0.29275004831494716
2025-01-22 00:01:19.901925,7.292792748109822,69.8782594747295,400.9530452581197,11.723555015325374,0.22199658893491608
2025-01-22 01:01:19.901925,11.386712690021206,54.35445907183466,687.5188538198321,10.84003315646697,0.16313157969675834
2025-01-22 02:01:19.901925,9.289214146980374,49.516834097512884,271.38388066557536,10.346114782035336,0.019256002034258337
2025-01-22 03:01:19.901925,6.682119868654899,72.49991826740771,271.99791594753185,5.463724965220182,0.3680399012576965
2025-01-22 04:01:19.901925,11.185344552277206,79.2165257760135,447.9557051656426,3.979156200793397,0.14821521988364036
2025-01-22 05:01:19.901925,8.397744768637278,78.80005593221111,302.4956403918245,10.760808189090028,0.28652281659981804
2025-01-22 06:01:19.901925,12.89006640222247,38.01073749429546,465.4980285897343,3.786484342143814,0.026024140752286845
2025-01-22 07:01:19.901925,11.069528426641492,75.09340850959717,569.5621065387629,11.718668479893225,0.2757500160240927
2025-01-22 08:01:19.901925,7.296508609841997,85.28137137422698,238.41022494395185,4.870385717327906,0.09995064028763571
2025-01-22 09:01:19.901925,14.941122048929609,82.87118212968215,675.4733005667184,8.637058953514513,0.2453581369348827
2025-01-22 10:01:19.901925,11.961100834744064,78.14534345373681,345.5593497589181,8.617833226973701,0.11021687659201002
2025-01-22 11:01:19.901925,8.120879770366068,88.2918725789657,540.9129521513877,4.9579360442334695,0.02361266965643058
2025-01-22 12:01:19.901925,8.337703334882251,60.88793863459274,583.8070156241985,3.6843460552607348,0.3412354883947892
2025-01-22 13:01:19.901925,11.396316156243373,62.576552547020945,290.04105480733836,2.8271692183838897,0.19785481709992214
2025-01-22 14:01:19.901925,9.925830635910996,68.66305032335342,516.6184406291827,10.321054211289567,0.2353913654619107
2025-01-22 15:01:19.901925,9.76226798458109,36.34199810978088,409.1347396935973,3.7505401998145804,0.7294724845876533
2025-01-22 16:01:19.901925,10.275707776180242,86.77884937581649,413.1601548303461,11.797873620348154,0.38433397964617083
2025-01-22 17:01:19.901925,13.153325250929885,42.18843949689618,0.0,11.99506515971172,0.07145352528385744
2025-01-22 18:01:19.901925,7.538263918843242,34.78345610032811,308.44365595818533,11.644226375463877,0.016778731741179335
2025-01-22 19:01:19.901925,6.302300394592447,82.86902909311877,781.0832655432887,13.080237845775255,0.09787353011740577
2025-01-22 20:01:19.901925,13.023159537861911,53.17540363656826,677.7189094981114,11.693595879390983,0.032880907966082416
2025-01-22 21:01:19.901925,12.778079948716005,56.25480010510567,395.6465862107615,9.697434490985193,0.07035517798372935
2025-01-22 22:01:19.901925,9.23875663149705,60.39021643766412,467.44042348217937,8.342807304150327,0.30993879587577206
2025-01-22 23:01:19.901925,7.812621926979576,60.78978999055348,446.1300709650848,13.109398648584174,0.09039325474508976
2025-01-23 00:01:19.901925,12.081591139720818,30.3911020631124,394.6910556335471,3.749853742101977,0.3644559466345194
2025-01-23 01:01:19.901925,13.536420731539653,85.35908158060286,280.735530693453,13.391397693419187,0.4414006778322255
2025-01-23 02:01:19.901925,11.333695465806993,67.52682303978372,596.4793691253436,12.906220922443865,0.18161745612194669
2025-01-23 03:01:19.901925,9.33045516864826,53.82841819269521,616.5624785813994,21.28630643191237,0.13486520399044796
2025-01-23 04:01:19.901925,11.355950165938626,60.191906133248814,434.6643723481293,13.229923547667672,0.18028249033602417
2025-01-23 05:01:19.901925,13.304682575864081,83.10843186837235,276.06792252424043,8.084521491759874,0.002911760092124462
2025-01-23 06:01:19.901925,10.799923266517402,79.21829396531383,398.5378084525686,8.59750854164398,0.07208201476834618
2025-01-23 07:01:19.901925,11.249497356132341,41.09862617238141,653.2979940753632,7.4525716191526055,0.1528612691948858
2025-01-23 08:01:19.901925,11.7144818920857,58.727614110742834,602.5469109716649,11.699890604722347,0.336387859292758
2025-01-23 09:01:19.901925,8.326223245756864,88.17752835636247,286.9704112006244,8.548204024518789,0.0012111816185427459
2025-01-23 10:01:19.901925,6.504009446947638,84.85660430511398,253.0825094906796,2.1731825948651253,0.02927846817446786
2025-01-23 11:01:19.901925,8.839819765478826,65.73528912184457,26.883221739319538,2.3950461584845284,0.0044866997401590515
2025-01-23 12:01:19.901925,12.828738600809615,47.98305911121267,576.0140553601561,10.31048999293519,0.3204556227132933
2025-01-23 13:01:19.901925,6.911268208353306,64.3255222931779,98.24951645287445,6.204708252845502,0.08095364599710146
2025-01-23 14:01:19.901925,12.093783011846902,40.34786390220718,84.89605877019562,2.5624277242225264,0.6510774718602214
2025-01-23 15:01:19.901925,8.632774120388396,78.96441216572919,444.7233161100357,9.883561718586808,0.0159763703182108
2025-01-23 16:01:19.901925,4.51203389064245,36.89462411303942,338.92909524651697,0.9157777869475785,0.39968589676479166
2025-01-23 17:01:19.901925,9.68556452537462,38.48363226770626,622.9847722159287,4.018287670717281,0.040528505841044886
2025-01-23 18:01:19.901925,7.235899896398477,53.56167616389075,506.11393958733936,9.004922845021026,0.13203849739745147
2025-01-23 19:01:19.901925,9.543660233081457,40.64032206836873,545.1529969523357,12.08519214024741,0.047093997247630325
2025-01-23 20:01:19.901925,13.993301291509628,79.336608206796,445.54627216348075,6.643133179812194,0.05764847344836852
2025-01-23 21:01:19.901925,9.326754057859219,62.06526880931939,452.362454132863,7.503779496531493,0.11662165695906657
2025-01-23 22:01:19.901925,3.8195436314245974,63.114232943675596,529.7795165814198,5.982037910710401,0.29206330978227807
2025-01-23 23:01:19.901925,14.994153045995162,54.59573778676331,892.9348448796015,7.339401661911983,0.03474706609899286
2025-01-24 00:01:19.901925,6.544197483627774,56.31539184304843,860.4524155992972,4.876117495300621,0.27640827660287565
2025-01-24 01:01:19.901925,12.335705829552328,80.04577576641933,384.0448308826086,14.548981617437022,0.14893183069654584
2025-01-24 02:01:19.901925,2.8338919706839363,48.26312917414127,776.987146294812,10.172019839421933,0.029734876754737863
2025-01-24 03:01:19.901925,13.150253683671819,62.74308435725581,556.4605485094473,10.82150023680352,0.04115854486654225
2025-01-24 04:01:19.901925,11.370031196443017,31.031392867247526,596.8284063803135,10.391906915030587,0.0062767910678326365
2025-01-24 05:01:19.901925,10.520072826058033,53.15717708011118,260.5522644375268,9.808419900991854,0.03771520800667687
2025-01-24 06:01:19.901925,11.096254528392933,62.239236461509094,392.812702467806,6.316325359792189,0.45545751118445943
2025-01-24 07:01:19.901925,10.017076075898867,61.26179234068046,419.1697805960361,16.61801202082623,0.12922308944983985
2025-01-24 08:01:19.901925,11.136299366321184,74.62175597700013,247.50947186156628,2.312382564197504,0.011363851627857281
2025-01-24 09:01:19.901925,13.22674704346585,56.58323625317611,559.0143602401114,8.480546630713967,0.09829998518096733
2025-01-24 10:01:19.901925,12.127214559956343,71.54269316700989,343.9947861176156,4.986544758665806,0.21842908036283562
2025-01-24 11:01:19.901925,5.957297201572819,60.487890183293636,780.5055162276832,15.06549799461492,0.11399214082728432
2025-01-24 12:01:19.901925,13.511750933655192,57.95785697753446,860.980818891778,4.005610949462419,0.48569413059634226
2025-01-24 13:01:19.901925,7.588273000030011,42.40353411264314,412.2670505779466,7.266531530583701,0.40268064803357567
2025-01-24 14:01:19.901925,6.481437958674367,53.966419056399346,709.7501246191907,13.260421190754407,0.12886218690215742
2025-01-24 15:01:19.901925,7.791518790626639,50.80075571749804,502.44499584597816,5.583928743972459,0.18675390463579578
2025-01-24 16:01:19.901925,9.409201635493666,50.909463262867234,611.5674860413123,7.139307412479749,0.20374264548935797
2025-01-24 17:01:19.901925,12.03884175621373,52.58151424818325,766.513585417602,13.472998171395252,0.20262686470343239
2025-01-24 18:01:19.901925,11.184596501370688,53.44730574843091,0.0,13.35824138274245,0.2108035105275466
2025-01-24 19:01:19.901925,13.302391544440768,66.38906242099752,272.62694056971486,11.156997328833265,0.43564626665695344
2025-01-24 20:01:19.901925,10.577948424994466,42.42497391813261,380.71022955021914,7.786911893528195,0.015125131123096809
2025-01-24 21:01:19.901925,13.253309283503246,66.52911671785608,533.9024146118062,3.839098216381393,0.1029700158721601
2025-01-24 22:01:19.901925,13.890027138421434,33.23247662509618,509.44471005912516,4.4761044728212855,0.005285396392633409
2025-01-24 23:01:19.901925,13.930256552758234,43.51139707578018,426.0340323857445,4.849455725840704,0.03401328749168022
2025-01-25 00:01:19.901925,8.607747241683693,52.59018342228667,580.9652601655811,9.546209657114424,0.5726172707744248
2025-01-25 01:01:19.901925,14.079331390499243,74.1798365597516,352.62534989558355,10.962307014019547,0.5211502604770014
2025-01-25 02:01:19.901925,11.78200347645463,53.43875497376732,396.48340366002407,16.82641440233475,0.19924111324518468
2025-01-25 03:01:19.901925,12.018043091979926,43.34424999712037,20.95826988006928,14.540997643703014,0.40400885343071535
2025-01-25 04:01:19.901925,11.144517353145947,89.77721036786026,345.61708242553294,5.618197900907699,0.16673734537769158
2025-01-25 05:01:19.901925,6.46787581246844,79.87656488723968,416.31488582338676,5.758559770283228,0.15661185989661444
2025-01-25 06:01:19.901925,8.238793795882602,80.95595409775498,495.5932495306432,7.157324608792558,0.006143694653630676
2025-01-25 07:01:19.901925,12.008518757509938,43.47718683043374,444.8741194234078,8.153728339828728,0.16942405341529845
2025-01-25 08:01:19.901925,14.28369559507497,79.56526272336686,309.83633441396375,12.492336801715565,0.029051598676138747
2025-01-25 09:01:19.901925,9.812253898805071,62.04123192001462,169.0134340528515,11.32262740512368,0.4369548110538249
2025-01-25 10:01:19.901925,9.378950328748925,79.6857515086362,854.9054569600821,11.554789773791079,0.3623232351952468
2025-01-25 11:01:19.901925,9.743587110603405,57.59642726394259,465.17440482027746,3.0800073930344145,0.20649302027970512
2025-01-25 12:01:19.901925,15.544695896414506,48.31360140781175,441.050079145529,0.5108175693858338,0.3756677867799134
2025-01-25 13:01:19.901925,13.340522555898943,37.116239674664186,599.4765885284731,9.425359812542213,0.22330788953508854
2025-01-25 14:01:19.901925,8.948083971645826,31.9222696486283,529.2394644969106,13.531282899602514,0.13892332110018818
2025-01-25 15:01:19.901925,9.22145918594786,70.76240534643819,392.575967975438,4.282644498036766,0.2801422692860003
2025-01-25 16:01:19.901925,10.083677658669403,61.513087499154565,281.00768655281263,6.38715047694806,0.1854996929476171
2025-01-25 17:01:19.901925,11.519149429080253,60.53660146577105,453.77358727154194,9.07026736000223,0.08543308760072815
2025-01-25 18:01:19.901925,10.724753206697667,73.31792670388637,698.4702243764374,13.700037643558698,0.3338607497282015
2025-01-25 19:01:19.901925,6.0841845527789165,69.91958773332654,214.57966925787184,8.83180121059058,1.6194605853689783
2025-01-25 20:01:19.901925,12.158655792953473,34.46622815761478,517.7451961228304,10.40937110743463,0.07365690535504055
2025-01-25 21:01:19.901925,13.713369169312111,41.344940481138,578.5225026616786,13.15429951746782,0.07406076787141656
2025-01-25 22:01:19.901925,10.78786967327854,63.49198397547704,311.2556341860591,5.844268061905381,0.2522809017585881
2025-01-25 23:01:19.901925,10.682621542864174,41.429602748961045,398.38772717338827,10.059405212002474,0.04756140263415363
2025-01-26 00:01:19.901925,7.909744303258971,36.11355891766472,296.6384043325777,16.922858418774204,0.17734938966033997
2025-01-26 01:01:19.901925,14.131336618301354,50.40148150612126,525.1199120450892,3.148983187969205,0.05406831012066349
2025-01-26 02:01:19.901925,8.472861882331443,66.56490683097374,108.32333548812636,13.214328802705058,0.0062885269697274745
2025-01-26 03:01:19.901925,13.247636630535329,52.60312458709858,434.73499949250754,2.7890044434450596,0.002969017580635752
2025-01-26 04:01:19.901925,9.338842223751731,70.07267765883269,641.5905882945705,13.989576854695143,0.09157862040742132
2025-01-26 05:01:19.901925,7.896880267190675,50.29831676627002,713.9304910634638,5.520653928906171,0.26222768963276255
2025-01-26 06:01:19.901925,13.945006839523924,47.8811147959781,311.78469378531963,6.188097066362243,0.3311794489236692
2025-01-26 07:01:19.901925,14.710542286768185,68.88251028243663,349.7450317198766,7.626761171572834,0.18604564077245
2025-01-26 08:01:19.901925,13.789049915887034,54.63970141083692,467.0888572468534,13.36060001677155,0.17355674785757724
2025-01-26 09:01:19.901925,7.312382813608649,76.2712754997883,688.802961657123,8.416079760178167,0.32020305792249354
2025-01-26 10:01:19.901925,9.085296391794866,76.98075228209785,694.8564141716663,5.598081500900008,0.08934270965211834
2025-01-26 11:01:19.901925,10.131178378521437,65.86167363165411,398.42315116506643,22.20496515923545,0.022887091813182003
2025-01-26 12:01:19.901925,9.866828593895935,48.02368710499309,986.3262345467567,11.432318199946254,0.09040311713424885
2025-01-26 13:01:19.901925,9.05261502972029,46.33200941510292,512.5307360519371,8.068003220087089,0.07154765192973768
2025-01-26 14:01:19.901925,6.588472360795683,72.56807304643142,301.72108700474064,8.540679891056449,0.4515910001939939
2025-01-26 15:01:19.901925,13.49107867645213,51.27053766963678,383.2731066279844,5.718836821156394,0.0025948563981400105
2025-01-26 16:01:19.901925,14.414371072719376,68.00485638202012,310.55216185502684,3.218700295391692,0.11232985814575876
2025-01-26 17:01:19.901925,9.736428810074594,44.54982569944858,621.5238039701201,8.893166430919177,0.3914325310157517
2025-01-26 18:01:19.901925,14.97660798942777,44.69225235798888,491.60631871467245,10.882988850547745,0.06320410924175116
2025-01-26 19:01:19.901925,13.827156443781337,58.86289116115219,630.7825351537815,18.055228954443233,0.014916405731555627
2025-01-26 20:01:19.901925,8.370461158223625,85.43343813354933,513.616405288028,1.8627421150735826,0.05085075253908455
2025-01-26 21:01:19.901925,11.103799261697121,47.10447309561664,186.9706143806357,14.682809363163,0.15839578237757782
2025-01-26 22:01:19.901925,15.369748441323573,68.44397105275051,471.43517471724465,8.464985482855568,0.24871846243009266
2025-01-26 23:01:19.901925,10.083959583395304,64.00763283065967,312.47782964195864,25.21188697882767,0.08611099674824733
2025-01-27 00:01:19.901925,12.032773156819058,85.40992555641829,791.8231571788887,15.18106050507803,0.047214573513332116
2025-01-27 01:01:19.901925,11.090806820171123,44.7085111630238,166.03671490169222,2.9976183969653487,0.3561685135982883
2025-01-27 02:01:19.901925,15.79958874034595,62.35608888098744,745.1323838279473,10.87980760272668,0.5741879077988983
2025-01-27 03:01:19.901925,8.099083428024185,49.08402117455248,382.36712967731097,6.479265036027596,0.2577106985222004
2025-01-27 04:01:19.901925,14.23011193204637,83.26890843948433,542.6193006514171,10.673893338392912,0.027259539714637005
2025-01-27 05:01:19.901925,11.172016640962825,61.159711592301,381.8331879903595,8.787808046397805,0.053393447282998
2025-01-27 06:01:19.901925,6.706507269536684,75.33135637569825,561.3660673257264,7.717148215172099,0.36553508996778844
2025-01-27 07:01:19.901925,8.538658187618186,77.77277817492799,404.9730404724808,5.804995541271495,0.19999685507410073
2025-01-27 08:01:19.901925,8.801252535450491,54.99258996347881,950.610260184984,8.610287973249518,0.025336341446721616
2025-01-27 09:01:19.901925,13.934603717022917,80.25393539643687,493.7103480262913,12.475928041270121,0.38157234807709406
2025-01-27 10:01:19.901925,9.03906421433545,48.118357359527195,452.6492108870201,9.362637504980361,0.07446767736343682
2025-01-27 11:01:19.901925,10.938885348641083,64.31805234120304,508.76074850134876,6.806368516147621,0.16148669884950548
2025-01-27 12:01:19.901925,11.316223652256014,65.2369684690072,822.4430090862925,2.18608445224219,0.22321760690432788
2025-01-27 13:01:19.901925,8.751429483428563,73.5188843825714,794.4854612943261,17.463767195646245,0.011494757288795301
2025-01-27 14:01:19.901925,10.52489526585954,48.92798233134287,465.1587370140373,11.570300361706675,0.04679878814242108
2025-01-27 15:01:19.901925,11.381872336821946,66.98067197864685,564.9398184725659,8.959775868433157,0.3304076251298351
2025-01-27 16:01:19.901925,8.773600406674753,70.18246166235278,887.732310551003,7.822716510387261,0.03966744299235291
2025-01-27 17:01:19.901925,12.228861673395361,35.150944448886925,405.14743689012465,7.081962061934703,0.005510833289328457
2025-01-27 18:01:19.901925,3.821731471851834,65.32121458542676,457.0260572398798,6.85991276929148,0.18460811631102259
2025-01-27 19:01:19.901925,7.19474626650347,32.43654905428211,925.9837956480255,9.295082018501876,0.3369974785048483
2025-01-27 20:01:19.901925,12.773075801173519,84.44715618194205,546.2303208719193,12.050073591688282,0.03971029507838629
2025-01-27 21:01:19.901925,11.425256178823044,75.63553116560105,555.2958577597963,3.9162888641963614,0.010286680525730587
2025-01-27 22:01:19.901925,6.8225153938027905,40.9558358957903,773.5804138303273,9.284112307716232,0.057732524086691134
2025-01-27 23:01:19.901925,12.944520362654128,55.86731581893268,54.88008952125102,5.5872584189884265,0.4901324925300431
2025-01-28 00:01:19.901925,16.94204256036457,89.05551659025984,499.81373739594454,8.011598566018868,0.025731399666411484
2025-01-28 01:01:19.901925,15.670374486705235,74.855340459964,506.0532314302304,11.636925897828567,0.05412013931716814
2025-01-28 02:01:19.901925,4.58467139223846,55.18682351243291,597.0043922998992,10.014236506682135,0.008576896052025555
2025-01-28 03:01:19.901925,9.06907131265704,83.7167534994821,520.8481759716531,8.542815016516,0.34775613924419385
2025-01-28 04:01:19.901925,10.545887845214688,82.33193723089533,288.666546638077,10.70359923320359,0.040994222032226135
2025-01-28 05:01:19.901925,6.65725839614899,68.91588938971853,602.8977835238337,6.1594840734063,0.07306388024251835
2025-01-28 06:01:19.901925,8.887644243262073,64.31668545435582,637.7553242198323,15.358671057527399,0.0617561297395216
2025-01-28 07:01:19.901925,14.930721016192793,60.91415931625369,475.85648543944035,9.217035923780628,0.8540725633575271
2025-01-28 08:01:19.901925,9.65701497292658,54.812864810062734,760.6812365549174,14.932550372116234,0.12250846881852205
2025-01-28 09:01:19.901925,10.49107406978866,58.857677148558736,296.32610472797796,6.73242415030643,0.09351487515487976
2025-01-28 10:01:19.901925,10.42942252620878,49.53742229099423,516.7078845152331,1.7768324054360263,0.844944808954047
2025-01-28 11:01:19.901925,5.310190898943812,45.71434625072237,490.82232115949057,9.120148747796533,0.07755888074833642
2025-01-28 12:01:19.901925,14.723737320934369,31.437383614872708,382.59859473282734,20.839957348770284,0.2475751718981387
2025-01-28 13:01:19.901925,9.324802907900917,75.16564695175,594.5813610055988,2.26748703501815,0.3094017012317712
2025-01-28 14:01:19.901925,11.74655056865706,53.48029209788342,570.6558011279527,7.549312241208255,0.04460584896448
2025-01-28 15:01:19.901925,6.401939928330769,58.58978723236636,514.6270005282842,4.1058952040745105,0.17827477509875275
2025-01-28 16:01:19.901925,12.859010311554073,40.943448839381645,561.0013167739075,4.447043006111155,0.08352403303001561
2025-01-28 17:01:19.901925,8.29258918277251,73.36021310777447,504.1360789644962,9.214239609197483,0.36055322073314905
2025-01-28 18:01:19.901925,9.7972853687493,64.33741398854971,719.3485855173103,8.371956258229812,0.25386986270889383
2025-01-28 19:01:19.901925,16.587573584292542,51.663702818821946,546.4712955690624,14.08079308184504,0.06765533582591995
2025-01-28 20:01:19.901925,10.344356735584963,85.99040495403536,400.599532892812,7.770032876095864,0.5915281246244083
2025-01-28 21:01:19.901925,6.565012556389783,47.366819537394434,462.6999177935358,8.722686557241405,0.16203648741048182
2025-01-28 22:01:19.901925,8.053591002723827,78.27114998574363,621.2404121466504,10.903277927916841,0.03173068108988994
2025-01-28 23:01:19.901925,13.57559289276804,37.46108016206023,474.7086380196566,8.634305682418669,0.09884037374047833
2025-01-29 00:01:19.901925,6.615209929982553,54.01742206480091,474.2195500936217,15.357590654177123,0.011335567158691617
2025-01-29 01:01:19.901925,11.776937791211623,50.398522044630305,1.6540400083936788,19.99447200643979,0.4165985811687352
2025-01-29 02:01:19.901925,6.746417028004695,85.56010616519089,271.18161086178856,12.324938162279633,0.33508101995311046
2025-01-29 03:01:19.901925,6.728509775763982,42.27217936779695,490.68384808513684,6.347077150673407,0.13584111640131433
2025-01-29 04:01:19.901925,13.692658290156357,70.99047850097874,436.507351104585,2.52512744655137,0.14266650739365225
2025-01-29 05:01:19.901925,10.537174244975946,83.21189809916848,406.7320439515304,13.4139132107574,0.07435843289222936
2025-01-29 06:01:19.901925,2.9415283548270317,59.84863099467806,594.9370473801943,9.053207871200666,0.23123712777861455
2025-01-29 07:01:19.901925,11.074779790023786,37.69250576932799,550.1407489377714,14.161455225409387,0.17419580273091642
2025-01-29 08:01:19.901925,6.030629984830791,68.57468549134944,517.1483422824252,3.324744939574252,0.21917928911970513
2025-01-29 09:01:19.901925,8.933481459551565,55.36979684552239,190.61284626387754,11.234964498947786,0.22675086035916003
2025-01-29 10:01:19.901925,10.508856432113294,51.42681106475674,425.17753741203865,7.045210922307717,0.12393226295101085
2025-01-29 11:01:19.901925,8.985340596376743,47.804753773378195,1077.157124375178,7.651030006171133,0.03022132380239841
2025-01-29 12:01:19.901925,12.882432286401745,63.627765900966295,688.0386999541256,16.190057897279015,0.539250340205705
2025-01-29 13:01:19.901925,13.876459400899254,76.5868475431054,375.8415722902544,6.808742876871982,0.3023170709913984
2025-01-29 14:01:19.901925,9.60298538286817,65.09790196778204,665.4421571266727,6.393701706932994,0.2281304743228954
2025-01-29 15:01:19.901925,10.808929559835178,51.101794937108096,645.394066884054,7.4929117001239,0.008396635176656505
2025-01-29 16:01:19.901925,10.638468410352521,82.98962441929541,650.5506059253861,1.829264214820773,0.16215093570229572
2025-01-29 17:01:19.901925,8.94350129585632,70.28349203069843,781.8635320439048,2.2420360877810035,0.05138082254230523
2025-01-29 18:01:19.901925,16.630198053466906,77.82537420915158,374.52944500469516,8.26784173318783,0.5673250173211217
2025-01-29 19:01:19.901925,11.7651177683669,55.19369449197568,664.7764573151836,8.557097410629659,0.26738126949657953
2025-01-29 20:01:19.901925,11.828054914404042,53.88601710308973,831.1487544162048,5.0457848367364155,0.03979421565989951
2025-01-29 21:01:19.901925,9.930135245245818,63.220215609203294,804.6899651480494,8.446797038283936,0.044243801837600266
2025-01-29 22:01:19.901925,8.725604314681366,69.43841994735283,448.987024634292,6.9259684065225,0.07252446744274704
2025-01-29 23:01:19.901925,10.10436409141152,49.929952202092636,294.31978468262247,7.085924703081421,0.1153240719796067
2025-01-30 00:01:19.901925,15.31480583351276,30.774809069465224,836.6097031026106,8.761255125581751,0.02242055380100339
2025-01-30 01:01:19.901925,13.208796117203802,51.41543762955652,483.1226582148074,1.6137636564954128,0.061288091030097525
2025-01-30 02:01:19.901925,18.76754570354033,58.15580854765032,603.6670521036798,2.1041703995928214,0.043452449229357024
2025-01-30 03:01:19.901925,6.432162131692849,78.12134101149294,353.70883125768216,5.074399952547682,0.3814593289045136
2025-01-30 04:01:19.901925,8.923797248639397,72.74191329253512,699.330884381788,10.799865697917657,0.15910078617709336
2025-01-30 05:01:19.901925,15.611818488210723,46.925233718631084,484.3131975847799,4.427795814328882,0.09319281984848482
2025-01-30 06:01:19.901925,8.4151768064163,85.1158519034426,764.8694854063426,7.102203518653242,0.01827004592578235
2025-01-30 07:01:19.901925,11.317786897494896,39.527021999725534,695.5739628106151,0.8294394805947378,0.34918486187020314
2025-01-30 08:01:19.901925,12.496701602189018,47.388067999219984,402.5323634284182,11.423932504374454,0.09819733872879415
2025-01-30 09:01:19.901925,9.51006285757704,51.27364704302839,501.9449147608384,20.337675450736846,0.299320766095336
2025-01-30 10:01:19.901925,12.320057508918136,63.54781710594812,526.239205803581,10.926031822064616,0.03379303968165955
2025-01-30 11:01:19.901925,11.262170737735287,75.59385705446252,464.49029788354176,7.906946346029525,0.1231034797751815
2025-01-30 12:01:19.901925,13.649585994899343,53.517093729312585,827.6772973026125,3.006160517045697,0.0891144809077812
2025-01-30 13:01:19.901925,13.785066564056418,40.57506185247184,677.2747526446124,5.899671181267032,0.27378897148851017
2025-01-30 14:01:19.901925,11.891791460368372,78.91378766530028,129.47503625130025,6.990261134599182,0.09241632105077333
2025-01-30 15:01:19.901925,9.007698962742506,48.068825993195986,446.96836587012297,15.996915617718122,0.054196008132102326
2025-01-30 16:01:19.901925,11.985704085955188,77.45358398006647,488.014598619499,20.441655356122503,0.0781824380435432
2025-01-30 17:01:19.901925,9.185132588263295,78.33131008163014,245.16310131519256,10.15132453375508,0.15839110586153093
2025-01-30 18:01:19.901925,11.312699307884811,67.35741997408016,367.27586498671405,4.583166064948673,0.03281520523544456
2025-01-30 19:01:19.901925,6.216894728963652,85.38106584611725,811.9021823984885,7.0414822082833775,0.026126703514907715
2025-01-30 20:01:19.901925,10.127966766543167,70.1863271016764,736.4658717355355,3.1081148274738597,0.15846335456191318
2025-01-30 21:01:19.901925,14.17261854376742,44.29340705623859,524.1983425575032,6.594698361427356,0.2020061508490036
2025-01-30 22:01:19.901925,10.545885248654704,45.31189882572181,350.8895250947926,5.272267376495641,0.12252400234756021
2025-01-30 23:01:19.901925,6.7836228238582486,60.02507830848539,437.97730207602643,2.274885171556935,0.3203941643262586
2025-01-31 00:01:19.901925,12.64114503784386,86.41761621083054,777.8522367292292,7.544263109735184,0.009705711591521676
2025-01-31 01:01:19.901925,10.476898201312798,30.292565198847765,554.1615917919229,14.82645569402414,0.33429709418331427
2025-01-31 02:01:19.901925,6.357124601911579,74.05388299713591,356.5452049411783,11.27067166011055,0.3456662016134606
2025-01-31 03:01:19.901925,9.715165829255707,68.79188333654582,599.6494326217457,3.043698850122538,0.006014492119066999
2025-01-31 04:01:19.901925,10.234710300748016,55.29605718696445,190.61543444691142,11.357168611858551,0.02298355738113615
2025-01-31 05:01:19.901925,11.782454939642903,52.513491473340096,375.37349087132475,7.7913663420871035,0.1333140079182206
2025-01-31 06:01:19.901925,2.423510730144848,32.65710516927255,429.95437176683583,6.39701271791138,0.6535993017821107
2025-01-31 07:01:19.901925,8.241472263036203,82.34711507041649,578.3769671142577,9.067322744586097,0.0435938709064572
2025-01-31 08:01:19.901925,15.555700066704699,40.92797191459916,456.9942711011893,2.4114625625741253,0.40133648382779924
2025-01-31 09:01:19.901925,5.716284160436726,70.66719462838884,598.6346301102121,8.211726218623959,0.16117969148096756
2025-01-31 10:01:19.901925,11.597282087567459,66.21439742684667,663.2561534575533,2.928585994388662,0.022511541860735715
2025-01-31 11:01:19.901925,2.6326451372399724,42.16538266287943,371.16544411871917,4.266926339478582,0.14877361432096617
2025-01-31 12:01:19.901925,4.823840680684214,62.53928180112606,647.8524727878364,4.098255371274947,0.23280507410198614
2025-01-31 13:01:19.901925,6.630911343221191,66.64433937041922,124.3748265214158,6.992233775154579,0.12824424701131792
2025-01-31 14:01:19.901925,8.247118607022145,43.07468600053711,477.9090988907863,5.327902844420933,0.04141127595178534
2025-01-31 15:01:19.901925,6.818205533280881,79.88662098087903,332.20174595427795,13.767782502218198,0.033075992238567935
2025-01-31 16:01:19.901925,12.921073817631484,70.97677142029073,502.1134252368025,11.687151572591736,0.023411939284268258
2025-01-31 17:01:19.901925,7.57184773768147,44.543226806098545,913.6027857155036,17.68498955809101,0.13854513080081599
2025-01-31 18:01:19.901925,12.783709721614272,70.44121840439534,561.8754985974697,19.372776684488468,0.13749158756255697
2025-01-31 19:01:19.901925,9.968750595672,56.447175937060074,611.7169427416477,5.721658685021907,0.17196725632845672
2025-01-31 20:01:19.901925,10.404849784492606,79.39662265700144,444.38404706496016,5.266894597621422,0.26625814367490913
2025-01-31 21:01:19.901925,12.203047947870104,42.65859409766288,398.93579336317464,7.305926510597112,0.173768677765072
2025-01-31 22:01:19.901925,11.171010897869598,72.14591941336083,287.1336750341896,6.910663065896404,0.12885196251711303
2025-01-31 23:01:19.901925,6.620596598714664,76.5822475645862,687.2542677586594,4.535881695446577,0.2781816624162572
2025-02-01 00:01:19.901925,13.911713334443977,46.46645946770708,442.61891772945546,6.466427355291717,0.03455190431296736
2025-02-01 01:01:19.901925,11.281738318788618,77.19670524821663,896.8825064372727,2.965665299402567,0.16709413110135163
2025-02-01 02:01:19.901925,8.857936169906386,75.71969119360071,721.8696126308563,1.882384160173707,0.34623431261668497
2025-02-01 03:01:19.901925,13.188460740919943,78.06519341311872,366.57386586446245,10.17097542456391,0.06433010466860022
2025-02-01 04:01:19.901925,11.550237740651967,57.575947193959664,950.7939763945651,11.375000383355022,0.23307854129644553
2025-02-01 05:01:19.901925,11.155381196100084,66.33889075906697,676.3589984015804,9.254031682120438,0.3624220760771138
2025-02-01 06:01:19.901925,10.282493373709928,46.001984912819395,912.7493740386318,14.366561702546397,0.2270682934792038
2025-02-01 07:01:19.901925,9.323501822151151,59.084201554582094,572.327384648888,4.4884361056548325,0.010745675462837521
2025-02-01 08:01:19.901925,10.952558120814349,51.94025827197332,197.3859601940062,5.283050625092787,0.060696171118679955
2025-02-01 09:01:19.901925,13.288736306549351,77.4708093727283,320.9133651808803,9.418528753757991,0.021270657992540007
2025-02-01 10:01:19.901925,9.815953969511726,32.91461468060403,319.08801664046706,4.076257526934514,0.5513026959045004
2025-02-01 11:01:19.901925,8.908497646209891,84.98762101053269,178.75848896640719,10.954932335032861,0.5200039531266422
2025-02-01 12:01:19.901925,10.601273148176183,86.54525272310846,737.9628059353672,7.108548173640935,0.024231985089592636
2025-02-01 13:01:19.901925,7.389690036294166,81.35304356749586,574.793890694892,12.864697698035432,0.10487199071834122
2025-02-01 14:01:19.901925,11.350569930803836,84.64445157010474,356.57165857954067,16.540282543466084,0.08348386419630921
2025-02-01 15:01:19.901925,13.593395553735352,68.63550479422983,242.45135364708443,4.936964802332817,0.5756418925705962
2025-02-01 16:01:19.901925,9.241765723493636,54.027353683856674,640.2226158340441,9.494981603609807,0.35413848694773803
2025-02-01 17:01:19.901925,9.414488771349813,49.75591979685568,742.9750711812442,14.395992498680588,0.3393082577850683
2025-02-01 18:01:19.901925,8.80490090646962,31.332221633814928,356.9184260138902,7.7033404898284115,0.07576214136971322
2025-02-01 19:01:19.901925,3.4454835809073563,56.397453648459354,374.0929490029791,4.134502548324484,0.007233896759860449
2025-02-01 20:01:19.901925,10.594306391337538,84.71569092672007,659.1354868047969,6.271113371140943,0.026380465823353863
2025-02-01 21:01:19.901925,13.575453903457637,56.24305888404433,769.9095752986519,9.335942968008583,0.4620534864599824
2025-02-01 22:01:19.901925,9.798289738462454,32.04854416573399,528.5375707874085,11.713833645845872,0.22847977943800346
2025-02-01 23:01:19.901925,11.48077843898481,83.37144121613156,371.19153573924746,4.955075094109938,0.008355962155582377
2025-02-02 00:01:19.901925,8.384033366117457,54.7473281446006,857.9710709233789,12.263710612436352,0.3283466036967779
2025-02-02 01:01:19.901925,14.181041921560471,68.84995270185561,169.00947035638075,9.260772479612815,0.5872839365068443
2025-02-02 02:01:19.901925,8.153382718646617,47.3231589601232,362.274722601908,7.864014644213363,0.1027711848409209
2025-02-02 03:01:19.901925,7.759350489370259,52.739715180546696,593.272251126346,7.770005465498465,0.02280656195453485
2025-02-02 04:01:19.901925,7.7566687208499365,85.8706116929556,536.1499135672989,12.131390041337795,0.1132751035702744
2025-02-02 05:01:19.901925,6.170039267985873,63.58522020348899,493.17207805850967,6.771796832959444,0.5476919069872299
2025-02-02 06:01:19.901925,18.621765903276163,64.9267602164768,695.1219162455147,4.759974000570859,0.4784481257668515
2025-02-02 07:01:19.901925,8.1247815950269,61.8102219588175,118.82955102396494,12.78577590346584,0.011285349167564521
2025-02-02 08:01:19.901925,4.41190040302347,46.555152210351,19.79700218619638,4.290574450787445,0.1712397221599386
2025-02-02 09:01:19.901925,14.825811732078458,46.58860807288522,385.4758713637738,3.3093437487035997,0.17419392362225714
2025-02-02 10:01:19.901925,12.57801528635072,30.940103334934093,344.3915492384312,6.0121588358146365,0.10133740749472411
2025-02-02 11:01:19.901925,5.479584027206661,66.49358855158249,759.3444171870435,6.936849563093217,0.1345615325572006
2025-02-02 12:01:19.901925,12.819956888004985,61.75597969821884,370.75724773889704,10.197447009937537,0.19797086526031688
2025-02-02 13:01:19.901925,12.292048963075073,64.79842654542827,539.6432973446288,7.086271532109033,0.5845678505024925
2025-02-02 14:01:19.901925,4.33097882503789,82.2417677639205,449.9736105092943,18.80341153159805,0.35892834473886
2025-02-02 15:01:19.901925,16.344719335981903,54.855426028161986,389.98324541630564,4.217505559005652,0.1745634523644919
2025-02-02 16:01:19.901925,8.256458207999398,50.22084835288996,67.45402512092909,7.102678809478364,0.1943252847503121
2025-02-02 17:01:19.901925,7.548384594223283,76.5736604313573,214.24575202265237,4.208862178060466,0.10499333042435972
2025-02-02 18:01:19.901925,13.674844737167758,53.917370329068916,654.5153747521604,13.521932433202563,0.16147959504641307
2025-02-02 19:01:19.901925,7.277472023104072,71.28007552416285,739.7354055728556,4.536030166539154,0.10598849891359492
2025-02-02 20:01:19.901925,13.33141873391342,79.30253093133064,789.7670065775167,13.542843065795942,0.12176451770269806
2025-02-02 21:01:19.901925,12.78181175067647,59.94794116944733,484.14735227958005,9.653466985546032,0.026179070427223002
2025-02-02 22:01:19.901925,10.154225978258028,85.99129325214801,396.1521014742719,6.101788809609726,0.04222007808195059
2025-02-02 23:01:19.901925,6.886832596011947,31.5716014753744,524.7655696645165,11.45086817691508,0.15903903512242046
2025-02-03 00:01:19.901925,11.807634615468531,39.21324675979335,398.8811780406662,13.60860816179417,0.32830088278020136
2025-02-03 01:01:19.901925,10.551828848058713,41.64885554266168,335.1484002776016,14.893857494575876,0.20359505125725438
2025-02-03 02:01:19.901925,8.39917313822977,54.6011217853207,115.47031838211541,3.2052369777549714,0.8565045820127942
2025-02-03 03:01:19.901925,11.967443245730408,83.60526360282327,117.85411546920415,5.755532415435595,0.22916647894714448
2025-02-03 04:01:19.901925,10.367574431730453,75.88581449233861,377.6923398377642,15.358806887875502,0.03730164134109614
2025-02-03 05:01:19.901925,11.895325085696406,77.17816596903336,356.00344192269233,3.3945684254367925,0.0905596447771264
2025-02-03 06:01:19.901925,6.497768102536341,44.43654183599952,679.1198530741034,5.869468604336099,0.08060005575142593
2025-02-03 07:01:19.901925,5.505994448918683,76.28087842441265,392.5714940708047,9.170995939456345,0.10158611825145597
2025-02-03 08:01:19.901925,12.936557257414762,87.06229361261586,686.5423277227942,13.62745981241347,0.1915406737052713
2025-02-03 09:01:19.901925,10.575138346142777,86.61524667063254,429.4852188879412,9.137449542167596,0.08407560075365976
2025-02-03 10:01:19.901925,8.849818250006923,36.99766709971959,240.76589472088608,4.746823218159553,0.04454132820854187
2025-02-03 11:01:19.901925,6.84745867906667,87.23803376563573,458.3858641585572,6.37428509824853,0.3165781027995121
2025-02-03 12:01:19.901925,4.511220075642271,56.74729109175689,570.9856184767959,5.465614961849573,0.1393626496405118
2025-02-03 13:01:19.901925,7.858169890341569,74.32401142743095,475.12620451838427,5.038594843164966,0.03004571343378696
2025-02-03 14:01:19.901925,6.684739174064527,45.44610149436133,472.26419780114986,2.050645715041513,0.036304916415085105
2025-02-03 15:01:19.901925,8.684974402529058,65.23795611257611,339.7839335224086,13.837950402621676,0.09683241711889207
2025-02-03 16:01:19.901925,14.7010928914843,31.672843150628378,968.0079253853623,3.752809501109536,0.19898340524297134
2025-02-03 17:01:19.901925,10.425565892579273,74.22645302350472,556.7506558514752,3.2988205154944876,0.07410840327579177
2025-02-03 18:01:19.901925,14.036868467025329,71.82782068439195,391.87028690556303,17.17265979299639,0.19999286385976578
2025-02-03 19:01:19.901925,15.046698232086554,80.64068618909164,372.3621507166079,4.823545221899828,0.3433350092159119
2025-02-03 20:01:19.901925,6.749706282001905,65.27734778272182,497.2743140253848,8.726350970790506,0.09322914751607764
2025-02-03 21:01:19.901925,8.518901289171453,87.20188871217508,282.0535594772548,23.674695935595246,0.037017221753954624
2025-02-03 22:01:19.901925,10.114278269923867,61.59170372105858,679.4806940705375,3.812218830287699,0.07904940823586923
2025-02-03 23:01:19.901925,10.399985580821445,79.98111082227852,808.3692515285286,6.152182586798495,0.03308477828675143
2025-02-04 00:01:19.901925,9.756934400119698,58.26788146382006,72.59077169472795,10.403962339535813,0.20327615839877644
2025-02-04 01:01:19.901925,12.063997120659916,83.98582246926148,463.11492625499204,7.808487786062129,0.21628002084967976
2025-02-04 02:01:19.901925,10.935647566046951,51.92921599975129,579.0724722515176,5.221360829803832,0.481893067739225
2025-02-04 03:01:19.901925,11.96295701293353,69.05627674314118,438.88314829301254,6.465014428117977,0.1480030519950932
2025-02-04 04:01:19.901925,14.147670568638016,56.602084270222804,205.05038575857856,6.400388336881443,0.14733540130594006
2025-02-04 05:01:19.901925,13.275895498367602,39.141624488738,477.81257390195185,6.026291315788434,0.09264787643705907
2025-02-04 06:01:19.901925,13.337517279867772,61.18695989894647,521.1231389316793,3.9613937425124224,0.03465175697411711
2025-02-04 07:01:19.901925,11.43348162829047,67.57367574343283,844.0316225961832,8.835497081175014,0.020227437017827227
2025-02-04 08:01:19.901925,13.925208775996202,78.31588547490904,505.74601639588946,6.074510566148912,0.21142506629148708
2025-02-04 09:01:19.901925,4.816263078232156,52.45123804001442,669.0987156192997,1.6582703400211245,0.028573652026754194
2025-02-04 10:01:19.901925,15.090131034904182,87.35610636048492,343.0602431486153,19.81456147933873,0.005864322003572291
2025-02-04 11:01:19.901925,11.472355959864426,65.64216049302325,398.48918861172507,18.82401069836975,0.29931770874386693
2025-02-04 12:01:19.901925,10.097330532588224,85.35245743372718,665.6975702591805,8.328343929063454,0.010395721861491118
2025-02-04 13:01:19.901925,7.655659262359707,66.52616083082845,290.33606224513846,10.865223178383939,0.4574982137787708
2025-02-04 14:01:19.901925,11.706092157131932,64.31184263910156,670.4164626971942,11.969623553652987,0.07750728117884233
2025-02-04 15:01:19.901925,8.456019175061064,53.88241617237958,385.66519451965286,13.817313824322577,0.08081463001655592
2025-02-04 16:01:19.901925,8.534745762067047,84.60562293007501,440.87988340228856,3.7146223826185523,0.04212514537116627
2025-02-04 17:01:19.901925,12.578768241927698,46.10340060809196,161.64375571646133,16.241948834178913,0.07358734931291834
2025-02-04 18:01:19.901925,10.137279711154,48.83325721084704,123.7683848464003,11.594580384099093,0.13757919258668244
2025-02-04 19:01:19.901925,7.998220608670712,72.1667697931138,360.5941404296732,4.052136677294306,0.0036692176155103612
2025-02-04 20:01:19.901925,8.156935635173676,86.77757691655378,964.7396190485885,11.44126183938431,0.1479367040386844
2025-02-04 21:01:19.901925,9.805324804147148,41.20067440580863,484.33277924656596,2.199315854746084,0.06171235482815027
2025-02-04 22:01:19.901925,12.22248858760764,56.15735563329255,351.1153193043349,17.904660626318506,0.15249997543019916
2025-02-04 23:01:19.901925,14.59302117575176,64.33741824287699,680.8641607306954,20.96861092154324,0.010628354088497913
2025-02-05 00:01:19.901925,6.476325570192397,30.16294644518662,498.8019005094289,5.2946507838131085,0.01254695788674065
2025-02-05 01:01:19.901925,12.882309164295682,37.76371958132886,376.27012029627906,6.129704178585609,0.0019472066781893065
2025-02-05 02:01:19.901925,7.795813222970261,65.19400077009387,557.3914185357527,3.953832515943016,0.015691024129133695
2025-02-05 03:01:19.901925,6.170174507338299,66.00821330451203,300.91659229231027,6.062299355869446,0.4374258637186465
2025-02-05 04:01:19.901925,11.119240660678038,80.87734185383931,490.43745184137157,8.538821547876656,0.2936810376954697
2025-02-05 05:01:19.901925,12.88934339867422,72.35824885168248,458.46672335463734,5.746696312924455,0.03809330168994118
2025-02-05 06:01:19.901925,7.454083387259596,43.41868493089286,529.7695205149553,10.11642125421589,0.3613683006771994
2025-02-05 07:01:19.901925,11.4733874952436,55.17674099449937,525.7972346764373,8.629032555165068,0.8584986743221563
2025-02-05 08:01:19.901925,15.878153442235972,74.60644878778908,698.8274497722311,8.81394833425177,0.2219004486089595
2025-02-05 09:01:19.901925,11.015737774879742,78.69281036760256,612.9583911970656,1.6958783312515617,0.08115068722852693
2025-02-05 10:01:19.901925,9.481941289946477,34.799490244991226,626.7658004511139,17.15366134038786,0.12164228876930952
2025-02-05 11:01:19.901925,6.087156696717865,45.06304384694946,762.752650167731,12.268996886713115,0.12772040361705075
2025-02-05 12:01:19.901925,7.129051659798789,73.4755336227106,266.80749695156953,3.395152200827482,0.018405253400998117
2025-02-05 13:01:19.901925,10.039484664553258,84.65639183262493,432.50663760922623,17.24934817813692,0.10046462291601287
2025-02-05 14:01:19.901925,9.468364747356624,89.72163292654204,395.9116545379295,13.573803321058458,0.002384207925232501
2025-02-05 15:01:19.901925,8.436050516586672,64.2453363172265,500.5660611414822,5.63088019386798,0.16705030328147064
2025-02-05 16:01:19.901925,11.714728291935918,37.318979921479155,556.4593631211485,11.217948339324957,0.10353507008962844
2025-02-05 17:01:19.901925,15.790182188617182,30.17437730947856,523.3673616108134,12.29905313198701,0.009036240149088659
2025-02-05 18:01:19.901925,13.17001440141945,52.054302632560166,298.58916550497645,5.783695781604516,0.06315692227279306
2025-02-05 19:01:19.901925,7.526640455766351,55.417998573803516,500.3308791099815,3.5518301144112003,0.3209995068813763
2025-02-05 20:01:19.901925,11.846896740712682,71.05889358897534,565.4499978670144,15.588211404567714,0.1820466392238539
2025-02-05 21:01:19.901925,11.53205132015968,59.37966446262264,619.0093488927798,14.121221124553738,0.016459106184778315
2025-02-05 22:01:19.901925,13.257713662229332,58.245580340159655,379.71904928433764,7.5666166769609875,0.12701290291338838
2025-02-05 23:01:19.901925,11.813121529845159,38.61474231295672,604.9966364415537,7.517804395532714,0.12691051016681154
2025-02-06 00:01:19.901925,4.808865066515675,66.02785754257954,416.2743180774149,6.413791488722569,0.24910541059767338
2025-02-06 01:01:19.901925,10.009988736097881,36.6867060029884,356.1473650601815,7.739472119855131,0.16769216729487577
2025-02-06 02:01:19.901925,6.630826096106753,78.0386231413352,561.6221810712109,4.7227583910608475,0.002053853655264949
2025-02-06 03:01:19.901925,4.312370917712156,60.12733434749944,687.0209603827193,4.230409770517962,0.24779387383100043
2025-02-06 04:01:19.901925,8.958880713512622,59.29722078123922,432.1064458370264,6.699001108655089,0.027695427900137733
2025-02-06 05:01:19.901925,10.155731802539949,48.5429300151018,748.1760890348988,9.477389931440097,0.023816418491411147
2025-02-06 06:01:19.901925,8.563802983141414,59.732397002701184,349.49457341960647,12.91482642751057,0.08153311519640599
2025-02-06 07:01:19.901925,17.345796990593573,49.270794263918035,393.5040178533341,6.319100426001773,0.10168813507111103
2025-02-06 08:01:19.901925,6.355131247617619,88.06712801898723,482.35563280870974,12.740279697360213,0.2204029364598431
2025-02-06 09:01:19.901925,5.686665162014243,71.6124664159864,651.6096904357067,8.31747427290647,0.12612798159773034
2025-02-06 10:01:19.901925,12.991427772166071,37.87570319903997,213.79114196076756,8.015868295104465,0.47321856707175
2025-02-06 11:01:19.901925,8.793898248527595,88.45264889919747,715.7428012007451,9.425414740316834,0.09031561114613858
2025-02-06 12:01:19.901925,10.753003600672493,31.478718484766205,388.65510974149265,16.70258429092271,0.8818422620366415
2025-02-06 13:01:19.901925,15.470844177075497,43.849610974798324,511.1343764946701,7.426836721684969,0.10709931669285713
2025-02-06 14:01:19.901925,9.965149217061363,40.71694146469031,281.62894916263724,8.05895696612071,0.3044824002874664
2025-02-06 15:01:19.901925,9.756142878185106,41.803802260380955,321.7042514764257,11.79856486829495,0.0447270959281575
2025-02-06 16:01:19.901925,8.629554086202159,64.39429200991901,528.638823677363,3.572233559786752,0.16511172423691362
2025-02-06 17:01:19.901925,10.708247124877374,56.679557676665546,513.3791295002223,7.882990589359561,0.0010651898745632517
2025-02-06 18:01:19.901925,10.961564555945692,73.89139880684536,521.3890326558494,9.74774105223921,0.5415764475581452
2025-02-06 19:01:19.901925,10.179623625533438,59.66322652619633,116.70584704730601,2.499680582068304,0.3519015418013766
2025-02-06 20:01:19.901925,12.38681505215524,39.94883531913863,535.1673902046612,8.660683862414608,0.2996062798775508
2025-02-06 21:01:19.901925,8.532260701787383,52.120015733178434,217.49379177974748,14.88862642351274,0.1373066115513973
2025-02-06 22:01:19.901925,13.600554600894394,38.90317181968158,496.18195627070753,10.667523385457509,0.24142428236621988
2025-02-06 23:01:19.901925,12.746783772091469,38.81860765522121,225.44153422046872,10.853936423250072,0.09072558333951429
2025-02-07 00:01:19.901925,13.096435984847835,48.89618647245024,742.3484313565832,3.2906060154784464,0.12323344120388476
2025-02-07 01:01:19.901925,12.229867388299294,36.63283727630962,584.7020539998384,15.215655133985619,0.05687074832457554
2025-02-07 02:01:19.901925,13.700620159291972,83.02444585231027,281.7872782480427,5.57286286870181,0.08272007720911921
2025-02-07 03:01:19.901925,3.9555230728019524,64.48255107998747,550.0319670387573,7.058359796904408,1.1601135084955259
2025-02-07 04:01:19.901925,13.610326565707046,56.215038731975156,293.6289507302238,11.58131595857771,0.45283487069653616
2025-02-07 05:01:19.901925,9.335122546737088,85.21261976919185,351.49068714452125,7.550611325298064,0.16882496006958894
2025-02-07 06:01:19.901925,11.605426930084757,48.243509181590575,658.7472032295594,4.886360176499659,1.2094722128816326
2025-02-07 07:01:19.901925,9.837804770279956,83.44193411771136,417.4884567712754,12.13250783975856,0.11588096300242873
2025-02-07 08:01:19.901925,13.044839861850889,70.97546386856045,378.50613290779745,6.645902007236698,0.4201354279495189
2025-02-07 09:01:19.901925,10.997462511768505,44.10757430906994,537.0202557919717,12.458405892670793,0.2641510382524826
2025-02-07 10:01:19.901925,12.26545006928847,33.937820235522466,463.15671353957725,6.658218806844447,0.5546289091107082
2025-02-07 11:01:19.901925,10.710927278250765,89.34196969108905,704.7726447364118,8.379829278614228,0.09658271159689373
2025-02-07 12:01:19.901925,4.429417207399906,80.60959481600153,231.75489338130245,5.685577279176641,0.2604674214357306
2025-02-07 13:01:19.901925,8.363210511847573,53.39297113227942,133.42002342458466,13.370613066338402,0.034023588767068125
2025-02-07 14:01:19.901925,13.52993597360582,61.65769765414685,551.395051055607,5.360927657415168,0.4216653209046901
2025-02-07 15:01:19.901925,9.296356163311158,48.57313796534579,638.1671642127127,3.9690120510631592,0.3927225501292746
2025-02-07 16:01:19.901925,11.485046379084974,80.18831605664366,546.1605346346951,5.167763653200861,0.04912822544229253
2025-02-07 17:01:19.901925,14.610400925522573,42.398244662844164,565.4728347634249,1.4985758624394063,0.21234026171424444
2025-02-07 18:01:19.901925,12.016562603521374,66.79183453846161,702.5501478240241,0.3676047092303951,0.08382185809896509
2025-02-07 19:01:19.901925,10.792423628647176,74.3103533845686,538.9581456212934,11.520668289778847,0.43582985220283965
2025-02-07 20:01:19.901925,14.776121260005615,51.52442447481691,267.4227212275796,3.6066198293218865,0.5884535410169726
2025-02-07 21:01:19.901925,12.617652803392618,30.429928301382784,353.2409245008488,5.555263297784441,0.09955629252516542
2025-02-07 22:01:19.901925,11.324456387846446,61.441328240635585,328.3317628005876,7.4250904625127205,0.018302066276498802
2025-02-07 23:01:19.901925,9.702247906682004,71.97179710240454,432.20228395257766,9.793530632571207,0.24132843810822396
2025-02-08 00:01:19.901925,13.762482264177274,76.67948803448468,290.19928219169117,6.5555565537914875,0.030739628157643906
2025-02-08 01:01:19.901925,11.632556207780917,59.70486591471732,398.0888475308213,7.563367494395882,0.15787333487395944
2025-02-08 02:01:19.901925,9.470461059971512,68.15516733995138,462.5076652717383,1.470373093807078,1.0382980492640648
2025-02-08 03:01:19.901925,16.379480607937552,53.55283776605049,734.5602493572262,1.5712424703771408,0.020839050320260642
2025-02-08 04:01:19.901925,5.988768592327855,49.73607627254839,317.5988901970675,8.033373844183057,0.09171984186603574
2025-02-08 05:01:19.901925,9.927048034016991,39.028180286228235,736.2070961814746,4.880228446837692,0.10652870950103917
2025-02-08 06:01:19.901925,8.354645002176932,69.22507232111641,342.76105120310666,7.699975734397925,0.14199571068978128
2025-02-08 07:01:19.901925,10.387911432962333,53.65379729821494,321.0853533802234,3.944657464093036,0.09758005631147144
2025-02-08 08:01:19.901925,12.952388970343272,37.98012954458014,699.1687810770495,9.121662348733576,0.46220042847971954
2025-02-08 09:01:19.901925,15.359852646972199,44.6301129550993,979.4016737016556,2.2387180409306744,0.075187069594913
2025-02-08 10:01:19.901925,12.939773316986656,30.481439301914794,349.5917001750803,4.921255372817608,0.2979202165278881
2025-02-08 11:01:19.901925,12.54568261800317,40.43503764339525,264.0502521649985,5.43760155119858,0.23437897659113124
2025-02-08 12:01:19.901925,11.998127547296193,62.10012424160759,338.0364806285336,11.223275447621381,0.16050645619025383
2025-02-08 13:01:19.901925,10.638519468075653,75.49216859850513,128.46522345732592,9.017817830933359,0.20380727177370805
2025-02-08 14:01:19.901925,10.9450616409875,63.91945936065692,560.2959062971775,5.805130532213597,0.036919864282301616
2025-02-08 15:01:19.901925,9.989986180724198,88.14970788496848,594.3788447461284,13.97342652426097,0.16632374182125614
2025-02-08 16:01:19.901925,9.078879847865583,35.19923298827077,545.0543609644621,7.976902884350484,0.07140412671059525
2025-02-08 17:01:19.901925,11.820028560411718,62.480267521016486,489.5112326045503,3.902240011999971,0.04356820745256468
2025-02-08 18:01:19.901925,8.39757331239429,65.06401110645933,512.7742417098729,9.150739283701508,0.13406381845274856
2025-02-08 19:01:19.901925,8.584216314957352,57.15596766814086,143.41031311439758,10.141491118929354,0.03402728031419873
2025-02-08 20:01:19.901925,7.97315570851576,63.36126313163579,420.3593658384275,15.168526666490138,0.16433362819695557
2025-02-08 21:01:19.901925,8.012265026449686,38.980438406917514,613.0382679792065,5.362173040264915,0.07092577719608623
2025-02-08 22:01:19.901925,8.8962973811809,50.241340903858976,304.09238577227876,4.806259180573288,0.17319492120620414
2025-02-08 23:01:19.901925,15.468644467411886,58.47195958729937,411.68292027341045,9.66819645678842,0.11928490744890358
2025-02-09 00:01:19.901925,16.868492240591536,39.517082091153995,379.3976736907777,3.98424404624351,0.00848883789807085
2025-02-09 01:01:19.901925,11.670174907579229,86.2870161304974,638.6054835678555,2.399672082476453,0.11731057024470459
2025-02-09 02:01:19.901925,5.876220989529015,87.87248632070418,349.2590499907458,6.234646074877271,0.3761874709796928
2025-02-09 03:01:19.901925,11.894457814354373,79.00511802894212,218.28507319554024,14.51531342791056,0.28384678051274825
2025-02-09 04:01:19.901925,11.452324884952631,46.93424494680995,302.97969067377073,13.918180539164775,0.026022165726201814
2025-02-09 05:01:19.901925,12.548552830929756,33.50987713472585,255.1618592064627,10.331212203627762,0.08826489622579486
2025-02-09 06:01:19.901925,14.852065166327154,84.42452354814483,609.6675998071055,11.146840548276106,0.1345526797308892
2025-02-09 07:01:19.901925,12.64450312699248,64.56133550066892,779.0165512109743,13.47140923130313,0.0020841303037656502
2025-02-09 08:01:19.901925,10.827712878230907,52.41446001135624,672.4561698302757,13.601271196329652,0.13636272176980374
2025-02-09 09:01:19.901925,9.659542728143379,66.68248739700806,568.5447316120305,13.764435881708232,0.2769717021353557
2025-02-09 10:01:19.901925,7.522276780370149,33.31313157843282,775.0873569080322,2.373557011980241,0.060243615048125414
2025-02-09 11:01:19.901925,8.197359730123484,34.90388081090005,618.960292981489,7.427479507738041,0.8875394898585628
2025-02-09 12:01:19.901925,16.39584497937047,40.42172010344823,678.914588392897,12.35169772737943,0.4492093987137811
2025-02-09 13:01:19.901925,16.582127887968145,54.44467945658758,243.7094426549715,10.503551310950028,0.00035153723172042477
2025-02-09 14:01:19.901925,12.265676238169297,65.7758086731611,385.10203074955984,10.344491015741244,0.44307848919775933
2025-02-09 15:01:19.901925,10.777465851289833,88.60690490366764,945.5998846228856,17.44522532543917,0.11739609104032817
2025-02-09 16:01:19.901925,9.99676119979514,63.58440923662814,212.0314769308917,5.658500891948593,0.7934592336945495
2025-02-09 17:01:19.901925,13.235147378700855,81.97537611783066,518.419301629506,7.5232233388147876,0.15425066063505366
2025-02-09 18:01:19.901925,11.018260758840713,38.028899885769235,610.3894577744317,2.032708271456777,0.06978699435792605
2025-02-09 19:01:19.901925,10.904170631842184,77.35379298470949,544.2565022597738,7.827927059790274,0.11359150696416807
2025-02-09 20:01:19.901925,14.071869005503931,70.26799288567966,579.5146579126977,4.846025376657376,0.024738792931764158
2025-02-09 21:01:19.901925,8.32028512836251,32.00056115791674,577.8730160395197,7.599477182804333,0.12470463544761717
2025-02-09 22:01:19.901925,10.440584261229835,87.57931745298,383.7609891580106,10.474570667278122,0.04038138225067909
2025-02-09 23:01:19.901925,11.68700398561806,83.43914105514526,714.5504145958498,8.227329800324458,0.04484974839338808
2025-02-10 00:01:19.901925,17.50230211291352,47.248952586285284,366.2515365918081,8.1823732609594,0.19160360590019512
2025-02-10 01:01:19.901925,11.184196961944314,57.28004827002612,513.5986843091661,9.629043270426232,0.004529294184358298
2025-02-10 02:01:19.901925,13.00660593519697,66.53460993423593,114.75729067393826,18.3085497646039,0.2944681251442507
2025-02-10 03:01:19.901925,11.61820568074165,78.39031615421695,570.5705292125998,20.876528849522188,0.001570639592392716
2025-02-10 04:01:19.901925,17.281929555427944,43.942800658535944,415.50467682019416,3.043318017057663,0.13529164310868327
2025-02-10 05:01:19.901925,10.02376315966128,78.39741972687489,387.2721315182048,5.877137045797961,0.19221298824672406
2025-02-10 06:01:19.901925,15.192238154959842,76.70187606891271,516.3142817200797,5.49364964144422,0.13584178274790137
2025-02-10 07:01:19.901925,9.187022206711543,72.90803270846452,393.8907326289596,19.03206000543813,0.05079023899797889
2025-02-10 08:01:19.901925,6.480376556276717,75.24433755627874,392.3126570915487,10.647735174810995,0.17100385977085847
2025-02-10 09:01:19.901925,9.692271889424946,46.66561258548127,539.0551685766222,3.5139809303484193,0.19440372077932033
2025-02-10 10:01:19.901925,11.904142088869342,40.45719037026733,464.5731047213916,2.62062392752213,0.17947599129838532
2025-02-10 11:01:19.901925,12.547686161445421,38.644539860453165,689.0884208076127,7.344628251541828,0.0409068044981499
2025-02-10 12:01:19.901925,19.524155467480007,60.36360528037149,685.0051891318933,3.2335008153121505,0.016759272219257097
2025-02-10 13:01:19.901925,8.814729565726491,57.81838091007525,413.1977551240782,3.9304369393875667,0.3237595553780969
2025-02-10 14:01:19.901925,11.659136556788937,45.492340940797625,425.53266241642314,6.000455660566445,0.15654762772831207
2025-02-10 15:01:19.901925,6.231187434901367,68.58043928710879,477.8575934502151,13.701214305682525,0.11575461634969829
2025-02-10 16:01:19.901925,8.507251817156101,69.87837960646804,411.92458546225214,13.300824576930117,0.24082398940209016
2025-02-10 17:01:19.901925,19.196891156095752,50.416752998679144,79.71174068910864,11.96855543990672,0.06302540725953393
2025-02-10 18:01:19.901925,11.315654645764615,84.50743045152184,232.66103524704982,9.576892018688888,0.17577402154952382
2025-02-10 19:01:19.901925,12.00125243962706,70.54022854767658,592.3239707375043,11.355736514178021,0.7397461417409676
2025-02-10 20:01:19.901925,9.047915484443049,56.905901229882645,597.2253219937613,10.267751552363158,0.16307988949872146
2025-02-10 21:01:19.901925,9.929851077135165,57.583727623597674,817.0888572212154,3.592944273130145,0.18467750468918576
2025-02-10 22:01:19.901925,13.100284118850112,85.92865337118457,409.30912217746175,4.694906230876148,0.11971479440653716
2025-02-10 23:01:19.901925,7.745082955849906,38.36608736445885,716.8654271425635,2.2221951663081176,0.023310795888466587
2025-02-11 00:01:19.901925,8.529866623305447,82.86571825722021,339.6711297433302,17.17092695139764,0.31377065489686246
2025-02-11 01:01:19.901925,13.26016591367028,87.5479757024995,808.5549758043571,5.089383244407774,0.12495581339583017
2025-02-11 02:01:19.901925,14.310303004108933,82.47220533860114,605.0979448995198,11.373066483415727,0.5534335028182008
2025-02-11 03:01:19.901925,7.42565238903293,45.29502498379513,342.51914098957303,6.8293992197270175,0.07576433198343716
2025-02-11 04:01:19.901925,10.791961039494112,86.10576603301435,580.233222380318,9.788824995145383,0.07439061206290849
2025-02-11 05:01:19.901925,11.7964142945971,85.53320315335569,490.7446974462335,14.923496901385198,0.03342674843267696
2025-02-11 06:01:19.901925,9.781910951600535,77.3263135260375,0.0,10.580160032059329,0.4004785376519404
2025-02-11 07:01:19.901925,5.159045698499687,86.95673388010417,437.35205585747974,0.9981356835529508,0.5699994420631236
2025-02-11 08:01:19.901925,5.344822601762018,75.80398000414706,484.12653730123833,6.249584225354616,0.2142589258512353
2025-02-11 09:01:19.901925,9.434084863553657,65.3890278830961,524.438027664574,5.975002332050803,0.013308521709145846
2025-02-11 10:01:19.901925,8.012417155145844,33.394177078875096,374.9733023286552,10.525641494841125,0.031887177808216746
2025-02-11 11:01:19.901925,12.811755066405667,49.83349812904521,160.45422854797715,12.883433044839734,0.5312145268845646
2025-02-11 12:01:19.901925,15.683108376686429,70.57698429300021,573.4851881286102,1.1677427184730371,0.0010015575054924464
2025-02-11 13:01:19.901925,8.237674302122105,52.88495523698077,205.2464862577337,2.393992144240925,0.45107157997920483
2025-02-11 14:01:19.901925,8.025765178191026,75.17976446639884,295.0924185166874,3.406870108719995,0.059116586760956415
2025-02-11 15:01:19.901925,5.348782538361824,33.67746507314971,240.64680037793977,8.427685061965226,0.07983469951452227
2025-02-11 16:01:19.901925,9.523716981640959,55.10749068634361,469.608313268988,16.639963119647255,0.2099964076817726
2025-02-11 17:01:19.901925,15.10628738596038,40.57523426861404,450.1296267306637,5.105366958774187,0.1502483442776552
2025-02-11 18:01:19.901925,12.425463417558134,83.71789198215926,275.51685934208126,3.9087341432026146,0.051693926790649415
2025-02-11 19:01:19.901925,11.322714306189715,57.50489737499126,656.8319468793068,15.379902663511192,0.1744095014983012
2025-02-11 20:01:19.901925,8.591721411595035,41.631938198162985,580.372983974848,2.8603259508927015,0.025719588342275862
2025-02-11 21:01:19.901925,10.389635226794738,74.09514115154705,657.1827145166156,9.638132357682336,0.06608097273232218
2025-02-11 22:01:19.901925,14.352480631757508,33.99112707265539,765.5785602488457,20.96867204880233,0.018955646902964408
2025-02-11 23:01:19.901925,5.672896395956069,48.03811049761057,686.1404373345927,4.615019330304937,0.11663554576030422
2025-02-12 00:01:19.901925,11.524368108812794,45.52857820013486,477.7362145416961,9.22848546135074,0.020595669693117782
2025-02-12 01:01:19.901925,9.43944635710347,58.97453918073915,510.0795153921078,5.824156784017793,0.26017933404486193
2025-02-12 02:01:19.901925,7.726302583468009,83.53759689846898,727.7810812523546,9.353045996538441,0.08752450861357433
2025-02-12 03:01:19.901925,4.829465222059357,78.57000195975684,648.7517551720803,8.038970138065372,0.172614516775772
2025-02-12 04:01:19.901925,7.238946561153896,42.74190909349602,290.6209867419178,16.697237058589238,0.17983299027131905
2025-02-12 05:01:19.901925,10.661810425352234,49.62291894374911,522.8914578161907,8.581832179252624,0.03929190929987326
2025-02-12 06:01:19.901925,10.52989584392668,82.01694119775736,486.898606618197,16.54602487275049,0.2292613548107093
2025-02-12 07:01:19.901925,11.251552297820249,47.69020468610671,312.281816133812,9.868954304023884,0.08327317256084914
2025-02-12 08:01:19.901925,12.896058968547718,87.78392517786018,580.7660742205782,18.719404650497875,0.044099829235092675
2025-02-12 09:01:19.901925,10.418563013840235,35.81421774761738,546.4263927337289,14.338497249451617,0.2448237891198093
2025-02-12 10:01:19.901925,14.719379464630933,45.52186666297112,39.921573687026694,6.940905761853551,0.013824632445341887
2025-02-12 11:01:19.901925,14.309760232134176,65.25358487685784,468.2273268406938,12.23957005379356,0.053407680069092925
2025-02-12 12:01:19.901925,9.206143808449717,42.96107605465036,264.7363144227309,11.980484171214927,0.20168233382731207
2025-02-12 13:01:19.901925,10.816360172877893,37.289030759551096,251.5672538246398,5.1644791484084624,0.11759760511026728
2025-02-12 14:01:19.901925,9.82294079826322,84.63415198959657,174.53824698845085,2.370261663471728,0.2647325417508363
2025-02-12 15:01:19.901925,9.228306196713259,72.27635290707518,266.11917004734374,12.219079266574386,0.19544844277449858
2025-02-12 16:01:19.901925,14.961225551160723,55.895513434865094,529.920490245445,14.916989170896894,0.10179125429033933
2025-02-12 17:01:19.901925,9.705663882915951,45.598999957538574,853.2319361399313,4.456447647824026,0.11825117897313685
2025-02-12 18:01:19.901925,12.963926182794244,65.79771574590364,644.0016991997638,16.24241182918051,0.26080463089367395
2025-02-12 19:01:19.901925,12.088045767940061,50.693857915028204,727.0688493528003,0.1976646213844191,0.24765113544962755
2025-02-12 20:01:19.901925,8.869257903039543,84.66099302854118,503.28179286178903,6.746314824377358,0.00618426800225808
2025-02-12 21:01:19.901925,12.117263583393484,57.103383414804355,467.8888214381387,4.316222936209954,0.0552695186455294
2025-02-12 22:01:19.901925,13.92888338448756,42.76586647777488,439.83734905643325,4.633786635222352,0.018623609111520372
2025-02-12 23:01:19.901925,8.462457743672102,55.63351963844893,361.7261409692811,1.3043546785077433,0.05124549364776704
2025-02-13 00:01:19.901925,12.718942239870689,88.2936729801046,347.2986701323948,3.73250929643218,0.10910073045673876
2025-02-13 01:01:19.901925,9.397080790036886,80.21958141936496,454.81947175095775,5.435027350836272,0.23588349817481402
2025-02-13 02:01:19.901925,12.410974914042617,84.13457645509433,212.50022884070472,8.355061500922982,0.40965825733857
2025-02-13 03:01:19.901925,11.782481237701367,67.69019185607499,655.687046809569,14.847119575275666,0.0011736709184685537
2025-02-13 04:01:19.901925,9.18593894095589,43.24654665277829,299.22959916238756,5.931150703330264,9.87169203197805e-05
2025-02-13 05:01:19.901925,19.15818762503401,34.344083434194204,642.1964099575962,8.167200178117884,0.21957989277817608
2025-02-13 06:01:19.901925,10.734973915008867,87.5055297731605,507.4736854586565,10.194830134580497,0.21826974157338497
2025-02-13 07:01:19.901925,17.35703602801602,49.94944566980473,395.5634500102524,9.178368104649197,0.02449583235017478
2025-02-13 08:01:19.901925,9.611100500391743,34.0685303194022,787.1588520358009,12.195628990011942,0.015670641425729093
2025-02-13 09:01:19.901925,15.325222142232994,47.02495750579573,242.83085110895587,3.3477795004922495,0.45161139623674773
2025-02-13 10:01:19.901925,14.161404574843829,45.48607144287045,703.0017967637225,5.997324327041462,0.02540441298946572
2025-02-13 11:01:19.901925,13.651913043924017,78.35776004343121,419.19254205199496,6.819984287774084,0.0755013574768257
2025-02-13 12:01:19.901925,7.807421139923623,34.98316136234146,254.7982869741387,12.87387339063381,0.054194813263801024
2025-02-13 13:01:19.901925,9.5853416032223,84.38736458169284,213.79443550550337,7.389059191341632,0.4213035827623077
2025-02-13 14:01:19.901925,12.480815473257334,60.44083934739474,288.5194583401932,4.572907502434162,0.04753286954874392
2025-02-13 15:01:19.901925,10.230741704684288,69.31795321482092,741.06017308017,8.769704755364245,0.2050559911897481
2025-02-13 16:01:19.901925,15.052315157135068,78.01918575745589,740.0794147590385,4.242525984533162,0.2532526833640426
2025-02-13 17:01:19.901925,8.864664957104683,31.648575467941445,515.7905933139034,26.779187565489444,0.2773592198087729
2025-02-13 18:01:19.901925,15.857783647705533,71.7788511269861,578.1825542074049,10.382727192714372,0.001647828254391031
2025-02-13 19:01:19.901925,6.398479639294688,60.83496609625196,347.7862794350262,13.111527636523574,0.1744352070246557
2025-02-13 20:01:19.901925,11.510434801496515,71.80884390741949,540.9413904091274,18.19462032247405,0.06497938092334722
2025-02-13 21:01:19.901925,11.839878264154782,66.83210043171613,428.62456671006413,13.449387177849578,0.22793858708511772
2025-02-13 22:01:19.901925,15.814093891123395,30.024726837926842,307.01269184154853,1.318249966368112,0.019118839318053634
2025-02-13 23:01:19.901925,10.231675970541733,44.051478562856744,474.75088885559137,10.198719027279704,0.03363687950629713
2025-02-14 00:01:19.901925,17.00881913436009,73.68457733285217,369.4257425159961,5.709397770611412,0.38395455807163953
2025-02-14 01:01:19.901925,10.357720590190148,31.662030645605025,780.5818622965019,12.839045403425075,0.04265480985290273
2025-02-14 02:01:19.901925,12.619846815006646,52.56747743706124,557.798815899047,9.605540484667738,0.613180983206484
2025-02-14 03:01:19.901925,9.42743757346027,74.83942979006477,495.59737591347914,8.830996029238161,0.16021163557403068
2025-02-14 04:01:19.901925,11.666425292412828,74.58914745351554,64.81393742597686,11.615454244041445,0.004590986994859181
2025-02-14 05:01:19.901925,12.021081711911837,49.46946490565007,388.53677728597523,2.883184975538919,0.3657161812775549
2025-02-14 06:01:19.901925,12.15327547134336,77.58233126942672,497.46781423245284,6.4844902695899265,4.157914101483219e-05
2025-02-14 07:01:19.901925,11.215751803308743,53.762909062892945,696.3132242741555,8.315825568369172,0.037449774129406664
2025-02-14 08:01:19.901925,18.807115471035452,73.37564840037476,695.7914441697288,7.29512089106151,0.27435065286455745
2025-02-14 09:01:19.901925,10.553660713464453,74.01740482767434,522.4426099747877,9.419358499623392,1.0829033885243744
2025-02-14 10:01:19.901925,9.081698649876165,81.39586425146551,642.9889025301293,14.166753360891162,0.44919648332825785
2025-02-14 11:01:19.901925,13.06472454089645,38.367635457054206,656.378968743506,12.06726243759271,0.0120743328455719
2025-02-14 12:01:19.901925,16.078097146167245,50.03746558105754,439.89013917754403,8.102351447161114,0.09617178978724764
2025-02-14 13:01:19.901925,10.870387050064233,35.74337477224511,588.2788394659538,7.56858928839593,0.0901579906647918
2025-02-14 14:01:19.901925,11.118317602817045,32.17850151319362,392.4376704227185,2.7625935613359873,0.39260243692669383
2025-02-14 15:01:19.901925,11.551620606492536,45.59190779810983,528.7222880829191,5.506168012599088,0.056766204510519974
2025-02-14 16:01:19.901925,12.27643866974786,82.2660546825854,707.3974701464239,4.083417665403076,0.05601298336348598
2025-02-14 17:01:19.901925,7.44880978173391,83.14632912989728,223.8895700159145,1.904028135291894,0.049885356562910925
2025-02-14 18:01:19.901925,8.832370151483257,61.01179338904908,158.69436767112063,13.142642113547927,0.08879331326505127
2025-02-14 19:01:19.901925,9.681934152314414,72.14950534550263,752.2538134560957,7.866546228233382,0.00795806932916294
2025-02-14 20:01:19.901925,7.548755402032429,40.123033637213354,493.5230599643374,9.741289575210093,0.09950965978909548
2025-02-14 21:01:19.901925,11.74985873029499,68.68697387441196,351.2356593140467,9.610747683696706,0.06013199868854065
2025-02-14 22:01:19.901925,11.96275854794815,69.58646476773654,334.4221346605537,15.456605860988597,0.09619029225848676
2025-02-14 23:01:19.901925,11.978964375560794,41.894888332529746,200.34175416916588,4.375399873026284,0.2608957288787476
2025-02-15 00:01:19.901925,4.105203351617821,83.66208314485348,294.8391707116956,14.315785253253894,0.1246141539346076
2025-02-15 01:01:19.901925,15.430422496208488,67.317184624688,534.3742778179144,11.484552676436397,0.3096370526076102
2025-02-15 02:01:19.901925,10.52189951818526,52.57323177598445,674.5165916224604,8.94681563223752,0.1886063681459239
2025-02-15 03:01:19.901925,9.19431984535857,55.70915286062461,424.9020160682247,13.6637972317378,0.003241559168860899
2025-02-15 04:01:19.901925,6.762045466036828,52.691992022610464,669.1344570738706,3.9268954996563954,0.011180076152584609
2025-02-15 05:01:19.901925,9.596565374433812,85.67993218766682,782.1005175785677,10.988601148436498,0.6161230254253323
2025-02-15 06:01:19.901925,13.464490184480274,76.82817144135464,431.2040909551502,15.71461659253691,0.015422334005541556
2025-02-15 07:01:19.901925,12.440634585543767,65.89143991518034,558.1077639124778,3.9676785087720616,0.3097694402770869
2025-02-15 08:01:19.901925,8.074635784563055,50.835141483770265,376.40760318728553,11.822019134841229,0.2026294007396479
2025-02-15 09:01:19.901925,12.447109237806135,65.10301417159694,329.3815026278235,4.627175511392137,0.0314217814704627
2025-02-15 10:01:19.901925,13.901846517136004,87.97383569136892,542.1665431183703,8.630450003554902,0.3073101221718299
2025-02-15 11:01:19.901925,11.45290063417259,66.40258200965823,122.25170892285706,11.504091650285268,0.3495321100159079
2025-02-15 12:01:19.901925,12.20351708710508,83.8256776076729,663.979283430718,10.511528824410806,0.1832955928430889
2025-02-15 13:01:19.901925,14.438095039383557,34.27169284082358,720.9740455644467,14.81727463643911,0.020398419308215614
2025-02-15 14:01:19.901925,5.722175716642208,69.97859332969097,69.37689116916016,10.474351393988826,0.09824992855853407
2025-02-15 15:01:19.901925,9.603639516122595,77.3747868194797,866.080451108453,7.720557492804376,0.017569347493571776
2025-02-15 16:01:19.901925,10.87569777233302,39.1367300906127,388.50412686836273,2.2081151303165254,0.28468474020784873
2025-02-15 17:01:19.901925,9.364676393892147,56.35475260050314,533.1367450940143,0.4879872423793814,0.5637985747060467
2025-02-15 18:01:19.901925,13.551383370769567,41.40138162544257,299.9461208318153,6.758670715835531,0.08834528215435103
2025-02-15 19:01:19.901925,11.002038914532251,53.89637404473977,677.8615286844375,2.527504086228643,0.1622112335874447
2025-02-15 20:01:19.901925,11.163124064138891,75.8575877058045,445.6326531614146,9.650919444205554,0.017308620779015477
2025-02-15 21:01:19.901925,9.399338968661448,89.33114896852155,880.8996292106555,4.445365809796327,0.009583898149300085
2025-02-15 22:01:19.901925,18.08776831065586,50.19498925752447,687.3515100266427,4.09590490609769,0.18467051261642178
2025-02-15 23:01:19.901925,12.043730850904558,45.609387799246065,543.3588743993345,4.804831032085641,0.04343769245577178
2025-02-16 00:01:19.901925,11.911433355363107,55.98909572968434,492.04476111781463,15.28166222903093,0.24400558675642486
2025-02-16 01:01:19.901925,13.262990215140961,68.65352266269933,501.9483041517361,4.45794322583126,0.41203625893829926
2025-02-16 02:01:19.901925,14.447764930062931,58.35886936456047,599.2528169507078,0.8104296931880833,0.0976848806178141
2025-02-16 03:01:19.901925,11.878462374008212,84.82227170864057,505.1071295078993,7.231797838743489,0.14767639025271334
2025-02-16 04:01:19.901925,8.777593948331724,79.69411497107474,295.02390248057117,6.726428748670214,0.24100124790825
2025-02-16 05:01:19.901925,10.090709680940014,40.309701782776294,444.2884372729703,14.758167847181909,0.24804899423311275
2025-02-16 06:01:19.901925,7.9726883629431455,34.39995388031728,471.42860718564,2.3553026562763852,0.24444504534881065
2025-02-16 07:01:19.901925,11.956455784476697,41.55287933723753,829.367004773308,13.208817308000224,0.653201526367281
2025-02-16 08:01:19.901925,14.126028399554519,88.86306377630365,465.10821438187435,11.546332861855468,0.07500911424429593
2025-02-16 09:01:19.901925,10.345269010760411,63.865578834463705,321.77754966210784,10.516532961393635,0.3309263601039767
2025-02-16 10:01:19.901925,8.228823307303486,34.71202107660545,195.57036349691026,1.0435927957108053,0.0034960267500909526
2025-02-16 11:01:19.901925,13.060089399290245,87.77142408936301,405.39327285093253,18.958770445563687,0.23404376564611673
2025-02-16 12:01:19.901925,14.871818144631082,62.96074415497527,377.53982826647166,4.3619587676874385,0.40853513805573494
2025-02-16 13:01:19.901925,17.638504920195082,54.98384223323778,169.24795659919567,15.237893335212725,0.0832339751553562
2025-02-16 14:01:19.901925,7.924381441251326,45.99964211594825,238.74049354162332,6.6223735011712535,0.16378400157036554
2025-02-16 15:01:19.901925,12.11757015358453,89.7719836673586,512.329932669064,5.0411269029823735,0.24587585220285352
2025-02-16 16:01:19.901925,8.79324267521556,31.873579864734495,619.1860581821535,9.206246106846056,0.010886435511402975
2025-02-16 17:01:19.901925,10.066143535427477,86.73294701180575,497.55167004544757,10.609752536238217,0.1299300831493163
2025-02-16 18:01:19.901925,17.340987030644907,36.92328426580823,744.452957724786,7.508648768735034,0.7503037729783566
2025-02-16 19:01:19.901925,9.355603580090314,89.75282332785565,698.6433792175478,6.7392330026714475,0.13056645272434195
2025-02-16 20:01:19.901925,8.313854475651228,65.69376940486566,394.5796011456453,7.353440311821191,0.06299993446463623
2025-02-16 21:01:19.901925,14.507625439275817,60.80248662041552,577.591585530355,14.877964323247282,0.03387071596265428
2025-02-16 22:01:19.901925,13.89999338010284,89.08914184936329,930.4294932336245,11.90616116430933,0.0794188479266339
2025-02-16 23:01:19.901925,18.04716270551902,85.86442971921898,706.6936750003538,4.077764160252267,0.42769378148480036
2025-02-17 00:01:19.901925,11.647850185734354,30.412293858209814,419.30348340007436,0.9037909080368549,0.2516240708327362
2025-02-17 01:01:19.901925,11.617477218867228,35.760319176388734,464.26188913891076,11.403525256681903,0.19072452262756415
2025-02-17 02:01:19.901925,15.687367554109745,70.76212119828486,651.3002528443843,3.8105785844159086,0.1920047071582823
2025-02-17 03:01:19.901925,7.549547066874668,64.2915041765271,372.48580120623643,13.13675109200657,0.11585279629005352
2025-02-17 04:01:19.901925,11.872095660463149,70.6576761794048,226.21889436130903,5.407919641196467,0.006723259710616392
2025-02-17 05:01:19.901925,11.907280337467068,50.49393262545432,238.03903919783693,8.22591275020976,0.05014746280370083
2025-02-17 06:01:19.901925,12.817492609299196,77.57759816988158,592.0048372276201,1.3564439500851198,0.18514840070329255
2025-02-17 07:01:19.901925,9.604724070410898,43.91598946024583,493.4249022788399,13.970431928245535,0.9782791589086032
2025-02-17 08:01:19.901925,8.404966345153028,78.82667065852176,713.6222753220674,10.626023056183625,0.16420045448101775
2025-02-17 09:01:19.901925,14.37619058998547,54.83366295446551,597.0219169609584,3.9953289352578385,0.044504850882206376
2025-02-17 10:01:19.901925,11.867021833752828,53.75096559710024,675.8233795047634,8.86759446996244,0.041985686563953586
2025-02-17 11:01:19.901925,10.98599241023184,60.4673240452895,550.6211509873759,6.650674439641695,0.03897902062616545
2025-02-17 12:01:19.901925,14.497790944783805,43.131868665935144,911.5353150418986,7.16045516347808,0.021458170337042316
2025-02-17 13:01:19.901925,14.969156354183095,82.32710464808781,652.691031438367,2.5148236530174573,0.16393899963954742
2025-02-17 14:01:19.901925,12.127144707548256,42.66174598764138,501.6228409199622,7.036261244803921,0.40420636527424825
2025-02-17 15:01:19.901925,10.515404513355888,83.4892097907085,314.62573718303895,10.400309562014552,0.015610867191876935
2025-02-17 16:01:19.901925,11.031462504426049,86.37034864185851,605.6291618314511,5.246221622994217,0.3239086416912689
2025-02-17 17:01:19.901925,10.61391938946602,42.44462575319429,538.9441286851462,15.50299576547121,0.0716859701655652
2025-02-17 18:01:19.901925,11.579073417231436,52.24292604142455,557.7326092329143,7.501774410655216,0.05550132339290995
2025-02-17 19:01:19.901925,8.391116514531786,38.33683080703355,417.84917747293304,6.2066733929516005,0.13531995075413994
2025-02-17 20:01:19.901925,12.550014256148325,47.24152997104198,311.4117781455219,4.231882172487905,0.41437825142749757
2025-02-17 21:01:19.901925,14.337389380736107,81.66624808766859,686.71170822882,2.597016270520766,0.08353698129888121
2025-02-17 22:01:19.901925,11.916790485588997,76.17179156720809,483.1082968646961,8.92223709952026,0.13858340878631312
2025-02-17 23:01:19.901925,8.537233486112518,88.46343401522643,968.5451170247024,13.057553213604955,0.04200712017366579
2025-02-18 00:01:19.901925,11.04913391960564,49.66196016444028,423.743858147944,10.702602114149364,0.3273576091609138
2025-02-18 01:01:19.901925,10.69583161085227,63.35931666986747,230.3718958377073,2.504838998571122,0.13166034859208772
2025-02-18 02:01:19.901925,13.671142810169062,78.98517065414666,646.9694442911901,4.243622362770975,0.17719835362178604
2025-02-18 03:01:19.901925,11.824118730358245,33.213992243849326,264.6545682823671,4.898212666864827,0.053255868615779224
2025-02-18 04:01:19.901925,7.569224432128321,81.53677167406457,352.9401834383184,3.095697896367155,0.14310467476711192
2025-02-18 05:01:19.901925,14.816790929544776,43.841594251972865,194.56766370625581,20.36981920953621,0.275418832637467
2025-02-18 06:01:19.901925,17.033124441301144,87.30088342101143,544.5568295105854,8.753418670037515,0.2176307734790214
2025-02-18 07:01:19.901925,16.440131296481894,50.79078423871144,598.6278142284575,12.481552148240489,0.028290753138700078
2025-02-18 08:01:19.901925,10.109704906178129,68.12262833638643,723.1717456376953,8.32220686441958,0.18356535443060137
2025-02-18 09:01:19.901925,11.774267357793487,83.90092443031381,326.9760149879471,11.670654891420408,0.30958688392650807
2025-02-18 10:01:19.901925,5.570537341811971,39.232874346012686,443.59277101500413,11.331031093703865,0.1474360253137811
2025-02-18 11:01:19.901925,5.879921655651508,62.263361744950906,439.823022957976,15.63341243591453,0.07761214946552175
2025-02-18 12:01:19.901925,10.368127586432205,83.92023452940259,88.70717157369074,6.0403773295242,0.16265558203886377
2025-02-18 13:01:19.901925,10.967942811097025,79.54779231872232,773.3693271833067,13.071964102504188,0.021790957045126343
2025-02-18 14:01:19.901925,13.839817787867064,54.72521948997536,380.1522250443594,8.302654144587988,0.04599254255859537
2025-02-18 15:01:19.901925,15.24282069622037,41.622455789287955,390.3668203443366,11.18517991645533,0.4021773234903656
2025-02-18 16:01:19.901925,13.70796967335129,84.52335273902325,500.26178190810464,22.154732259447606,0.14671887539779624
2025-02-18 17:01:19.901925,15.77184686815227,60.05255377894722,909.4248820401056,8.808966538518444,0.13203396215216176
2025-02-18 18:01:19.901925,13.173492934191819,84.8386959869442,297.00665093055466,3.717261145371629,0.08665571749044043
2025-02-18 19:01:19.901925,10.813608545907343,76.86026683983499,523.4325139404912,3.961931158659775,0.060448138362999705
2025-02-18 20:01:19.901925,11.734944811428367,73.22228170050195,126.24985157177275,4.768418976106652,0.07127810654066744
2025-02-18 21:01:19.901925,10.910170522264574,65.22089068735858,441.6550756643333,14.442645031693228,0.0531879237327074
2025-02-18 22:01:19.901925,14.09457176961876,52.497657336971116,490.0045821927209,4.067509378738543,0.057123553857164215
2025-02-18 23:01:19.901925,8.775442131771769,74.25191596525598,328.9862547605002,1.5716058718189962,0.6475444987912993
2025-02-19 00:01:19.901925,11.633325943289766,60.31708057049664,698.2405233857738,19.16570544456871,0.13828385430830895
2025-02-19 01:01:19.901925,11.946466906287325,47.22897224735481,514.2902440808634,10.89933163776044,0.5094469530871033
2025-02-19 02:01:19.901925,14.110481208890729,39.718710904982515,336.73103616459457,10.095518971349613,0.058013293326032944
2025-02-19 03:01:19.901925,10.660032623833274,67.79180909123265,568.205574505541,5.49851018134012,0.2902478593872526
2025-02-19 04:01:19.901925,14.244432257138296,48.84860840658512,287.89822472283765,1.8705460242639527,0.2415595270077886
2025-02-19 05:01:19.901925,11.28048525566537,89.75447829357854,783.144007321977,7.242618334375463,0.02219575785236888
2025-02-19 06:01:19.901925,11.199734106132022,49.46840314321612,530.1018753369768,5.651408194304578,0.27269891395113466
2025-02-19 07:01:19.901925,18.409547776219835,60.09209329580934,930.2879678970778,3.632005880808795,0.15484856389331095
2025-02-19 08:01:19.901925,11.798935322019124,85.47412906066417,307.83840665086115,10.014133629434983,0.035452354664300405
2025-02-19 09:01:19.901925,15.28672674332028,59.29059637314135,600.3502465776659,5.056082801341651,0.2124468169848199
2025-02-19 10:01:19.901925,13.998679540762723,65.47629582698009,707.6205374032213,4.28731260325651,0.13919179120175837
2025-02-19 11:01:19.901925,11.82962049200645,54.78833525586782,418.0428051683348,14.573903693767827,0.07993148867184718
2025-02-19 12:01:19.901925,9.163523467303708,73.83359527445612,549.7389054890878,11.711463665451717,0.2517805672605749
2025-02-19 13:01:19.901925,8.995342808240487,74.00146607882184,622.8369048118833,7.567929105083238,0.2647555588448964
2025-02-19 14:01:19.901925,9.087973760642416,41.648208122611905,775.8586610771297,11.518709760119865,0.012304097041131735
2025-02-19 15:01:19.901925,10.984348788175343,30.180011504870162,378.5647687222527,11.986568532909299,0.21987512539537343
2025-02-19 16:01:19.901925,6.81244600770571,84.84854696534595,577.1965455313004,9.688048324109378,0.11585542963751888
2025-02-19 17:01:19.901925,7.782063052870766,52.42009604367961,491.7613541874848,17.531048775904644,0.19768100386100573
2025-02-19 18:01:19.901925,17.02877666195013,44.34308026979538,418.43791928048245,7.980110411232058,0.10901085572082224
2025-02-19 19:01:19.901925,14.757946363782583,55.72463163948262,748.768937414858,8.951230429682015,0.17324226006309887
2025-02-19 20:01:19.901925,11.136862939734865,88.98181996189177,501.175767523116,15.51599423859733,0.21220408407795346
2025-02-19 21:01:19.901925,15.005619979069701,47.590277511657476,662.0199425606844,11.713316611598927,0.23223388366310097
2025-02-19 22:01:19.901925,13.150322673196756,57.55586890003135,499.52047133068214,8.573371933309947,0.06029863066800661
2025-02-19 23:01:19.901925,13.174301248355643,86.89671642962438,512.0734440132684,8.454823908890829,0.07912289332763582
2025-02-20 00:01:19.901925,12.351871198555221,57.946738778067896,700.7400632555903,9.036484642356353,0.11876649950304033
2025-02-20 01:01:19.901925,14.830430715608763,72.83685197952298,760.6604536979587,14.306932122826499,0.322947284004916
2025-02-20 02:01:19.901925,10.630839659633903,75.92770253213925,510.9780480145969,3.9539895232269244,0.024773170219300096
2025-02-20 03:01:19.901925,11.844404535598017,64.14455810135044,815.7471561964035,12.38469044342592,0.19583933330570083
2025-02-20 04:01:19.901925,13.551730176733443,76.3491441491432,374.41400390554065,8.566516286816277,0.08657701765636683
2025-02-20 05:01:19.901925,13.427708946835427,82.54088369909908,610.55089136174,4.421892300008331,0.08120917750540971
2025-02-20 06:01:19.901925,11.9146435638272,46.97178924015399,414.50218923918436,3.461461163822147,0.0011242956358565642
2025-02-20 07:01:19.901925,12.458207981356852,49.848328046721235,453.22632478062644,15.437480973522845,0.14635516128652018
2025-02-20 08:01:19.901925,9.305770495506614,37.25368108324075,522.1191624988342,12.472588283592152,0.005940258750491002
2025-02-20 09:01:19.901925,12.84880609556888,83.77776232369047,373.76867576667917,4.9034186680973,0.3727491412374332
2025-02-20 10:01:19.901925,15.726996067607812,68.64176167240157,220.46145059692975,12.180271267952687,0.10678973321011956
2025-02-20 11:01:19.901925,9.64963047815707,72.5667664857656,117.509331173963,8.193178713343837,0.0735375985268233
2025-02-20 12:01:19.901925,13.873177768882558,37.77633057887251,688.3679255225818,4.341152598924264,0.031727995111298875
2025-02-20 13:01:19.901925,9.11517285455121,33.60597853621167,390.6578482373031,2.407458132059114,0.06143009837861249
2025-02-20 14:01:19.901925,8.77021770265722,57.15983807647828,462.61603323872407,7.387924770320153,0.08666706646747514
2025-02-20 15:01:19.901925,6.862821517779292,86.30963437215935,405.9857482843905,11.551218535480299,0.08315084248238032
2025-02-20 16:01:19.901925,14.332598710891377,37.07886755458344,235.84224628471776,12.310891148183805,0.033954385248804446
2025-02-20 17:01:19.901925,11.672191563018757,85.11568592251356,264.4502296014213,9.55816532572942,0.15278340949000724
2025-02-20 18:01:19.901925,8.113469556813689,45.571721061091694,494.7836622969147,7.130275825059025,0.29989147474147443
2025-02-20 19:01:19.901925,14.553432115134495,51.913770604866244,431.01794878052766,12.092675416577325,0.16370485614174224
2025-02-20 20:01:19.901925,13.442815992315055,65.59123680346781,391.46839701826786,15.260526463053719,0.19624861099166221
2025-02-20 21:01:19.901925,12.27643383647917,86.11364817526172,618.2695533689543,11.181595093963425,0.07401420204003374
2025-02-20 22:01:19.901925,6.507413184982846,71.15772800353324,560.6403733658668,6.923849458137603,0.4882871862364748
2025-02-20 23:01:19.901925,13.603549474667716,82.82890710864142,644.3375850412662,10.254283746570191,0.0703996821166186
2025-02-21 00:01:19.901925,11.423911788891767,83.59253107162542,556.9196455321171,12.046162700985821,0.02783357954539008
2025-02-21 01:01:19.901925,9.965572491009617,88.1516235077109,271.73727137800904,12.27152252055026,0.160526581151787
2025-02-21 02:01:19.901925,14.201143042941915,39.749564556360355,154.10772365276284,15.10684331093522,0.16291403118322523
2025-02-21 03:01:19.901925,13.14550601703533,44.37119333936977,491.8190773797174,2.602789840615877,0.20365433892052298
2025-02-21 04:01:19.901925,10.267567393320967,57.26924385478756,314.74782235000293,20.324064920650734,0.012631866829519254
2025-02-21 05:01:19.901925,17.63149092650316,40.786040160341805,417.2171239344391,15.005071558059715,0.05036289124166238
2025-02-21 06:01:19.901925,14.246810093014846,81.70722411478673,266.71704793519103,16.791942355934268,0.11031121448599185
2025-02-21 07:01:19.901925,13.121929719040974,80.89037050459667,458.05341700307434,8.953049395394935,0.1939950287495153
2025-02-21 08:01:19.901925,19.19682581913722,51.568909290092535,654.3068113623468,4.201705190655281,0.04395414059894912
2025-02-21 09:01:19.901925,15.016558791367062,44.25226406101268,215.93755139138983,12.75436158884931,0.1476691436929105
2025-02-21 10:01:19.901925,10.438726090488629,54.787658600554664,459.8349355669995,8.033455289100269,0.16958011370838263
2025-02-21 11:01:19.901925,13.00041166886607,69.3320230462426,67.66448647133325,12.720062540346984,0.09559540173695699
2025-02-21 12:01:19.901925,14.451794887675222,37.55841407469359,1068.2969250464,6.696571783484886,0.2591967910425523
2025-02-21 13:01:19.901925,16.227337365206395,35.187916384441095,953.1484226460042,0.7133943163969174,0.0562287083762587
2025-02-21 14:01:19.901925,10.787474256193171,77.57940092217159,734.9136831366297,12.938496095116172,0.2171567810214514
2025-02-21 15:01:19.901925,11.384475062308857,54.59204036844745,436.81019275257995,13.06682897490294,0.002493828441473749
2025-02-21 16:01:19.901925,10.724075939267395,58.907903520398676,0.0,7.3775536679667395,0.11747092816811014
2025-02-21 17:01:19.901925,14.964351411508076,34.389944802451446,384.21206714649395,3.0915363131850944,0.04386282592921797
2025-02-21 18:01:19.901925,12.925689369850122,31.245767226943638,473.9093607893868,12.631217473197434,0.13373847928965493
2025-02-21 19:01:19.901925,13.003906309093097,73.64826392802532,585.5279548839968,12.16642364517197,0.010168285758798065
2025-02-21 20:01:19.901925,10.578529839827988,37.62075629862241,401.85732808479224,19.224024462929144,0.2658104431088486
2025-02-21 21:01:19.901925,8.755837296670276,60.148235586966535,545.5772961225878,4.516088987387191,0.040010677694785814
2025-02-21 22:01:19.901925,13.488759960016809,33.26376777937635,159.69437642459536,7.26715338702447,0.19046752844841588
2025-02-21 23:01:19.901925,9.917823372972203,89.06581936060331,438.89600088010275,6.9906149415212395,0.14927783424174743
2025-02-22 00:01:19.901925,7.798565363426865,82.5944578427757,244.87096621205927,7.134424788124841,0.288577953345619
2025-02-22 01:01:19.901925,10.992352967709316,44.721797225901916,414.3751728037623,9.167398557721821,0.18890296901362522
2025-02-22 02:01:19.901925,13.728190553310657,35.10609343666211,506.5491845294703,4.280616028876848,0.2916180236050596
2025-02-22 03:01:19.901925,18.41758516761223,76.391363908491,551.7753298913259,1.3129547540722808,0.02159328086382958
2025-02-22 04:01:19.901925,7.747771503781735,68.23055193589983,509.4220057813541,9.964573449222865,0.4371077242590917
2025-02-22 05:01:19.901925,11.58797307170456,47.84444439022323,571.8795492541698,1.476779283710583,0.4541444845146022
2025-02-22 06:01:19.901925,10.111827030985634,48.118671139290164,408.59765779514044,9.307369385636266,0.027985879044027315
2025-02-22 07:01:19.901925,14.728661664278578,42.409906859347984,238.9614720982488,6.030553371264153,0.1535417524986671
2025-02-22 08:01:19.901925,12.668658165282551,59.85710818684622,395.79998909980714,3.2169818867053412,0.2970990046648287
2025-02-22 09:01:19.901925,13.199888899029677,84.1130580345893,462.9488128313209,6.552865777139864,0.06941603253738515
2025-02-22 10:01:19.901925,10.023463814797248,88.77481501440737,482.7950207846425,13.525222465983688,0.026828398682688704
2025-02-22 11:01:19.901925,7.056660927236578,37.27253747633469,330.1090342808275,7.420141562281364,0.5546985632867135
2025-02-22 12:01:19.901925,14.761544492010408,54.239880401898006,290.0642339621926,6.6381226086860226,0.05616999379147394
2025-02-22 13:01:19.901925,14.30227428321025,70.97490452626758,813.1423807195971,4.557316091703248,0.4312757892879372
2025-02-22 14:01:19.901925,13.54246675458224,42.58364317651199,433.8292117318157,3.997453441900007,0.1573327112041545
2025-02-22 15:01:19.901925,10.617844061789707,54.08898142293412,538.6671592328224,11.522426301541529,0.5118572515398166
2025-02-22 16:01:19.901925,10.518578044639252,41.75696956013822,373.6308292918126,11.839190825973862,0.002158611459551844
2025-02-22 17:01:19.901925,9.61963169027591,59.16818931028162,917.7108491201109,5.087536689431675,0.09051855594561725
2025-02-22 18:01:19.901925,13.753579161375168,68.38893216255369,535.5911904215957,12.345587347762795,0.06053269539892278
2025-02-22 19:01:19.901925,9.947647977556075,32.003447344613804,744.4250863990167,18.238797450536858,0.05402671062914643
2025-02-22 20:01:19.901925,8.606751178064354,47.940890654152284,673.798523619063,10.307592659936338,0.015584637442035629
2025-02-22 21:01:19.901925,7.3092943560289685,70.70439297243595,416.378947393534,6.983252314487438,0.21178384291823452
2025-02-22 22:01:19.901925,13.412658438109135,55.829922467741746,702.6706342353475,2.6723954173088305,0.23825311686266298
2025-02-22 23:01:19.901925,14.906729062880597,62.63460501258302,312.3466844123896,23.313087903751516,0.35776412735346524
2025-02-23 00:01:19.901925,8.622691014042509,57.503797016071225,223.10765466809988,13.505901230515075,0.07403755073591115
2025-02-23 01:01:19.901925,12.36933733991374,47.63062560785909,706.1234638697133,5.98661464609986,0.4359895816710287
2025-02-23 02:01:19.901925,16.95246544266795,69.43552637961216,399.57973161268563,9.48082907278964,0.04309877202181606
2025-02-23 03:01:19.901925,12.01728615360486,59.7251789934393,308.810380019018,6.385369936453231,0.1576114350987747
2025-02-23 04:01:19.901925,7.11654436865308,31.281721415189185,387.4183909573053,8.548585488706609,0.06736091239389298
2025-02-23 05:01:19.901925,12.215994084797115,89.61744148377474,645.1039490908786,9.337512583589758,0.38422853409535884
2025-02-23 06:01:19.901925,13.620369757520821,80.75528223422806,390.129322090011,10.686235705129203,0.048702811512497016
2025-02-23 07:01:19.901925,9.835395108817366,61.51545381933391,586.5024546515255,4.237277269032447,0.06215044981387672
2025-02-23 08:01:19.901925,13.204870804835389,55.33677934250738,810.2953686730109,10.835816701756203,0.2193787515542016
2025-02-23 09:01:19.901925,5.98539277835788,35.293891415878306,356.7142261994287,5.962473433662111,0.11083625645922933
2025-02-23 10:01:19.901925,11.184604367940318,70.3737265362644,798.5249455901737,3.0418821617661536,0.15885025965311284
2025-02-23 11:01:19.901925,6.158099655119763,63.790050878763864,554.7820937428556,5.069730247772041,0.14100423675439577
2025-02-23 12:01:19.901925,12.138930810824773,53.607887593346234,450.14743171057427,8.93581325175499,0.3833651094697962
2025-02-23 13:01:19.901925,12.84821572300392,77.52937876925876,636.8330790201562,16.12265771014784,0.0065649351438909105
2025-02-23 14:01:19.901925,11.39354393962777,72.09968219257021,432.64254279278896,7.386466296594191,0.25216624114061575
2025-02-23 15:01:19.901925,12.803240591957389,30.714654846361682,436.6284434361,20.781621155307413,0.05317529194403773
2025-02-23 16:01:19.901925,12.208726352684657,80.08737716208643,533.2637706423775,8.964735438410505,0.04766542850967598
2025-02-23 17:01:19.901925,16.22536232783549,30.925749055360743,641.5271795470468,8.4426725110907,0.3624594756973394
2025-02-23 18:01:19.901925,16.394070875226383,64.60102782779742,544.7971874609196,13.033699513272829,0.0858812655175071
2025-02-23 19:01:19.901925,18.20418381309885,41.614609654680166,375.74363709826423,6.192951059530259,0.14701027510196898
2025-02-23 20:01:19.901925,12.489534509583322,64.01406396679576,640.6087982236336,10.815162636298448,0.12082478510779451
2025-02-23 21:01:19.901925,12.603199472156675,82.131613368585,500.5249584090757,1.8179553780725421,0.0819837056889802
2025-02-23 22:01:19.901925,12.989322005655545,54.105050304340175,310.660043060709,11.854511120812944,0.04585814163436993
2025-02-23 23:01:19.901925,14.779518322881252,68.35911680709569,828.7498065224969,16.185028216494402,0.04268889153492637
2025-02-24 00:01:19.901925,15.443687112379518,89.55457077400408,125.959338127617,5.7736706226017045,0.14439286517341063
2025-02-24 01:01:19.901925,6.740726260043564,34.70860960780365,154.87776139163327,6.936564247267782,0.7916731311655295
2025-02-24 02:01:19.901925,9.12208810586111,72.08468899316188,718.5616788338248,4.393464640776425,0.23795938829013208
2025-02-24 03:01:19.901925,11.799170505941898,69.03676681995427,787.8822203318664,7.005088143487349,0.1470367397222125
2025-02-24 04:01:19.901925,7.481739365385671,87.40386192129714,183.5878359420076,10.527861984717799,0.018053806419773274
2025-02-24 05:01:19.901925,11.04745658382161,42.07232959274,793.3096887093075,10.195269101274755,0.21809118066387218
2025-02-24 06:01:19.901925,13.443320041313248,33.88943904921961,621.6844689932178,11.87762337214021,0.5955691070694941
2025-02-24 07:01:19.901925,14.560762759737361,61.507516486087795,610.2778386758782,10.888118624640349,0.6995860608713033
2025-02-24 08:01:19.901925,17.483388536498985,41.113502104095076,419.3363756194912,4.973267445981059,0.02162908886950178
2025-02-24 09:01:19.901925,11.012229836286847,65.8615857372169,807.5631840396154,12.374235713819164,0.19107823140529046
2025-02-24 10:01:19.901925,14.513354912329747,81.08515649920142,480.1299080449983,11.548702366882953,0.4745451753071983
2025-02-24 11:01:19.901925,11.763716477715494,39.815873462029614,526.0816174917666,4.812325008239522,0.012810525445660024
2025-02-24 12:01:19.901925,14.951939473292802,66.09370475486594,430.908491004423,9.252722155032005,0.18938238579447753
2025-02-24 13:01:19.901925,12.792568974445526,89.39837032845516,265.57133249910214,9.836199211618984,0.25321039001670664
2025-02-24 14:01:19.901925,6.1769090630908465,31.59111382359288,695.1198103604138,9.544857055427865,0.14263646725167467
2025-02-24 15:01:19.901925,17.51211625656215,87.86825522429447,580.6830917930448,19.586210460073715,0.25300908183539866
2025-02-24 16:01:19.901925,14.745610005692733,51.64868812986854,258.59738941533624,5.122832773863849,0.12398536424479445
2025-02-24 17:01:19.901925,13.597963554418248,63.25715171113072,831.482838326669,10.958075463196932,0.016836745685578757
2025-02-24 18:01:19.901925,6.211180098186491,50.237265447233426,274.64594839316567,12.566899722061251,0.017340285780890852
2025-02-24 19:01:19.901925,10.245913080041479,68.97793514194792,508.6310608676345,7.609093389462047,0.672711370403069
2025-02-24 20:01:19.901925,12.277904714509335,66.23742519398954,418.4188561441875,9.463286655249696,0.5610139172610553
2025-02-24 21:01:19.901925,13.850600036140527,52.426788144867714,554.1315095341419,8.879614305833574,0.12424214670787713
2025-02-24 22:01:19.901925,18.107051723217648,35.07602566125794,823.338856081607,4.941616266071234,0.055389906393896605
2025-02-24 23:01:19.901925,5.281694429421982,69.55828488945377,437.93480086533214,9.706794080163302,0.3994386423528109
2025-02-25 00:01:19.901925,12.248637381135937,40.90258374929344,596.0082654983559,5.384685334390432,0.302605764411901
2025-02-25 01:01:19.901925,11.876807078493709,43.30774094765676,470.8349747812721,12.11290245602948,0.18450094401209524
2025-02-25 02:01:19.901925,11.537193967834032,68.73493119189413,604.11885630888,5.3798287279193655,0.43476412896376904
2025-02-25 03:01:19.901925,11.81517964694694,56.63407905026243,699.9746981716746,3.5855737177574443,0.05637496825401281
2025-02-25 04:01:19.901925,10.710923402957672,83.22286612862344,645.659677337523,5.211258154276544,0.22756703048981872
2025-02-25 05:01:19.901925,6.561732999014588,79.99719985682779,368.8633626368322,2.3876209381841464,0.28362499422185466
2025-02-25 06:01:19.901925,14.21487199489095,34.81649329482403,648.6145039114929,5.255946459264268,0.007579185165995495
2025-02-25 07:01:19.901925,12.138864504157967,48.11739514894097,338.8678496471679,8.461401337319534,0.10753855325148061
2025-02-25 08:01:19.901925,15.41870140041796,51.50546417528474,644.8759387807447,15.687402995035349,0.21208410757167126
2025-02-25 09:01:19.901925,10.737614427702818,51.377669148849506,478.1157305489922,9.660651308294495,0.23189338242561963
2025-02-25 10:01:19.901925,10.112229667817964,40.211565228258884,777.475545279734,5.868095548517184,0.22659520019609178
2025-02-25 11:01:19.901925,12.346223359457142,62.15737203281748,649.3965157476689,15.769074278355866,0.1485158081260602
2025-02-25 12:01:19.901925,11.445355347071702,53.49479285463599,787.9663040598059,13.429978076944858,0.523282413351361
2025-02-25 13:01:19.901925,16.329877444330638,66.70437372141771,537.5096447982697,14.900229328010774,0.17718669122378006
2025-02-25 14:01:19.901925,13.75864692198643,67.00039431706912,361.9560369366843,15.594592549612651,0.23852396782009083
2025-02-25 15:01:19.901925,10.648427386551512,31.228102513561396,689.6639994714252,3.67910217724488,0.021826181202999208
2025-02-25 16:01:19.901925,8.955141858435118,37.20981686869337,534.8518003893506,7.339742980842855,0.3413821444473223
2025-02-25 17:01:19.901925,12.802708802590706,88.15544534074995,942.8227749865305,9.942848616136509,0.06540491181468604
2025-02-25 18:01:19.901925,12.765211830454158,45.1448096521081,655.2075261917694,5.470760273265846,0.19319072182527627
2025-02-25 19:01:19.901925,14.644591663656422,69.67805352173028,384.40596624775367,3.4798260952346753,0.29466888734100666
2025-02-25 20:01:19.901925,12.491460810160758,50.51583285212881,370.7896352732246,6.632213353472235,0.042867370260294066
2025-02-25 21:01:19.901925,8.160606965157566,49.26595636242807,456.82321235486666,4.839333000483963,0.6898664603853688
2025-02-25 22:01:19.901925,6.229369619634173,66.06765187945392,500.4738897233684,11.715790752909873,0.14800576954360523
2025-02-25 23:01:19.901925,9.321276022169302,88.87698959563525,717.7260548617392,9.518499550957403,0.33374013907189726
2025-02-26 00:01:19.901925,7.28693744486828,68.42529991509906,341.8191822874852,11.068708589743178,0.32836635143939796
2025-02-26 01:01:19.901925,10.67051521694393,72.36638996630955,339.234960318846,13.74134508460281,0.037118324276546544
2025-02-26 02:01:19.901925,14.743639512861247,46.21680152324636,468.89262313248736,3.731629764091959,0.7788389149823121
2025-02-26 03:01:19.901925,11.557121955452047,88.46102454576865,264.41321359057486,10.232616154066882,0.47796325438038667
2025-02-26 04:01:19.901925,15.896751996132762,67.54898622663545,744.4399378294133,11.471836135341595,0.05030258130468032
2025-02-26 05:01:19.901925,18.13736643808783,87.62997454860376,612.7365393830339,6.986529325312791,0.2249589601282989
2025-02-26 06:01:19.901925,16.192828443846924,34.92533573871857,575.9251048310119,9.794117444231574,0.12345763880009464
2025-02-26 07:01:19.901925,10.350054937833333,77.17786808618554,329.8199655918593,4.740656565498061,0.20958582638711878
2025-02-26 08:01:19.901925,15.912716438225846,44.93338583158378,724.6383536663529,7.537468474737452,0.13374943401461883
2025-02-26 09:01:19.901925,16.91601679646498,83.82188204725585,228.14346365825878,5.999430550748377,0.23725428066206422
2025-02-26 10:01:19.901925,7.31421703250243,52.23207180174761,306.178056131575,17.702703803640915,0.1772769184054643
2025-02-26 11:01:19.901925,17.252423906248108,62.49694935155477,320.6305167674716,15.482775786159348,0.014234608162038379
2025-02-26 12:01:19.901925,16.465872844857792,57.92124355802997,665.7675152218748,4.122679566200108,0.44566881069728287
2025-02-26 13:01:19.901925,11.309458881765323,80.45707227346256,351.0152525487707,3.4489224905571514,0.07037504258872411
2025-02-26 14:01:19.901925,9.739296658274547,32.4551503065817,392.52130897217296,6.890825991321248,0.06961085209311127
2025-02-26 15:01:19.901925,13.574393030604579,52.960820319306045,565.1538096637461,4.067915007516404,0.15048140555316758
2025-02-26 16:01:19.901925,14.768551285153402,54.50996298886994,877.1175569525724,10.015159392448131,0.29312506058351484
2025-02-26 17:01:19.901925,13.033049487539467,57.34640596009672,276.37994509719834,8.73183240415607,0.29476572036410775
2025-02-26 18:01:19.901925,7.345528245001354,63.079887005782254,733.260091906558,4.34391532441085,0.5137107388192279
2025-02-26 19:01:19.901925,12.914675786623224,53.30656895777602,536.3844470295606,6.637769175535839,0.08779094267453305
2025-02-26 20:01:19.901925,11.315455695390199,75.45935288784715,411.87975054456706,6.333958991503924,0.21728527788238658
2025-02-26 21:01:19.901925,13.149197673341524,83.883036352371,469.736571882271,10.538544353656171,0.0170814782190304
2025-02-26 22:01:19.901925,11.297858264509461,82.38662886112569,50.86217715971355,8.913984942433848,0.03770253102689814
2025-02-26 23:01:19.901925,14.063904978038856,49.88485597973094,131.67765233857216,15.79826930206127,0.4249168770942013
2025-02-27 00:01:19.901925,13.02191350202037,77.9476468749155,744.1373955554604,14.288209994578796,0.11323050491084719
2025-02-27 01:01:19.901925,11.700051991584852,83.37562428600278,602.6212322484764,1.4003210592942028,0.6245144911975489
2025-02-27 02:01:19.901925,9.239827989332216,76.63055373907397,440.44315182095437,0.8687156118867407,0.16484815999452496
2025-02-27 03:01:19.901925,11.632571522732254,78.93538135631132,631.153603345685,0.9500035090043759,0.6577054762504742
2025-02-27 04:01:19.901925,11.79754883873371,39.88861527026144,377.84736558834663,4.300121963595759,0.12465661985260819
2025-02-27 05:01:19.901925,15.646074543560376,45.348213692591465,623.0178662711916,9.026193022306542,0.3875887008102754
2025-02-27 06:01:19.901925,16.85787584280234,57.846114609529295,577.5463654500288,1.2291197703467867,0.20581103674977375
2025-02-27 07:01:19.901925,9.4202420452852,61.52994337213984,283.2070681048043,12.410976923816719,0.16719267311328245
2025-02-27 08:01:19.901925,11.673609046654558,71.59726864989824,700.6409597085553,21.86217105157641,0.06173988075939555
2025-02-27 09:01:19.901925,16.403487255558527,37.18137078175841,639.7923183433309,6.816887247241247,0.31560671404439034
2025-02-27 10:01:19.901925,10.06214770020931,86.25231801756814,555.1952715117957,4.3081473614125185,0.08516016282539542
2025-02-27 11:01:19.901925,14.37697354182436,62.823228008385506,560.7229199857748,7.25418910913476,0.8825227513928109
2025-02-27 12:01:19.901925,14.205907503504813,42.36106745311834,654.0306216958044,13.80970613967058,0.17098193046795873
2025-02-27 13:01:19.901925,12.873744661442108,32.172740220825794,768.444170118399,9.064595202448592,0.03906011123455208
2025-02-27 14:01:19.901925,8.488097269765456,59.63683912341399,118.20889132922815,10.855308085727398,0.04861097568418203
2025-02-27 15:01:19.901925,16.972590733438594,55.44180408296994,228.81273058462347,2.052274158530199,0.28244252130565917
2025-02-27 16:01:19.901925,13.662792338176606,48.21091418819604,52.92612857914867,10.56701689637465,0.5047632930124253
2025-02-27 17:01:19.901925,12.976514928267854,53.83498173987197,826.4330288011647,11.378574340112229,0.060712307169119795
2025-02-27 18:01:19.901925,10.032820807679647,78.66926362009272,510.60329558397643,7.37403783519173,0.22388674217499732
2025-02-27 19:01:19.901925,15.126209613660496,62.93120569297821,585.6415977307462,8.24187871450863,0.06503245543735539
2025-02-27 20:01:19.901925,14.432771369387233,51.232874549879384,212.57026293811776,8.607391465377576,0.007339620232444371
2025-02-27 21:01:19.901925,9.64692422373663,85.30922121314802,589.1101294672524,17.6603841200498,0.10656129996271231
2025-02-27 22:01:19.901925,11.827544686206586,48.048266338966414,562.1126472944504,9.157576903233135,0.3988370572140992
2025-02-27 23:01:19.901925,13.51867299542781,53.887734217181105,545.3859237163055,10.399783210789629,0.8392358912656466
2025-02-28 00:01:19.901925,16.625591294014107,65.17556156618971,539.0427984490551,12.1581251654118,0.11008172595629158
2025-02-28 01:01:19.901925,12.51409719449802,55.938185155481236,475.60836562265496,6.791618832420721,0.20171218688532022
2025-02-28 02:01:19.901925,14.45996702208374,86.13350517353652,439.0327461877262,9.034252974009236,0.36717314139162754
2025-02-28 03:01:19.901925,18.466479639311338,80.9238356671317,623.1699988269285,10.031403844766771,0.19712005864349816
2025-02-28 04:01:19.901925,7.939443143295939,62.625521979595014,504.288157183306,4.596510328079904,0.06274449765152089
2025-02-28 05:01:19.901925,13.901329007883456,57.88867468712469,451.10632876999625,4.711781560807598,0.02213302199513625
2025-02-28 06:01:19.901925,13.166120973485732,36.456050770334855,540.8954858374163,4.1582465244969535,0.05907271094611891
2025-02-28 07:01:19.901925,16.087698807556983,41.00839874588268,629.300341521021,9.22687932681551,0.07519861082897793
2025-02-28 08:01:19.901925,12.776196058056863,67.83063735767384,375.33801749832594,6.727847097774868,0.043598482604646514
2025-02-28 09:01:19.901925,9.219329665737806,66.16019840142775,412.96050744505203,7.273173936755835,0.4308188816167049
2025-02-28 10:01:19.901925,12.361055335768356,53.13014669120744,832.308752492971,14.31645643643179,0.07016746212770915
2025-02-28 11:01:19.901925,16.856635605104465,34.87663665615479,422.56979209305314,12.917942929780883,0.1416473919968386
2025-02-28 12:01:19.901925,13.13489312440828,52.00911400665274,896.1087987469002,7.420956409991307,0.07498628569143505
2025-02-28 13:01:19.901925,14.90982639059311,33.89510470722045,603.7557472354672,3.9307315916887493,0.21276069343134218
2025-02-28 14:01:19.901925,14.404338113243233,73.06347160299995,331.76666826392193,7.553560057131653,0.574195323413566
2025-02-28 15:01:19.901925,16.488244993958205,67.55629867604617,625.7260315364558,14.175758662839295,0.14802354950733854
2025-02-28 16:01:19.901925,11.75989563810281,38.83363951825527,765.9856032819498,9.916400422234199,0.09128515989431192
2025-02-28 17:01:19.901925,11.191594802293565,87.58566906357532,847.991630982352,18.63463200874374,0.02397325267141348
2025-02-28 18:01:19.901925,11.139834372735063,34.79402027242389,502.0014004547518,18.566332693903185,0.01474525360131126
2025-02-28 19:01:19.901925,12.467747677966809,69.98503198422438,357.1536400456624,8.55579118172331,0.27340454331518077
2025-02-28 20:01:19.901925,10.189990869723843,85.10768260829495,325.1245298066466,10.176484854836056,0.07882308847079557
2025-02-28 21:01:19.901925,13.007046978269194,33.919791267665325,883.1038148499829,5.796459740492992,0.1709878051564961
2025-02-28 22:01:19.901925,17.712619261367976,34.05876424723162,326.4300445843704,5.843993782035984,0.1297774452685301
2025-02-28 23:01:19.901925,14.769468831560388,62.200073550748094,63.03536406104354,2.245673358349389,0.14126041973691414
2025-03-01 00:01:19.901925,17.01346463133544,39.9426402082241,474.9694833127736,5.891535580984057,0.03465852674904537
2025-03-01 01:01:19.901925,11.158105745980002,39.54789216318663,291.32047972361283,8.813539541654194,0.10225665526184922
2025-03-01 02:01:19.901925,6.986423978851247,65.87635466816414,558.2490238859567,13.025464483432605,0.8388652102390921
2025-03-01 03:01:19.901925,13.133550906686134,59.55624527210775,301.64516025426093,7.519587471381061,0.07500971113426506
2025-03-01 04:01:19.901925,10.228747631884062,80.54914362796545,1.1969364006735645,5.758858555626286,0.003595456166501108
2025-03-01 05:01:19.901925,10.350371639337373,33.93086235564081,571.3159496991715,3.5746450226151465,0.09197558543626438
2025-03-01 06:01:19.901925,12.008522443859517,59.055095280446906,180.75189064136913,8.088751161296852,0.20184294414592868
2025-03-01 07:01:19.901925,9.000062244187959,62.31938484460113,520.0609499857385,12.677683916036703,0.5080421897191573
2025-03-01 08:01:19.901925,16.361507642026602,81.14681339136212,694.3433899435856,3.119654998454644,0.05365122626319188
2025-03-01 09:01:19.901925,10.652974731729175,83.90767077185981,494.4506440339407,5.563777542628296,0.04511022036648416
2025-03-01 10:01:19.901925,10.800813410274394,30.78527611133679,298.15687030397436,6.483328521998892,0.11634668054446332
2025-03-01 11:01:19.901925,17.62989485771677,30.9779446897507,398.79280971151826,7.315844848196212,0.015605350860813464
2025-03-01 12:01:19.901925,16.641765432870123,42.99442654785949,500.8643725910072,8.060622561066973,0.2655029429829516
2025-03-01 13:01:19.901925,15.814067797444688,47.7142333655286,603.3369430262433,8.458223209141268,0.4094064591275915
2025-03-01 14:01:19.901925,14.655213874434006,47.01582493329836,493.12839247949574,16.178489492927387,0.1290902028936902
2025-03-01 15:01:19.901925,10.02177082025467,84.41695467929986,291.79266791263854,3.0279980116442156,0.29079544932622475
2025-03-01 16:01:19.901925,10.17115856859149,56.44211702436045,571.548781936728,9.532067437956584,0.21168488898300827
2025-03-01 17:01:19.901925,11.758783466650552,72.62245366360676,513.1984517780841,16.21768534919093,0.04828964604750746
2025-03-01 18:01:19.901925,10.249418416445355,60.854916471980076,732.7547342670699,2.1042663585079353,0.3525918282163632
2025-03-01 19:01:19.901925,8.995346510616717,43.00876001700077,89.72876983071279,13.275998859259051,0.14746835981071618
2025-03-01 20:01:19.901925,7.64292667275075,37.98755474533508,314.3972008760241,3.612075187059846,0.20045219914450985
2025-03-01 21:01:19.901925,14.91879461575739,33.400632081623066,630.4658069568719,2.221728949528398,0.21756812465388933
2025-03-01 22:01:19.901925,13.104830315805527,80.14616503672735,702.1662675955674,2.7479656614050283,0.12817438799248287
2025-03-01 23:01:19.901925,16.06463922913042,69.41628124481733,650.1377714869016,9.854515913150102,0.15180871857990597
2025-03-02 00:01:19.901925,10.929830068921095,62.11860672532024,316.35077662764934,10.454906959772956,0.021595985846911567
2025-03-02 01:01:19.901925,10.369701329273193,85.76416866607447,347.8328095077637,12.983249005087526,0.09376467113632925
2025-03-02 02:01:19.901925,14.19654495830719,56.73392651445302,496.28485563508826,15.181063425159746,0.6946896915065051
2025-03-02 03:01:19.901925,13.608929280619138,77.5228531255068,452.9125382259998,21.162954482808416,0.2217118140773543
2025-03-02 04:01:19.901925,12.44125439089197,83.5737447555182,443.3273908816723,5.4952978976423275,0.19278873111502198
2025-03-02 05:01:19.901925,11.975427414017883,85.18425565619782,647.2042788315578,2.9698445648529006,0.018588552631971837
2025-03-02 06:01:19.901925,9.644969777750628,76.61486840670202,512.6815801786304,5.5350363245111724,0.024496605632512394
2025-03-02 07:01:19.901925,15.819181348901596,83.75061169119793,151.23019782002063,4.264059900502243,0.050540049454904645
2025-03-02 08:01:19.901925,13.492217691322233,52.77962413985303,947.7086858233172,8.779078508443531,0.40344490227517504
2025-03-02 09:01:19.901925,8.79702517377097,89.43812193035333,422.22919892683933,12.154105242560107,0.23142382017728355
2025-03-02 10:01:19.901925,14.85122567008731,84.83930426250828,294.2020423099373,6.624637536787351,0.12334677297755073
2025-03-02 11:01:19.901925,16.365445265272374,78.16173971223488,694.3287299971134,10.473890794887167,0.5737416341336016
2025-03-02 12:01:19.901925,14.315744969016112,79.72168691747976,674.4321356948107,11.213985038834412,0.048866619511396224
2025-03-02 13:01:19.901925,9.3564354650258,72.5124717999164,576.1949667074872,7.898625431068282,0.22609006446479998
2025-03-02 14:01:19.901925,7.099263525746553,62.34269317592323,388.95943199191834,8.08964858920286,0.20604375727572025
2025-03-02 15:01:19.901925,10.015637265782347,43.53222617943175,586.1305706209404,10.929841678095489,0.042358625537813374
2025-03-02 16:01:19.901925,8.696894274033992,62.047592627023846,768.6756648036012,11.88065306234119,0.12578480674307702
2025-03-02 17:01:19.901925,14.953763852098636,65.69702492398434,816.6604828428867,11.712130091398267,0.0923242368731387
2025-03-02 18:01:19.901925,13.78159277588794,86.6020366143833,408.79407897142016,21.083885423545357,0.09578387374455563
2025-03-02 19:01:19.901925,12.17705537881812,63.54216628979977,385.1879265898352,3.7305388434239433,0.039203420418254836
2025-03-02 20:01:19.901925,12.00286855114539,36.78682987445087,643.6845199964788,4.455244274934805,0.10720021697592585
2025-03-02 21:01:19.901925,11.677925456653222,70.98251991742433,735.0330174791212,9.964066721579536,0.03633724601135123
2025-03-02 22:01:19.901925,15.793859436318,85.97215709885518,301.2925437247874,4.099282113190941,0.14645878131852336
2025-03-02 23:01:19.901925,12.50138538586526,47.61902285757991,537.7565256145127,3.5277736372893336,0.2989184360550499
2025-03-03 00:01:19.901925,14.366431324827136,85.22442376921887,434.23178843004615,17.929559022511793,0.027892949153499092
2025-03-03 01:01:19.901925,18.128441740401385,40.53273434173171,168.63447905450494,21.720763138055716,0.20314065690521216
2025-03-03 02:01:19.901925,12.135333863603222,37.63716914240673,196.69766413916636,5.619804389212679,0.04070539438953409
2025-03-03 03:01:19.901925,9.631246786180272,42.63574647156116,572.0865063456038,8.315431907257448,0.07415742875947837
2025-03-03 04:01:19.901925,17.89005704694898,80.6230845770776,380.10803533558055,5.0820648309744385,0.014681016998847477
2025-03-03 05:01:19.901925,9.544182558340118,82.20812625235872,558.3269934024305,4.825516272527441,0.16930511774316473
2025-03-03 06:01:19.901925,18.958848518768022,65.83636780986517,659.1910526482583,6.482051344555618,0.02007504430420207
2025-03-03 07:01:19.901925,12.552792621488535,85.26425373062656,647.38634608759,12.196977480392706,0.8491849831634948
2025-03-03 08:01:19.901925,15.064935974400298,53.95426091533893,416.5840010442331,5.259869137935808,0.06262914949833095
2025-03-03 09:01:19.901925,13.421021520529244,66.3826538593359,301.7793317690717,3.892932225988032,0.12881360598974112
2025-03-03 10:01:19.901925,13.149621282193273,30.84701132808274,267.55769380903337,7.959567370859747,0.18828604861780668
2025-03-03 11:01:19.901925,12.952299682018223,77.06234744862329,541.9305658670205,2.5567473186673446,0.06789029006325388
2025-03-03 12:01:19.901925,13.572085745264983,56.218263629098516,548.4569025202846,2.631241732960174,0.149612670386131
2025-03-03 13:01:19.901925,7.1856991278172,55.06196494127413,596.8246733864676,6.253425130098128,0.04846335523345803
2025-03-03 14:01:19.901925,16.04804291177647,63.3729053437835,615.7976446017121,18.210293799939056,0.023103400308479512
2025-03-03 15:01:19.901925,14.555278084352754,77.52976792002254,400.55753657783373,7.315459066034066,0.1817706011521793
2025-03-03 16:01:19.901925,11.501815232089337,47.74265468611387,630.0023758959203,2.7601827320785848,0.09429691890625634
2025-03-03 17:01:19.901925,14.398950453565448,54.31188117142962,496.5630227115061,11.673557470322365,0.32619595439521115
2025-03-03 18:01:19.901925,10.833956995707767,56.579376836371345,441.77977930230884,6.060356162705583,0.014420346538207188
2025-03-03 19:01:19.901925,11.930803864641746,30.57860657136845,640.0535666813109,15.601941934309966,0.7905149485290471
2025-03-03 20:01:19.901925,15.237224579895006,47.08049243751233,155.81572446410718,8.137126307460562,0.05320954896550485
2025-03-03 21:01:19.901925,15.72900414263001,68.91649184186153,559.7454947945971,18.42153580624825,0.06425972141872888
2025-03-03 22:01:19.901925,11.624270177150189,51.53048687345918,468.6954244600394,5.84109280543993,0.10268350053775151
2025-03-03 23:01:19.901925,9.824429791270383,80.4708338888197,614.432569887148,21.900792757605178,0.1810957425737562
2025-03-04 00:01:19.901925,15.653309182929014,81.20955811139646,137.5194269447622,3.028142548802015,0.17821280711291482
2025-03-04 01:01:19.901925,19.663827300675113,80.50861723136933,649.9891737187381,8.628457280643712,1.1402199854302462
2025-03-04 02:01:19.901925,11.014652942257726,42.34399521163592,218.33447715897557,6.0343941200780975,0.0052227848515163525
2025-03-04 03:01:19.901925,8.930261650890102,37.33502202813868,824.9518679098752,16.601836984461084,0.11766008715034251
2025-03-04 04:01:19.901925,13.837595750440888,72.89935387813775,749.3744215889901,0.8030703694672949,0.162623811986309
2025-03-04 05:01:19.901925,10.267719713341013,63.69688274241923,558.0977151680349,9.374010560316105,0.2144489016812352
2025-03-04 06:01:19.901925,5.465112806044765,54.54097465987523,167.49821499305148,12.962861591418672,0.1341810781476612
2025-03-04 07:01:19.901925,9.708162347663873,58.3727138046016,274.45384076125373,10.22969667533317,0.20365474677047152
2025-03-04 08:01:19.901925,15.872837672291574,75.69548698610006,258.5611060042975,4.19501923241319,0.19311365000905095
2025-03-04 09:01:19.901925,16.06149795714769,34.764076529457746,775.8155660947767,14.342284909758746,0.13514703457563712
2025-03-04 10:01:19.901925,10.461032393151896,36.33338003270183,468.7313498623609,3.9392525229180197,0.17184501313728962
2025-03-04 11:01:19.901925,15.736905800224585,39.241806971829305,593.4226031656681,1.0662387404796148,0.016505465782676598
2025-03-04 12:01:19.901925,18.24412459433919,68.33531720278111,701.8658777905233,6.783683847875016,0.478307438652644
2025-03-04 13:01:19.901925,10.563189189230744,77.6124597607187,419.77583792825067,10.414204566147323,0.020567288755637625
2025-03-04 14:01:19.901925,11.990557986992675,73.51121869363747,274.11337438014834,4.663003225399463,0.10886442443440184
2025-03-04 15:01:19.901925,12.815894657591514,74.466898930723,442.40431368486804,2.777979996373126,0.0865120117132425
2025-03-04 16:01:19.901925,17.886492941998814,43.676686926268026,91.71169334357927,6.862777892718123,0.047332407109057346
2025-03-04 17:01:19.901925,12.677664533634374,55.80820992787854,635.0201118958156,5.6020506517127995,0.22236946825417792
2025-03-04 18:01:19.901925,15.186665321555285,88.98414417522751,566.2057854506422,10.680437693829365,0.10737468273485201
2025-03-04 19:01:19.901925,13.84980130909505,31.48844750857735,366.4220859063681,8.865326331264246,0.04284927816650515
2025-03-04 20:01:19.901925,16.279264107625952,33.53011101755415,520.8852323403553,17.076606542670426,0.20872549580413452
2025-03-04 21:01:19.901925,13.299338733477702,84.2399369796646,650.7925595258879,1.9794621316606542,0.010179755930495025
2025-03-04 22:01:19.901925,12.204080342904073,87.94732822694309,699.5299718514106,6.382114789980454,0.008355506425620612
2025-03-04 23:01:19.901925,9.762522396081044,53.01247160361494,495.72739986226435,8.929700111070924,0.12302606384233353
2025-03-05 00:01:19.901925,11.313604789707387,76.93212984753148,716.861973102099,12.546867649811904,0.21491483306865536
2025-03-05 01:01:19.901925,12.346023667506127,57.89014914559579,443.014495626933,7.75167484938607,0.016740388435615004
2025-03-05 02:01:19.901925,19.49086300278393,66.94976152387983,597.0439085265521,10.892096433585479,0.10242820697150141
2025-03-05 03:01:19.901925,11.286583103462602,80.11038104274367,974.613786296753,12.684770992136476,0.039183758829080845
2025-03-05 04:01:19.901925,13.846787651940542,89.90855597218882,298.13291800243985,7.3726968206639505,0.305138944885893
2025-03-05 05:01:19.901925,13.230284858304758,89.74319670947858,465.0634270718925,7.902476931707472,0.022727221318399212
2025-03-05 06:01:19.901925,7.649973664150551,50.44077348590389,537.7434093413241,13.013373464537814,0.0030317979927261796
2025-03-05 07:01:19.901925,16.798547831902138,58.4586711694272,812.893278221655,1.4425815212220339,0.2622593162833121
2025-03-05 08:01:19.901925,18.94650461130677,54.46329326916138,456.7585021958834,6.5349383556937095,0.2606073432675285
2025-03-05 09:01:19.901925,3.9595152875967177,47.2048748395091,226.18566477726813,12.45300146866056,0.14937554225499108
2025-03-05 10:01:19.901925,14.13917578956102,47.33981825599075,309.70986881798166,13.462192643996492,0.11920160956677478
2025-03-05 11:01:19.901925,12.216881351118577,80.21456626001174,280.0217987548865,4.554357306473404,0.18860664294539353
2025-03-05 12:01:19.901925,13.728251396613118,76.58334688711153,617.2765410939073,3.914038663493054,0.7811453557533022
2025-03-05 13:01:19.901925,9.587907075311392,54.08915464662685,673.1241454277366,2.843953582735559,0.07161245971418431
2025-03-05 14:01:19.901925,10.111596332009634,48.40170881750779,406.4681604162445,8.530453500592516,0.5262291479744863
2025-03-05 15:01:19.901925,14.102573301974976,88.82494141645091,650.7074737261112,8.264255596874088,0.025613355543122482
2025-03-05 16:01:19.901925,15.986462080496256,45.6295638158377,781.6280826542212,3.3414854367070923,0.10819219215948926
2025-03-05 17:01:19.901925,15.103869236652509,62.11088887442032,199.86382666290126,10.722374239806467,0.023208055717941496
2025-03-05 18:01:19.901925,17.152772141215326,59.88167711545342,717.4272640398647,8.053705193553437,0.48002514098521537
2025-03-05 19:01:19.901925,12.94472538388996,47.27302311113298,641.1253132175377,8.130861419360851,0.10500675691816393
2025-03-05 20:01:19.901925,13.684100346643765,45.86936333645824,349.2432381379797,1.9323552731549527,0.013920607055674146
2025-03-05 21:01:19.901925,11.446621821695324,83.21761372483269,740.8305017152857,4.864389421075494,0.008420941975972004
2025-03-05 22:01:19.901925,15.546462496965166,37.45848551631062,618.4549828475737,8.418530431902974,0.2924412659274083
2025-03-05 23:01:19.901925,12.178611483399996,32.255385855019505,317.2132530329399,4.74161946339278,0.11266760861558037
2025-03-06 00:01:19.901925,12.082083058486702,60.76497280294828,718.3615167823987,7.65930492236611,0.17383100596081522
2025-03-06 01:01:19.901925,15.58461048158691,56.759714444248615,787.1270823321936,5.783443598669935,0.05039420637586559
2025-03-06 02:01:19.901925,13.789004816809499,39.350270561229664,405.6886110900129,10.133355782053808,0.17695967122296322
2025-03-06 03:01:19.901925,13.076181401662089,50.51352067900564,728.1656946127193,0.5067942130633831,0.13777020346363109
2025-03-06 04:01:19.901925,13.279942255583725,37.0076555674306,333.9630684116005,11.170573546302997,0.2661619774859447
2025-03-06 05:01:19.901925,13.417355906435725,86.81043799839605,476.53407887169396,7.038696930894732,0.03153052793276739
2025-03-06 06:01:19.901925,15.156581492110092,81.43828648921686,573.249594990124,4.515178328277296,0.023351758123492536
2025-03-06 07:01:19.901925,12.403528599167771,31.192694482252207,547.1729000292645,23.010261853491528,0.18684001510540774
2025-03-06 08:01:19.901925,11.653903290664609,66.38900973053622,471.39054040686835,4.357791861095633,0.04168225041371296
2025-03-06 09:01:19.901925,9.358918513997775,42.494911201466294,225.7087395800396,12.257554962324448,0.16374223906932436
2025-03-06 10:01:19.901925,17.227119232271672,30.883524047642577,645.0029328488981,5.079909623342472,0.12545154043468917
2025-03-06 11:01:19.901925,11.108083301466651,74.54116807172161,476.22076350055033,3.1179144760541453,0.06338261431175592
2025-03-06 12:01:19.901925,17.165441580665863,77.168476266575,605.0731622343171,13.107234799380606,0.08965524880787981
2025-03-06 13:01:19.901925,15.253783517146331,77.6969922707381,491.7896675988514,5.8663898882152035,0.026790268219482233
2025-03-06 14:01:19.901925,15.763861792503176,86.65756859482384,347.74697408475174,2.759959559751412,0.016384970079258435
2025-03-06 15:01:19.901925,12.222500381532772,60.3147172213581,346.54942541384423,4.980403304669074,0.07611595383269293
2025-03-06 16:01:19.901925,10.40829989628357,60.63832609431737,574.8664851204951,12.914551943363954,0.03355721570432459
2025-03-06 17:01:19.901925,11.615090210261588,52.611338876873674,638.6719531660058,15.249188477061224,0.06844967797766376
2025-03-06 18:01:19.901925,12.900588790690072,62.2747499700349,221.2417604059143,0.13629883469967174,0.02160638670588536
2025-03-06 19:01:19.901925,17.674250108356205,57.763118848313965,897.653745903602,11.673738898632282,0.22885562607705967
2025-03-06 20:01:19.901925,8.247846670993624,87.63740886915303,348.06518625152955,3.24655564858324,0.4012694267823516
2025-03-06 21:01:19.901925,8.800454528959094,85.2691440072775,838.4013257833203,5.701208156052264,0.04918615816104009
2025-03-06 22:01:19.901925,21.165367078540797,31.743477898396964,406.64845876819,6.5865916988350035,0.20334165585598615
2025-03-06 23:01:19.901925,14.530670515521878,56.679802946843935,164.56074064545277,17.360727169402196,0.11448721090928787
2025-03-07 00:01:19.901925,11.036192512149432,88.27949542139257,375.0031661418533,5.538191228642697,0.11048045939933818
2025-03-07 01:01:19.901925,14.16316932990868,70.38530523484572,497.826192349386,1.2891391686140574,0.07049000594664007
2025-03-07 02:01:19.901925,10.239198691531463,89.38897425599959,555.7571858217029,4.657381190560174,0.3465433434842984
2025-03-07 03:01:19.901925,16.11873028924993,60.14564561172836,714.8775250966683,1.2689196022205738,0.08784674255289163
2025-03-07 04:01:19.901925,8.617604108443262,30.574593910498113,422.4040449859467,5.264275262585699,0.762736697823717
2025-03-07 05:01:19.901925,11.02383023069569,83.37494318946288,398.23669605500373,4.593371430425586,0.5498956265053658
2025-03-07 06:01:19.901925,13.059037393154078,36.54551145480353,485.6953454881171,4.122610881841428,0.10316591810028586
2025-03-07 07:01:19.901925,13.385079287024086,45.59474435331294,399.7666948618909,10.760143481226061,0.02576050946810215
2025-03-07 08:01:19.901925,9.40501687522859,76.1856631540789,389.0586091844221,2.6426241903185286,0.07333028067491548
2025-03-07 09:01:19.901925,17.3738077680955,40.26927933774861,374.8311573462354,5.506870372190271,0.07966966633550682
2025-03-07 10:01:19.901925,10.553175428577369,60.586572114005406,647.4055361819668,10.252545831935642,0.025234782848438875
2025-03-07 11:01:19.901925,16.79031426945389,89.55859521995899,608.2291630460514,4.546964830964654,0.1347354736342541
2025-03-07 12:01:19.901925,9.64195499044794,51.827710295428396,354.7523153800104,2.2973389491514777,0.8745172572459299
2025-03-07 13:01:19.901925,12.832226420560403,49.92076639272965,741.0309446604808,5.067156426424173,0.311466022851891
2025-03-07 14:01:19.901925,18.300459192535303,45.95851981899346,846.0243815316735,7.439784545091342,0.31301866576078685
2025-03-07 15:01:19.901925,16.725351408747816,84.6062007736686,717.7915292022491,9.215081572633451,0.49222761294144457
2025-03-07 16:01:19.901925,16.717861736680696,56.05921703815485,589.4700752108537,6.693481118497556,0.01023585228603844
2025-03-07 17:01:19.901925,14.454689676525497,47.73757693586465,380.0307686057457,11.781399127807138,0.1450062676968544
2025-03-07 18:01:19.901925,17.525991658367253,57.20711997432532,490.12308594350156,3.839750136988664,0.1519947570092454
2025-03-07 19:01:19.901925,12.711514394149894,89.44195212671835,593.7972973989832,7.205812755369928,0.570805999136213
2025-03-07 20:01:19.901925,14.099796914779887,66.03895840777997,600.9097407708331,1.8075484587957138,0.43296672866985
2025-03-07 21:01:19.901925,11.912982195007697,49.03572136222354,458.36551648505,18.32864982613386,0.028624120732558735
2025-03-07 22:01:19.901925,14.039298917978837,53.884361341394936,263.0430920734437,5.257095046203379,0.22068805507587894
2025-03-07 23:01:19.901925,21.410744870887907,80.67278183596804,650.11358826126,9.64117526898007,0.10994043770722928
2025-03-08 00:01:19.901925,11.653659485839047,82.93564739676887,388.49813344058947,7.650296874256427,0.0032550022840671603
2025-03-08 01:01:19.901925,11.373714410755726,43.121308180366896,157.5199065976352,11.094885974456673,0.11516904504343824
2025-03-08 02:01:19.901925,14.692473929327779,53.546936984446816,586.2774088375473,7.72018004571305,0.07817800440844976
2025-03-08 03:01:19.901925,10.390840854492652,34.347264182553666,733.6733901181108,4.400498504526993,0.024596027388560288
2025-03-08 04:01:19.901925,13.393540383053793,87.65025509245356,665.9940343639606,6.097775646697643,0.014312902431949968
2025-03-08 05:01:19.901925,19.568068338465118,50.63933348992633,687.0461697747419,5.931108460613399,0.21282831661040047
2025-03-08 06:01:19.901925,8.721705314257225,68.1513489543338,222.2311839536494,13.754662039230467,0.2873325166026445
2025-03-08 07:01:19.901925,16.120951473971758,64.8745162435734,793.7984433006724,1.7691088961229264,0.3447858215946158
2025-03-08 08:01:19.901925,11.45416715717273,75.2739995327791,115.29354757661429,9.455496157425516,0.08276402274442483
2025-03-08 09:01:19.901925,12.201204428280342,57.26960168889064,709.6244027718366,10.872600393604516,0.43911053313430604
2025-03-08 10:01:19.901925,16.02614186383985,61.507820323563195,775.8453064576681,7.955981935184652,0.15433747839750342
2025-03-08 11:01:19.901925,13.466372230148988,69.5054201234799,487.60814385064975,5.802031798124331,0.15002068638098864
2025-03-08 12:01:19.901925,16.55462873683595,64.797435053778,948.446610957204,8.419439014615868,0.057603509710599236
2025-03-08 13:01:19.901925,13.819707779795271,70.23824909172393,542.3286804067715,5.361526206500087,0.07018841341392748
2025-03-08 14:01:19.901925,9.720901403271624,87.88944105800473,483.7691319018036,9.610543344355541,0.3654266773945159
2025-03-08 15:01:19.901925,13.890738988616386,39.50316440772337,713.9746832588373,4.925893589380561,0.2207506395258575
2025-03-08 16:01:19.901925,15.55222774453287,60.79765669705661,400.24753907978874,9.169685954356053,0.1606069005676268
2025-03-08 17:01:19.901925,13.88049434406413,79.31267458220935,776.9105495836004,5.394355006202502,0.040566934517607664
2025-03-08 18:01:19.901925,13.180603805065752,37.57210990085192,371.0486994394597,6.487625070665262,0.31556106210430795
2025-03-08 19:01:19.901925,14.017535330524773,48.63915784948926,185.0387035999268,7.720584526515558,0.17387531629707711
2025-03-08 20:01:19.901925,13.691410499879153,42.17106547903013,250.62502407635407,9.363632884984398,0.6073837030555532
2025-03-08 21:01:19.901925,11.569363283265396,64.64318897355702,443.36220219688323,14.58133820507558,0.3827611967291884
2025-03-08 22:01:19.901925,7.636857993128004,55.60353004030348,323.83350085890066,7.920868616364535,0.015055742389979355
2025-03-08 23:01:19.901925,14.739253416864294,50.17246349193349,640.4315277661786,18.643603120669688,0.30213524606598985
2025-03-09 00:01:19.901925,16.493533978134924,40.4642319643318,167.4603485894287,9.505376586944294,0.34177877487154895
2025-03-09 01:01:19.901925,13.300411669329442,87.80406139403061,885.791993087185,18.151685728109264,0.03812363117557891
2025-03-09 02:01:19.901925,15.073875535415075,39.808254776872765,240.50784582307165,8.202194026324179,0.051738967549841225
2025-03-09 03:01:19.901925,17.6222608969361,69.51120954630035,769.1151812963076,4.988547670821501,0.08122464194018324
2025-03-09 04:01:19.901925,16.933500098605926,71.16406954511888,292.3882380145669,2.9508876350570485,0.12946916754190624
2025-03-09 05:01:19.901925,19.12874759458425,70.07334420353686,469.61275270616716,3.5899916313468494,0.43425853725052743
2025-03-09 06:01:19.901925,14.20604273635116,53.4684688651343,470.1871676597385,4.670959304948709,0.06678603063021446
2025-03-09 07:01:19.901925,17.677592400943443,89.11023085392664,484.66223155304607,3.2899143520640033,0.033230308916949884
2025-03-09 08:01:19.901925,13.724498869241675,47.487688174968255,511.5397398927718,4.336666546772545,0.1158450207411943
2025-03-09 09:01:19.901925,14.503437850804774,49.93557373896458,420.84905034442363,8.493015231521692,0.5028162447959225
2025-03-09 10:01:19.901925,15.544934171416449,44.657106375256284,557.4634736121808,13.323201347879863,0.05002272839499982
2025-03-09 11:01:19.901925,10.26157533530199,36.91932193095684,155.29594546571832,7.123879144775275,0.06108761864821745
2025-03-09 12:01:19.901925,11.952812590489858,82.63453869946133,567.4483893866537,10.480558825415825,0.45301101227288953
2025-03-09 13:01:19.901925,16.590550470044334,52.287254668619866,791.8115400383343,7.732725755676336,0.17741661681323553
2025-03-09 14:01:19.901925,13.54735148625823,75.83812116273748,587.6617936024356,10.664118994573217,0.07596195565273724
2025-03-09 15:01:19.901925,14.638058098500967,49.77509108130185,889.0374947276875,18.697903185225517,0.06842476465103746
2025-03-09 16:01:19.901925,16.335891353977228,53.720152236452336,392.6255688833566,8.719458462997084,0.03516621681693573
2025-03-09 17:01:19.901925,20.38660890187837,77.56579463120052,606.4569658379571,13.145297228518931,0.37711253551956603
2025-03-09 18:01:19.901925,10.751349296926232,76.56629965361529,462.1685903890957,0.13602607730838626,0.09356800238104662
2025-03-09 19:01:19.901925,15.705312732166927,77.37252695045842,963.0014128892444,10.788674403761586,0.010123443389513551
2025-03-09 20:01:19.901925,13.45210977497478,75.06608462092909,323.52854424793526,5.711949447051491,0.13015151741983666
2025-03-09 21:01:19.901925,14.842630077189021,68.01223607094285,175.47724118133124,10.670391394133834,0.16505381483941006
2025-03-09 22:01:19.901925,11.814538378710566,71.47896170790088,403.33744763421333,4.01043096068573,0.9405422511375368
2025-03-09 23:01:19.901925,12.171253774241967,72.29707683103366,337.0896178060539,10.107726663447332,0.31579560002366625
2025-03-10 00:01:19.901925,15.49762169979656,69.43045469687951,184.85553196480186,7.97369971520008,0.31292461608320665
2025-03-10 01:01:19.901925,11.34792227894626,88.52667394933167,7.671553049057309,14.265664088558081,0.0874123172336546
2025-03-10 02:01:19.901925,16.796843931030004,62.2986935242953,294.32209781309393,14.694295296191367,0.7788936498884047
2025-03-10 03:01:19.901925,14.64945821587816,83.38008239858044,478.30782830424897,7.575992761221574,0.22534241580849762
2025-03-10 04:01:19.901925,14.207512619078827,68.95682932614497,809.7052241002831,16.179474027388977,0.2260927245625859
2025-03-10 05:01:19.901925,10.24067828506805,69.98455837337522,713.7345917056474,7.951509925798551,0.37231019974147234
2025-03-10 06:01:19.901925,16.145938627393946,57.34444682907586,101.77898022729505,4.61936034074206,0.06549939946178811
2025-03-10 07:01:19.901925,10.384720006740963,34.652981261960164,212.66074205048983,20.493197882242935,0.34163796468628155
2025-03-10 08:01:19.901925,16.005469582064823,35.970162768232825,349.05346187033524,5.257933337922052,0.11254798369012163
2025-03-10 09:01:19.901925,15.159078748498485,67.55477692875832,484.48847755439573,10.252005936692212,0.3749678501410556
2025-03-10 10:01:19.901925,18.292489607255902,35.055152831067886,559.6713237382608,14.448133660554348,0.04902554509157436
2025-03-10 11:01:19.901925,13.781281929952062,55.3733345318305,276.6486957549621,1.5986642856084075,0.04343916571960203
2025-03-10 12:01:19.901925,10.74614267838132,75.29866940156256,192.37173362725122,6.375366062417016,0.10864800976303389
2025-03-10 13:01:19.901925,17.201516234629384,88.106676947632,376.40564571961903,13.49268196499224,0.23422180337199996
2025-03-10 14:01:19.901925,9.081203956792791,45.83938961148792,490.1545744771584,8.901851673569382,0.1766620301079639
2025-03-10 15:01:19.901925,8.688071219960225,61.328573767217094,765.7137271358449,2.918078208029878,0.41795698133725634
2025-03-10 16:01:19.901925,19.349384474196818,45.11487807025135,585.0933218126502,11.147376537543167,0.895618912540104
2025-03-10 17:01:19.901925,10.627966778163202,75.50407858044653,177.1682083151785,4.709944812022147,0.051994062180250204
2025-03-10 18:01:19.901925,10.662947717293166,38.42733295571669,600.9783357209446,6.3657980994943255,0.05738121329836873
2025-03-10 19:01:19.901925,17.605033714656827,39.17513436448979,383.5408794068811,1.6741333841274397,0.31771809542424495
2025-03-10 20:01:19.901925,13.012985397990974,51.93737229953215,567.1991642108188,11.117185885648869,0.09370871472188848
2025-03-10 21:01:19.901925,15.028310808822118,88.64036381182368,56.44871013872557,10.403752344752125,0.0976362203937702
2025-03-10 22:01:19.901925,10.561002053473844,71.42609746263089,301.68475167054424,12.23753698709605,0.777541885075895
2025-03-10 23:01:19.901925,15.209097250921237,61.096606479894916,558.5534446994241,8.937441550974194,0.23279048528620236
2025-03-11 00:01:19.901925,14.451899328194807,80.11971555553947,249.81597550003977,12.040655984675288,0.1525618232527634
2025-03-11 01:01:19.901925,23.560477863427263,42.672838100247034,330.1932615829661,5.277665279475325,0.1855833880030953
2025-03-11 02:01:19.901925,12.018982512106305,46.01168772887406,705.3455730950818,8.540924928938017,0.10073858315521196
2025-03-11 03:01:19.901925,8.41525418428834,81.27636532188379,402.0106406338481,2.625323830371467,0.25738555399704754
2025-03-11 04:01:19.901925,15.68875167331735,61.30496264664035,576.7627574522451,18.60802599884981,0.48387374227906377
2025-03-11 05:01:19.901925,18.87821569798383,76.74956365649463,342.749122285467,14.37414595404099,0.09637250684335083
2025-03-11 06:01:19.901925,13.466555024374832,49.093507535157215,511.5634384659103,6.692770515483042,0.594724416624098
2025-03-11 07:01:19.901925,10.87988919829693,52.771383695432775,410.9922353746696,10.460413253686205,0.09214620188156648
2025-03-11 08:01:19.901925,10.862362321067783,57.031272052522915,491.4767130719016,0.20372985651903358,0.017191951469668006
2025-03-11 09:01:19.901925,11.649726107288036,34.19044090670325,336.1760764538087,9.115797133095278,0.10212319764113886
2025-03-11 10:01:19.901925,11.568334221646818,62.36898035378185,684.47224918715,10.315887055144868,0.24899469469862767
2025-03-11 11:01:19.901925,15.546830271017816,44.98911324777412,331.7285924539342,6.4806356843253035,0.24451654511994447
2025-03-11 12:01:19.901925,15.646507249584182,68.62606058182364,428.66788276411637,4.350276065010351,0.13823118208435456
2025-03-11 13:01:19.901925,11.928872215829516,59.63214840338549,511.6314326586073,15.06400276981932,0.41477302340168865
2025-03-11 14:01:19.901925,13.516773564036146,60.20121638600594,241.1681644726981,4.551839330098193,0.1582171744696807
2025-03-11 15:01:19.901925,15.254771186809814,76.57191000714663,578.4393312532535,14.079594694990563,0.4185408213286128
2025-03-11 16:01:19.901925,16.503145007374528,76.80006754109829,118.18056271324974,3.046877892189896,0.14632193103841426
2025-03-11 17:01:19.901925,16.827482350784713,66.30372870439967,640.658277734553,11.929253866055038,0.11797306397637285
2025-03-11 18:01:19.901925,18.166806830382175,52.00885990887491,349.3912930078177,9.826048850306414,0.04774320312619717
2025-03-11 19:01:19.901925,16.343414098893184,30.36655850334505,724.3233666367628,11.540652205395276,0.0237527465770353
2025-03-11 20:01:19.901925,12.99762207272315,38.63906620028482,300.5078000973118,9.43637199521354,0.5072568427970808
2025-03-11 21:01:19.901925,15.576720215506874,72.90994098133461,297.73275091986716,23.137788594828912,0.05023078778772823
2025-03-11 22:01:19.901925,17.075297301489485,33.07525307275676,188.85614496630126,9.913074051126479,0.27614362250138064
2025-03-11 23:01:19.901925,17.93837251149516,81.50394326408914,555.6471936915395,1.0683073770768707,0.24425494837718134
2025-03-12 00:01:19.901925,11.707067226425268,34.320605456510144,390.1712340540856,4.19270321513731,0.20448516363722238
2025-03-12 01:01:19.901925,18.326369752412766,64.82551621056501,468.3585825103876,10.178357216241235,0.07758125710053176
2025-03-12 02:01:19.901925,13.771125391109807,42.51725017706582,264.7836477890669,4.399195933148742,0.2920446922223011
2025-03-12 03:01:19.901925,15.437451174658088,44.85153207064526,560.2352930165576,10.948526188186214,0.23321045782832064
2025-03-12 04:01:19.901925,14.758784914285336,74.78529162717935,439.3433007971272,0.9243675623529435,0.13132667453764932
2025-03-12 05:01:19.901925,18.317693798443308,82.97350356341732,414.5124389753167,4.655720256404073,0.16811012820258237
2025-03-12 06:01:19.901925,16.899361330517923,51.21415591470018,633.2103942866003,2.3532612524348546,0.030955406358431522
2025-03-12 07:01:19.901925,18.839080095072646,88.76809210291941,438.16383716104974,1.5297878205160667,0.16274552610999685
2025-03-12 08:01:19.901925,9.237030404218357,30.198604592674116,155.25458563448979,8.319443973328823,0.06111483909884069
2025-03-12 09:01:19.901925,16.828455474755003,37.76836211446926,780.8072245758742,8.089645275156517,0.025573336714705127
2025-03-12 10:01:19.901925,11.52349209290169,40.02670576547806,697.8453456293271,6.331251818593334,0.13409880615948075
2025-03-12 11:01:19.901925,16.944911256779395,50.51406553522217,97.0246520102192,7.9361954574643,0.3184942367273228
2025-03-12 12:01:19.901925,11.638005920709215,83.15884007139829,720.4699004138876,11.244592084664566,0.6755381192803966
2025-03-12 13:01:19.901925,12.822739108888197,58.1823400859558,411.4660163547461,11.028662930205295,0.11705435533868852
2025-03-12 14:01:19.901925,17.34833710696511,41.168504537512646,631.4062927473437,6.016111408305021,0.11374423958285083
2025-03-12 15:01:19.901925,11.156275462222036,37.89533865877948,554.5603008133883,8.736906540427551,0.09788461569387685
2025-03-12 16:01:19.901925,17.88124908016784,47.833750849765735,400.1508123983381,9.521186361687676,0.16712326315440262
2025-03-12 17:01:19.901925,10.422048737183172,89.86945922034238,405.45147170778256,6.373685452240981,0.11575029590393203
2025-03-12 18:01:19.901925,14.294676556131682,46.0195695070705,448.81387243338474,13.800578044332305,0.1151191050759549
2025-03-12 19:01:19.901925,11.319954488980216,57.10490626421568,364.3231768539355,17.35155884181688,0.21103024081201524
2025-03-12 20:01:19.901925,10.507011096913688,65.49412723928378,731.375024765227,10.041892546084927,0.45273853712873857
2025-03-12 21:01:19.901925,17.381898196495694,31.070879255423037,613.8090448054602,2.697175855683148,0.6160881559147273
2025-03-12 22:01:19.901925,14.832395260065816,82.01026496129313,512.5907850393236,3.118940920585134,0.2427281278585971
2025-03-12 23:01:19.901925,10.849495922035182,66.68158108134799,659.0238478346786,4.94026961698332,0.5283134335596883
2025-03-13 00:01:19.901925,16.84646556304045,49.35833120558959,189.90205070103082,12.601003715906586,0.20549773829107199
2025-03-13 01:01:19.901925,17.54021466129469,77.14570924867519,722.1926836979109,6.825269431276002,0.04999986336748201
2025-03-13 02:01:19.901925,14.414130543277993,58.67530041926088,515.7785825983343,7.841490582528068,0.2903082940571597
2025-03-13 03:01:19.901925,15.117950551433998,81.21400117924956,366.09003747559166,13.7751986679139,0.14390571968156432
2025-03-13 04:01:19.901925,8.929732957582475,53.76774947865926,979.4324748853512,8.264478297220288,0.09590899267134956
2025-03-13 05:01:19.901925,15.814843180259981,57.150398705500955,525.3552297893871,10.27606431873182,0.35567991438340174
2025-03-13 06:01:19.901925,14.398852825745928,60.08960400121494,461.83594933177915,11.957159183139336,0.14032164436142136
2025-03-13 07:01:19.901925,16.438069937357753,74.39435457468677,617.9002886683066,8.677651127066904,0.3353127383415755
2025-03-13 08:01:19.901925,13.34524789317939,66.18291918892818,194.77971236543635,4.683180788587927,0.15040382141000963
2025-03-13 09:01:19.901925,18.846598291921676,30.69094633756036,458.40251937720376,7.07603616676086,0.04923953521290919
2025-03-13 10:01:19.901925,16.218543258742088,58.40804886331468,462.6747931782226,5.344694847187412,0.33176493712849303
2025-03-13 11:01:19.901925,12.608938778088422,65.7459373386839,339.3251103531736,15.801922158079929,0.027119735536812274
2025-03-13 12:01:19.901925,17.151122087912448,39.30808740304341,612.8084134515086,9.443367687466282,0.2698936843659956
2025-03-13 13:01:19.901925,11.854943183323494,83.88293311603553,576.9263207515437,5.590244551776423,0.09186021685095251
2025-03-13 14:01:19.901925,14.167125747651792,37.45431551388077,397.4207710274667,6.416076999946694,0.3409263851818744
2025-03-13 15:01:19.901925,16.998659306117236,35.44582586945169,832.9774089030002,12.917746263796454,0.11890594953335659
2025-03-13 16:01:19.901925,13.193436107271234,38.22883119429729,455.4693092800288,16.34249251551363,0.05386994925762581
2025-03-13 17:01:19.901925,14.121398769584738,66.77220046113776,178.53354591152464,12.899499194099231,0.14929379100381243
2025-03-13 18:01:19.901925,17.326393343137806,77.45136611692898,356.9803770941213,9.427522102034738,0.06610673070368007
2025-03-13 19:01:19.901925,10.584327910689515,54.82517775202855,409.893530075513,7.3882189242682905,0.10628919191505518
2025-03-13 20:01:19.901925,10.373351314307651,82.78180236426772,446.52628625257336,5.965501723320253,0.09112344981213578
2025-03-13 21:01:19.901925,16.48991093716916,64.78512246521767,440.1073854711316,13.055599412166853,0.08987691545104066
2025-03-13 22:01:19.901925,13.102890017428255,71.01903911760314,557.2972878251294,4.4779391399017925,0.048075273502925744
2025-03-13 23:01:19.901925,16.162522621445863,37.69460979754647,398.00602196121633,8.601756505642369,0.3975378702631316
2025-03-14 00:01:19.901925,17.68951920765753,70.06803212732046,247.22153572930222,5.962526496441089,0.022499143534746788
2025-03-14 01:01:19.901925,15.015725659078552,53.325482235547305,269.81745804504925,13.9191951437164,0.153310696717327
2025-03-14 02:01:19.901925,12.0637908119878,56.90412265304915,600.4645310608995,11.43873592483348,0.4613495740153485
2025-03-14 03:01:19.901925,15.568997711555408,60.602734440257606,405.65770241702813,7.520074595255865,0.5104657815556445
2025-03-14 04:01:19.901925,10.261830368866363,54.783059097284536,443.52807577739486,8.594628883373884,0.2636962375454746
2025-03-14 05:01:19.901925,9.235908453751643,35.507204703911185,730.9424958160824,13.273856075893457,0.05420720765186156
2025-03-14 06:01:19.901925,14.621182413424505,85.72619806826665,499.0356336220005,7.951777177874222,0.14957376605981357
2025-03-14 07:01:19.901925,18.18990293008072,37.82501364920071,862.4852275503549,9.969773939545535,0.04719115537640214
2025-03-14 08:01:19.901925,15.771903917009599,50.13001355626059,726.5734071777691,12.413794567501936,0.6175890716288895
2025-03-14 09:01:19.901925,16.728138966331983,73.10512453387466,809.8547379044597,12.83579406376009,0.3407386403110087
2025-03-14 10:01:19.901925,10.035705057402968,53.749237115933816,428.36615720467165,9.292299459107282,0.36899067521319023
2025-03-14 11:01:19.901925,18.18289049533864,57.9310649607191,612.749346084277,7.819216643870362,0.07826977210554353
2025-03-14 12:01:19.901925,14.67351029962162,54.483857234536465,425.81245959293307,8.952156942269825,0.37156840811851133
2025-03-14 13:01:19.901925,6.763768098448768,66.17567656939826,546.2236046502519,5.845849516572774,0.0963482262478244
2025-03-14 14:01:19.901925,19.153589516689216,87.12122570348693,446.41802398147894,12.713009613697912,0.8124658243211471
2025-03-14 15:01:19.901925,13.946039596886488,80.09909435374598,372.84168052535375,7.784574617281938,0.35097009213703945
2025-03-14 16:01:19.901925,17.373834505287924,59.492399778618726,734.8322164474937,0.3852571334057665,0.06988054627813957
2025-03-14 17:01:19.901925,18.025867617347693,68.36576061331395,820.5273607329073,7.963427890339537,0.25881425510538614
2025-03-14 18:01:19.901925,15.956374566924309,87.17572623800565,264.46543915223026,9.077671712883417,0.09306690943087928
2025-03-14 19:01:19.901925,16.88158968269871,63.61427136784217,160.84736063387192,5.055502267157184,0.0437140320643963
2025-03-14 20:01:19.901925,10.963115021089516,69.74154177175552,552.6463960016414,1.2834828572570998,0.050241051132985916
2025-03-14 21:01:19.901925,17.10407378045372,84.78635266262887,618.8527918621811,13.663634485941639,0.10196932072575547
2025-03-14 22:01:19.901925,11.184427634397446,80.19731548521273,494.0395497696142,4.730997340924701,0.3422745547886035
2025-03-14 23:01:19.901925,12.345413442519968,75.83917882702104,728.5580013748847,9.283251911584733,0.3000612039574253
2025-03-15 00:01:19.901925,15.037494178063692,45.8201790293563,186.99678810725294,10.873665698418462,0.0792784948022638
2025-03-15 01:01:19.901925,14.53563873474605,81.73620584731125,480.09249270564345,19.04975492081052,0.11412619735091561
2025-03-15 02:01:19.901925,16.67642449785686,89.45227830761358,407.9783426449942,10.865505028577505,0.01831626721329625
2025-03-15 03:01:19.901925,12.821481740452988,30.052027544947457,703.9385872360212,7.175837604841275,0.05310571669689216
2025-03-15 04:01:19.901925,17.333277018973543,74.89360824627775,570.2633412793297,13.320254009872983,0.022990497318277178
2025-03-15 05:01:19.901925,14.456449984732684,70.96721407008044,372.33396695123116,5.713390248518012,0.09606136184376243
2025-03-15 06:01:19.901925,17.218236271245633,69.83962064474261,282.67464708524506,6.3678684527497476,0.036847650185994126
2025-03-15 07:01:19.901925,14.482723394448596,40.174402516267754,756.5734104482603,14.103422239634945,0.06258491337470586
2025-03-15 08:01:19.901925,26.179670145236045,44.28396295108971,369.7162609797696,19.84282924428431,0.026587019852540507
2025-03-15 09:01:19.901925,14.86843023317385,32.18484111287355,368.0441700989993,16.32100940087202,0.025374555407697293
2025-03-15 10:01:19.901925,17.600021705157165,51.99350691884062,373.3261363570238,16.520216820004055,0.0177777806736662
2025-03-15 11:01:19.901925,16.985513340595553,37.989979752378595,280.97980219291054,17.28035745819407,0.01624802923431287
2025-03-15 12:01:19.901925,16.083424067537408,53.719871810261914,563.4097795240374,2.4603702763397104,0.4713460289439204
2025-03-15 13:01:19.901925,20.654180286818473,58.03197402375436,668.733057412353,9.335432381941008,0.1586041270963856
2025-03-15 14:01:19.901925,10.638149295310283,76.30913949072033,586.0750181668757,12.515399371813219,0.05251361299727472
2025-03-15 15:01:19.901925,12.716771770300573,86.75426140720846,256.9161867212509,5.3527225684312505,0.06360851640023353
2025-03-15 16:01:19.901925,11.006773942960143,40.455650481265096,234.0934974239982,6.701199288408065,0.47161386781003545
2025-03-15 17:01:19.901925,14.706181742990017,37.39285657820993,527.239713141129,6.220035770648278,0.04782487110036775
2025-03-15 18:01:19.901925,16.016140350582106,83.16032899924704,669.8683166202376,5.50701907430824,0.013233105131429588
2025-03-15 19:01:19.901925,10.941692369831571,73.02768842449595,613.621234608594,7.07418445229889,0.6889312830162234
2025-03-15 20:01:19.901925,13.840890642120982,66.30326078190569,831.6284617313861,7.870611937961507,0.542321914758583
2025-03-15 21:01:19.901925,16.752854747878573,50.817511898480106,243.69068589725623,3.964273374895417,0.2825734135851335
2025-03-15 22:01:19.901925,10.162834487423567,51.91590458256002,217.66510757481808,5.353556145885027,0.05054572093803375
2025-03-15 23:01:19.901925,13.09402958656389,30.893603559525527,734.7562215265116,4.784592198794323,0.27778304123736447
2025-03-16 00:01:19.901925,14.274535288118654,33.72260715821853,9.20075136076315,0.7371863957883346,0.5473355219861149
2025-03-16 01:01:19.901925,12.958917681292174,46.219571113201425,324.2259531466067,8.729573049082855,0.024172209328884336
2025-03-16 02:01:19.901925,17.941426776246875,83.74469099730115,265.9694725929323,0.3336211366876552,0.0022703796154441725
2025-03-16 03:01:19.901925,9.420784092467859,75.70305622315524,407.10406646980164,15.199408171984254,0.06732060048454956
2025-03-16 04:01:19.901925,14.914959336975736,44.822716846198155,518.0260946191241,14.677334911001052,0.3081124980202069
2025-03-16 05:01:19.901925,14.526268092702468,87.25265301590413,391.92283914485245,9.821707888890153,0.57100833867957
2025-03-16 06:01:19.901925,15.025294263893509,84.98902694561214,602.1328646130448,18.48333471000558,0.16589051391775628
2025-03-16 07:01:19.901925,19.678229839693152,81.47989555073833,259.2110062664441,1.3423881978873005,0.5656041510806056
2025-03-16 08:01:19.901925,13.831996556480878,33.81780377897784,222.24859275317567,13.2010256203204,0.1055424805211688
2025-03-16 09:01:19.901925,16.170578097335454,39.78811467453556,867.854650598026,7.401553838921875,0.031082953711629554
2025-03-16 10:01:19.901925,10.593854389908705,86.41033323944208,380.78989919458127,21.49334247036824,0.05325486602421297
2025-03-16 11:01:19.901925,12.97518730133002,54.124908389542284,496.4000052697382,8.746847731529478,0.1394819556268508
2025-03-16 12:01:19.901925,18.724292578067434,70.17541398330653,471.2116555921313,7.245495149369507,0.032110229386989216
2025-03-16 13:01:19.901925,14.000805570404033,53.52933107305806,652.4103017330539,12.952627403706888,0.3703509927190277
2025-03-16 14:01:19.901925,17.940253197533305,88.87370261856424,447.27010518219276,11.823521976784651,0.15309579754811886
2025-03-16 15:01:19.901925,17.45965715755683,34.17697059754831,695.9183180936923,6.2175288906867525,0.262036619954693
2025-03-16 16:01:19.901925,12.718925326125293,51.370026269072085,312.076487104169,2.0378175832436125,0.21463984887363044
2025-03-16 17:01:19.901925,13.402812267949152,74.26434103307625,606.8016712608238,11.85470250371881,0.012025577209387711
2025-03-16 18:01:19.901925,16.087193696928242,85.67833379938835,537.5533822563466,14.145331273139272,0.09002928518867322
2025-03-16 19:01:19.901925,17.545943623070524,57.63349436091677,573.0012167467142,10.538261319917865,0.20468455090578305
2025-03-16 20:01:19.901925,12.94778008667495,78.86960045342623,552.5130533532938,10.7981532687929,0.005080953056408062
2025-03-16 21:01:19.901925,10.230542295428712,44.02220179382674,334.52476831785066,11.833108297156974,0.3182507786017302
2025-03-16 22:01:19.901925,14.977054060874037,34.56868875772647,605.6137810624422,19.647200777004436,0.16610153334106992
2025-03-16 23:01:19.901925,10.743178870728523,69.52636276675962,177.72604883800312,10.19811893005375,0.12205073308815784
2025-03-17 00:01:19.901925,16.290234496533046,66.52563971387673,703.5305954767455,7.587658448013702,0.14937303448821143
2025-03-17 01:01:19.901925,17.079449109314236,40.35395093454686,312.67402802995707,7.952126388070218,0.13784105168205205
2025-03-17 02:01:19.901925,15.000323455376801,47.18343253965185,930.1296881463302,6.718572946519168,0.3367379372882728
2025-03-17 03:01:19.901925,13.373692210426166,82.63074651952417,52.01674744963515,8.715129239600307,0.3370607085189301
2025-03-17 04:01:19.901925,12.520277383217397,38.443510939371,819.8996164183975,8.960647981883168,0.00652301591753893
2025-03-17 05:01:19.901925,14.652780196810284,35.41772163802413,290.63858029381447,9.905642283677151,0.3543857961706828
2025-03-17 06:01:19.901925,18.53289932524819,88.88588426652402,744.3591976520684,16.349180689776112,0.5273525116243974
2025-03-17 07:01:19.901925,16.077591129107667,50.05953318257731,334.95400405314206,17.95194764480295,0.5205354582080569
2025-03-17 08:01:19.901925,14.58536526389512,48.7397540517733,345.47501624243694,2.7503496756797174,0.0883483133945364
2025-03-17 09:01:19.901925,18.6597569669916,33.67208426188298,774.2958954144801,10.178125177772001,0.1333140053315743
2025-03-17 10:01:19.901925,9.039403866309065,36.91084732705693,296.6903325504007,6.491572314280125,0.20247407596586006
2025-03-17 11:01:19.901925,11.506451475387301,52.18162361768816,422.11416497088436,8.568049763156274,0.45023018123850717
2025-03-17 12:01:19.901925,12.059126564242128,75.72635398163601,623.4931574204352,13.573084327597725,0.22529026353956516
2025-03-17 13:01:19.901925,14.639595723335267,78.5061475999539,293.3873561621831,7.271804995860428,0.1644372442995503
2025-03-17 14:01:19.901925,15.310182657559348,32.317995611678654,814.5848912752872,9.057439455047984,0.06256840143415403
2025-03-17 15:01:19.901925,17.894603232263776,85.25105007368668,373.58705190313367,1.2245968631382755,0.12914367461747167
2025-03-17 16:01:19.901925,16.36398384947635,37.03608233945955,489.64154822563796,2.9099234043863778,0.2740228565710755
2025-03-17 17:01:19.901925,11.149695653460203,87.45943044051097,532.8667522798848,10.704761251771435,0.07122989483242204
2025-03-17 18:01:19.901925,13.659537267284378,73.72286494321938,488.0115704927832,25.10815552291758,0.026998036531034855
2025-03-17 19:01:19.901925,18.54734443239748,44.10467350153678,536.3017283943723,6.40375523693562,0.044611960827432816
2025-03-17 20:01:19.901925,16.602178945157654,77.82318894500212,582.314939969142,10.939586248782192,0.2935627752245215
2025-03-17 21:01:19.901925,15.986656324046464,88.60857547492719,220.30617433498634,7.077636644840469,0.41025479037663254
2025-03-17 22:01:19.901925,16.696058526891612,69.99992194650928,444.9585254250822,7.978955218732857,0.1953254302045413
2025-03-17 23:01:19.901925,11.616729927715276,39.435909551500615,578.5621751832084,5.8465681527717015,0.10925766058943978
2025-03-18 00:01:19.901925,11.644518703824673,56.21930858200534,543.9533379374008,10.42044230050582,0.031308442186886526
2025-03-18 01:01:19.901925,14.13565235148287,55.692088659017614,326.6261574133633,11.839642325232564,0.12942673507724348
2025-03-18 02:01:19.901925,16.776892026771392,53.04781576755391,271.732973192018,5.443534852261332,0.1308622099510929
2025-03-18 03:01:19.901925,10.432344506812086,55.00570705160838,167.33673934531106,5.843682599113011,0.15445623258039246
2025-03-18 04:01:19.901925,12.89493136856927,72.92578262591093,0.0,7.211602165284464,0.37454507584531704
2025-03-18 05:01:19.901925,12.768672424022057,54.04451821444506,426.23552276893264,10.00685229228974,0.09422769552466724
2025-03-18 06:01:19.901925,16.48651519862785,87.61647461648809,269.89483163431316,5.0939819591943465,0.18382099104132485
2025-03-18 07:01:19.901925,18.172002381921697,52.13664906521986,831.0980427345944,1.2513802395033002,0.15771903144646393
2025-03-18 08:01:19.901925,17.703336609152025,41.15468700340798,278.1969759802982,10.948479877908186,0.14617618250244835
2025-03-18 09:01:19.901925,14.320400235563998,70.48881655537824,686.3494111914225,4.4113404031696986,0.21971888499204573
2025-03-18 10:01:19.901925,12.369458817744597,32.0398716425229,900.2442500615045,6.6858948724343135,0.08411480010705212
2025-03-18 11:01:19.901925,15.838508397109369,35.76860494391799,486.4899743893234,12.221221648533994,0.3576915187525507
2025-03-18 12:01:19.901925,17.89788715192966,67.22677384247928,490.5976156945641,15.813893740400687,0.0033669147734305136
2025-03-18 13:01:19.901925,13.7449192192728,62.25029887088288,756.4374799424459,10.635108043050307,0.06630725129066654
2025-03-18 14:01:19.901925,12.25572389079061,60.64854475929198,727.7594065415979,6.321236890638185,0.16447263754868766
2025-03-18 15:01:19.901925,19.490362723136094,41.74116609167699,285.38344999127304,7.400775354634161,0.3731590656445218
2025-03-18 16:01:19.901925,14.227467058926031,59.93211009396235,362.4035254050769,7.206525871685474,0.0776661341463252
2025-03-18 17:01:19.901925,15.229523918907622,86.33852045681971,561.9637797419647,4.124069144223778,0.06286615467207089
2025-03-18 18:01:19.901925,12.055194962077607,69.67640195677552,470.34534678720934,1.6634214566394068,0.38930080503798326
2025-03-18 19:01:19.901925,16.06796909088676,40.127863165677745,656.5573898173957,9.155435626047561,0.09719649408247186
2025-03-18 20:01:19.901925,11.684259093644101,85.34068877408593,544.0148941921948,7.740660936716072,0.21644309727307767
2025-03-18 21:01:19.901925,19.444842764176137,30.073329323405492,624.6649703402109,12.131591643412152,0.453337838891567
2025-03-18 22:01:19.901925,15.931146215694799,79.03642048034729,503.47657642957256,11.510635288157667,0.0011413461657672846
2025-03-18 23:01:19.901925,18.909768139746195,78.09963989215282,95.63031671948147,10.385252575726149,0.1719448894951167
2025-03-19 00:01:19.901925,14.659170952444082,37.21784831543064,317.4198687192212,5.093383519386999,0.0823324347817656
2025-03-19 01:01:19.901925,20.02825418640828,66.15133914862346,317.5681547444548,2.2026832611425724,0.5066955083039322
2025-03-19 02:01:19.901925,15.343689016065232,67.8789402423094,251.9481123208381,6.727327846037047,0.0765364967516908
2025-03-19 03:01:19.901925,16.351459617721726,61.09647535088979,243.0227270990245,10.566003830227695,0.30392455843658434
2025-03-19 04:01:19.901925,16.710609730609043,59.510167854920184,741.8364615373351,18.53135828065494,0.15837880070109403
2025-03-19 05:01:19.901925,16.618271585508136,39.15236171851714,683.0066272634183,16.56806670077191,0.06061430997566872
2025-03-19 06:01:19.901925,17.498081008819398,77.47647495171509,469.894512796324,9.26433770513381,0.1460758786288858
2025-03-19 07:01:19.901925,13.829070195465379,89.31829443174522,397.08820071756406,11.553762067110608,0.14986977226970996
2025-03-19 08:01:19.901925,14.270597470423068,69.2426639350449,569.1574014960365,17.95015577006826,0.327517211122316
2025-03-19 09:01:19.901925,20.801717560961215,43.03670750857099,315.8448213968645,2.32026938588452,0.3856835077468306
2025-03-19 10:01:19.901925,12.281043806346869,57.960257884687294,221.32327145095962,11.400289076942126,0.8345394812318988
2025-03-19 11:01:19.901925,18.935134951991124,34.37392239123408,568.3457802234386,21.698235945071417,0.05278362887287637
2025-03-19 12:01:19.901925,17.17959988684304,65.77323825958746,567.5943803360417,14.781269039020192,0.1532598369937444
2025-03-19 13:01:19.901925,12.256483762637341,72.48561187659944,619.075188665341,4.324283954319405,0.13842985224551038
2025-03-19 14:01:19.901925,12.15829039952516,48.65548958063045,353.57055410016244,13.675407658039031,0.16997988833970984
2025-03-19 15:01:19.901925,14.546780796978773,74.52304259507886,787.1220241278477,2.862827013966262,0.5326619161902129
2025-03-19 16:01:19.901925,12.519652776830387,45.07361855025468,530.9184921844701,8.446930521448074,0.30653167367587697
2025-03-19 17:01:19.901925,15.558191219813272,47.49250234703882,331.9230350530578,6.423209616643683,0.10656292712587674
2025-03-19 18:01:19.901925,15.18967548510257,38.83199019276781,604.0927623287765,1.8279303288800006,0.25777344147458875
2025-03-19 19:01:19.901925,20.114668413997233,51.45179729477236,259.28453959262066,6.222647485709941,0.0006873600585301331
2025-03-19 20:01:19.901925,22.048338355593522,59.26276054386038,396.4623762240692,7.066711442003138,0.4430072738991839
2025-03-19 21:01:19.901925,9.835701904007976,42.414402981459496,352.89201084937383,10.535441101792813,0.035395331770777805
2025-03-19 22:01:19.901925,14.122043194157857,59.45209164152041,859.9544929190914,6.035306990483436,0.007731811149804474
2025-03-19 23:01:19.901925,19.111807381492163,55.40028832509791,811.264201185717,16.841887340408228,0.22877166564024962
2025-03-20 00:01:19.901925,15.892730118939905,33.07663441086596,214.35262870314443,5.799630124152041,0.1229089593690667
2025-03-20 01:01:19.901925,14.700106565934371,31.544578542807816,487.04818590560393,10.95199035427708,0.25610657010905585
2025-03-20 02:01:19.901925,9.129376522391548,54.63404581494055,570.7129611545802,5.559335900203996,0.02850533478691446
2025-03-20 03:01:19.901925,14.811121348117437,44.19845744295499,743.4059951490171,1.4384994043866028,0.08681235224464959
2025-03-20 04:01:19.901925,17.41660554656041,62.238041138422865,691.7539505058951,11.282392880284913,0.08823346268390429
2025-03-20 05:01:19.901925,14.389093336424194,74.999905501574,735.9377605625291,10.249356852665418,0.22239477100620167
2025-03-20 06:01:19.901925,12.073799133877749,81.30931570154756,283.12475186629786,18.556725132696904,0.1430690875492738
2025-03-20 07:01:19.901925,19.59988997753031,81.25972122640215,557.1638033570863,7.23087876536007,0.02519387128200408
2025-03-20 08:01:19.901925,18.01334490316386,32.59856032709394,60.943460664689724,8.953911262297536,0.47787283988592527
2025-03-20 09:01:19.901925,15.063369392003121,41.09100944039945,760.7084680915709,14.88974193115147,0.3923619960649905
2025-03-20 10:01:19.901925,16.65745363680177,39.82107794999479,473.89860084567334,3.073361359928539,0.06685657379435192
2025-03-20 11:01:19.901925,12.34732166865528,33.41179213213093,883.6306367116463,11.086615483634032,0.048658796334774906
2025-03-20 12:01:19.901925,14.008912458654073,78.62952276800725,655.0441578390831,9.1236706512612,0.39076843780546766
2025-03-20 13:01:19.901925,15.95651865701851,44.82840457061705,294.19269697235393,8.090982680510598,0.18926870116929584
2025-03-20 14:01:19.901925,19.274475201806574,61.18981503416481,511.1154889132093,8.881429621032837,0.35077613120534507
2025-03-20 15:01:19.901925,20.24076240452948,59.960254549928585,432.5045348800422,12.47428135798761,0.24902590227786014
2025-03-20 16:01:19.901925,16.166373762588712,82.9313519048745,591.3108979864112,6.802335528414646,0.026334757956166955
2025-03-20 17:01:19.901925,17.832336190840987,46.74206075659232,485.1900469164557,0.8400992526771174,0.3527414550997174
2025-03-20 18:01:19.901925,13.508711995495531,36.321302432119865,459.25751115858884,9.055208212731443,0.001608854391857937
2025-03-20 19:01:19.901925,14.872868392492503,72.46627976930625,799.3658764854003,12.809486788476551,0.002539537150520695
2025-03-20 20:01:19.901925,17.404587545371086,32.98594815662866,349.5292090251097,9.429956781102515,0.3690284193589113
2025-03-20 21:01:19.901925,16.919565293829343,57.09950538384148,733.111214864271,0.8151946712737821,0.025569798174750503
2025-03-20 22:01:19.901925,13.938430136012965,43.19600809928884,471.26689396620515,9.11641232157213,0.16632550022481063
2025-03-20 23:01:19.901925,19.715570061480708,43.65166906025425,426.84366223236947,9.615602470658258,0.14863317336883777
2025-03-21 00:01:19.901925,14.168750132254754,36.310832591773575,437.76448260542185,5.27641926195275,0.11170889394719466
2025-03-21 01:01:19.901925,16.600019702757432,69.92613134458173,226.5270173096008,10.48779531774779,0.15110248764829992
2025-03-21 02:01:19.901925,18.899986525275054,33.78411374978318,221.91992718778886,7.549022177699706,0.02259434461346857
2025-03-21 03:01:19.901925,14.696360740720479,41.530231897490154,558.5770311430288,6.000887215362326,0.0005949745572633371
2025-03-21 04:01:19.901925,15.487064344490923,53.28565362173538,259.61377641899276,6.3895353961526276,0.18990817425809572
2025-03-21 05:01:19.901925,12.867968275624644,31.030493299908237,763.1624158064044,11.036887736899729,0.2884868359688839
2025-03-21 06:01:19.901925,16.90947325310087,72.67434246445669,589.357341678676,8.24431053023993,0.047683316562389104
2025-03-21 07:01:19.901925,12.78859919950651,65.55054812569675,437.20578740010046,8.420665097293337,1.0806240429996936
2025-03-21 08:01:19.901925,16.109856838203417,61.26501019593403,448.3215970475101,9.706281812438496,0.22905377251802858
2025-03-21 09:01:19.901925,19.40194811703562,35.98958991702133,688.8807112269951,4.643201384049127,0.21656564434949557
2025-03-21 10:01:19.901925,10.71578629182364,53.54255992301471,629.8695721582972,12.261937328822516,0.16135041298634914
2025-03-21 11:01:19.901925,19.286383538286422,85.5389470039097,724.4240984105851,5.236554401852454,0.31850394411494704
2025-03-21 12:01:19.901925,17.038452560000263,30.040847381681253,275.14850074045586,19.173204819071678,0.156774636225214
2025-03-21 13:01:19.901925,15.82666429141813,55.49610891525456,462.9777833802739,6.1522294821619825,0.055596449991476116
2025-03-21 14:01:19.901925,16.316904054457858,67.62523114494323,360.68229529428527,9.574467772608797,0.06417753877641219
2025-03-21 15:01:19.901925,18.649242439049335,80.56565468303944,647.0982410627025,3.165563220286993,0.04220470720674362
2025-03-21 16:01:19.901925,16.209869292099484,63.34810343880253,424.3849308478511,12.610294193168762,0.11118854442700317
2025-03-21 17:01:19.901925,17.390278929740937,72.55205851591869,731.7798655931198,4.041473936819746,0.3609797408077895
2025-03-21 18:01:19.901925,15.657313114540845,79.61130522231525,133.0292975557387,5.774240006131293,0.037401573802079924
2025-03-21 19:01:19.901925,21.281213130407494,35.22500289296114,374.1172406497688,3.1382476932401997,0.022030268646176535
2025-03-21 20:01:19.901925,21.59950075023562,33.060065851945765,209.8664233081958,6.614012358432737,0.021347622895617552
2025-03-21 21:01:19.901925,13.81886835514443,51.4633576533696,783.1088394108167,7.127128154568077,0.27200896359828175
2025-03-21 22:01:19.901925,16.9321468723594,80.84441890119565,553.0422901324214,14.583681057009699,0.010270643411504217
2025-03-21 23:01:19.901925,17.125458628187427,79.43550527380134,413.4229356179674,12.714842643423935,0.07319299693221462
2025-03-22 00:01:19.901925,12.19791253095948,77.22604161510569,740.9825507057012,6.9074396292466975,0.23902209231851665
2025-03-22 01:01:19.901925,18.957032489770913,78.89262423158425,582.2603686440543,17.62592531412298,0.2372576451515904
2025-03-22 02:01:19.901925,19.147535301098145,83.09164813202,37.84039951819284,5.388065857237011,0.6462382111411208
2025-03-22 03:01:19.901925,13.517341422492073,66.26463786936077,503.37296264556994,16.069888171065145,0.4227045029726819
2025-03-22 04:01:19.901925,14.89035093956071,69.16418319786885,158.40392749091643,3.4440747071530526,0.002594811054446729
2025-03-22 05:01:19.901925,18.388760488206753,36.52942286171554,448.2521439659057,3.532960514291894,0.29720846360574316
2025-03-22 06:01:19.901925,11.724093699623385,69.51366689371906,473.4757213550133,17.503849848350885,0.1691139480217676
2025-03-22 07:01:19.901925,19.22695436730494,87.98736445238406,457.02988232378533,10.994452725721523,0.14820407680238484
2025-03-22 08:01:19.901925,13.644122906664586,60.039699062482526,884.332804607321,7.36078670570751,0.06765649157641661
2025-03-22 09:01:19.901925,19.08718940386381,38.70965828916883,786.1403883263181,2.820570703989996,0.01707391632538409
2025-03-22 10:01:19.901925,16.689247000272104,40.26295258121672,474.2038964991512,1.2802612565291738,0.032180991508586616
2025-03-22 11:01:19.901925,12.1239193553074,39.25558948069744,398.8467741463546,7.599566847239057,0.03372923128880544
2025-03-22 12:01:19.901925,9.402857811291105,79.98534373665956,834.9280032494983,3.6068664755334714,0.26815719844676145
2025-03-22 13:01:19.901925,21.196760244939174,39.25926699267096,863.6526638341375,7.425387107570831,0.20184005931336518
2025-03-22 14:01:19.901925,13.568223514631978,86.683031855212,392.486258243192,3.101197756337901,0.07413092846803107
2025-03-22 15:01:19.901925,12.087920296418243,83.61935812769151,847.5142733034319,11.697367717397768,0.036183334790581716
2025-03-22 16:01:19.901925,15.539177833610841,34.62042886407994,592.6729367146851,7.264612198180565,0.05462761852819022
2025-03-22 17:01:19.901925,17.059698648344323,81.68380390677318,789.4263184935803,18.097450300885093,0.053172664589754184
2025-03-22 18:01:19.901925,14.084183027952907,54.434977455296924,36.96945396967237,12.176203746311264,0.07525484086145445
2025-03-22 19:01:19.901925,10.605449658334386,57.73951327661017,499.8448732791546,9.623709994816606,0.26069850932018973
2025-03-22 20:01:19.901925,14.443796787612637,42.73223207452813,710.655224645005,8.048722572514306,0.3947411164391325
2025-03-22 21:01:19.901925,15.882551278923408,54.30889125178266,717.0573108143399,13.543247611929342,0.12279306708191813
2025-03-22 22:01:19.901925,11.621925143384463,48.81646495873016,231.78822007625797,7.977442258503978,0.05212566534268849
2025-03-22 23:01:19.901925,15.562229968376574,58.62715633567771,389.05832738997526,10.265677855601997,0.08710947725415458
2025-03-23 00:01:19.901925,23.95764503676471,72.849123329225,650.7618086765494,16.772217100998137,0.019647429091213985
2025-03-23 01:01:19.901925,13.9728268952938,83.40839425734458,609.007518701645,7.29053957194123,0.28043421133943186
2025-03-23 02:01:19.901925,17.28309703006697,38.83233260887249,433.0086279495575,10.872666516301386,0.03228148425957282
2025-03-23 03:01:19.901925,12.933924788310392,50.2703704254489,341.3604262332742,9.510277838416243,0.2989998886628489
2025-03-23 04:01:19.901925,19.063015771808992,54.408054852817656,609.6984445367845,2.9966435572271144,0.012315431340280228
2025-03-23 05:01:19.901925,19.4682340452499,72.5427521329701,385.7677456625148,23.761742986046496,0.052208539355038476
2025-03-23 06:01:19.901925,13.355320864920289,61.623874817918555,516.7608267951526,7.714162888518165,0.36302723149045196
2025-03-23 07:01:19.901925,18.115110495490086,41.854305258243556,320.77899120588705,9.48256102027299,0.1765751092211854
2025-03-23 08:01:19.901925,16.499180363315425,36.08338096005579,625.3077482490294,14.545870291856238,0.11907248066750678
2025-03-23 09:01:19.901925,17.331157233870883,86.32879660592823,460.9076970200905,9.627077005482574,0.13874813729430097
2025-03-23 10:01:19.901925,19.545326589952538,45.879908546526806,119.28642605102601,6.15050506669456,0.3212659518504608
2025-03-23 11:01:19.901925,16.411514788142338,31.264441967705427,639.1861923646014,10.848878740942077,0.2011471504694986
2025-03-23 12:01:19.901925,19.94063363216624,38.95179447927885,463.89802640173275,6.722005941832374,0.0579531300842897
2025-03-23 13:01:19.901925,16.194935764176872,42.82803348702572,578.97704230852,16.783543741007964,0.29222350025446203
2025-03-23 14:01:19.901925,19.80193232113168,89.3706804445159,293.0138953414612,10.333443744042825,0.040956875313748364
2025-03-23 15:01:19.901925,18.200577251301787,67.02782676848688,570.0193749007519,14.817815515256726,0.019475385326149976
2025-03-23 16:01:19.901925,14.43890489171645,34.00628070708308,319.0723175297454,4.427435659904459,0.29225262612386543
2025-03-23 17:01:19.901925,18.16482588006154,60.23215998170636,696.4774784681972,5.7326583462471,0.5028149643146492
2025-03-23 18:01:19.901925,17.833114472603402,80.32432024135895,639.4128034453488,16.31614492343291,0.6071123113837084
2025-03-23 19:01:19.901925,15.726036474970057,87.71192265892034,561.0697462271587,0.9806259685743328,0.029072649751656028
2025-03-23 20:01:19.901925,15.257418288032866,74.67768276339686,340.10534975105116,12.610947451756394,0.7916849523535462
2025-03-23 21:01:19.901925,19.303491751119424,71.00042000065916,252.756621145054,8.616499419866011,0.29294947740824434
2025-03-23 22:01:19.901925,13.366091059096657,70.10107284919863,532.0896725124255,6.724038827538524,0.028399635073389398
2025-03-23 23:01:19.901925,11.034878379280276,49.32757020594104,990.229065379091,11.46036577472546,0.13091195093791522
2025-03-24 00:01:19.901925,14.367817273185656,68.51060861826605,300.3290210933669,16.817817928994685,0.034515861137864895
2025-03-24 01:01:19.901925,18.954394723880036,78.12354154253018,526.0446942010785,9.504250071036875,0.06066577546432076
2025-03-24 02:01:19.901925,17.57459909123009,67.29128395209929,334.66415433603345,5.697783004350166,0.004809146685108656
2025-03-24 03:01:19.901925,18.963245521380955,31.20588524188269,665.8128321121068,16.700742419931444,0.13835668978587473
2025-03-24 04:01:19.901925,13.14450387476299,78.16366622788469,518.8519554426098,7.699716102005682,0.012594340378648018
2025-03-24 05:01:19.901925,13.748829999730244,70.55611665608654,381.14415093308133,3.691035563822507,0.15504405014706993
2025-03-24 06:01:19.901925,24.892113749459092,69.52836640007139,644.8899053768678,15.392224194169856,0.2979554070646343
2025-03-24 07:01:19.901925,12.941275699590573,71.69707219431328,645.9750751914711,5.534177443471913,0.20924032598647943
2025-03-24 08:01:19.901925,17.809920402935436,55.95639632208642,542.0861324638446,10.709504982455535,0.15567674682832494
2025-03-24 09:01:19.901925,14.989012763154378,40.25763750596969,893.6816366391756,12.311259166990304,0.15841165413527938
2025-03-24 10:01:19.901925,21.712783938991397,53.32396711573203,696.973640607265,8.361036050533729,0.0006746698185254949
2025-03-24 11:01:19.901925,21.710096169176722,43.47670680369683,107.47013669524029,3.558606167720837,0.1318099871789114
2025-03-24 12:01:19.901925,20.413489397111963,32.27677387098528,494.24193994156974,5.984343148327907,0.08758451401471067
2025-03-24 13:01:19.901925,10.571272065694234,33.68970352204382,741.4973187920265,13.146664718507552,0.8323282616889105
2025-03-24 14:01:19.901925,19.28125576988997,71.22707289463,773.0871319829582,5.913275835320668,0.9774279827781405
2025-03-24 15:01:19.901925,18.138627889458462,80.67660004852753,197.6829052641724,4.916239730880747,0.1562295871630518
2025-03-24 16:01:19.901925,15.031477872660046,54.24105107023688,340.95658761110514,11.600566731138155,0.06307531313135083
2025-03-24 17:01:19.901925,19.83628995015846,87.3583697541608,759.1148747555976,9.118015861707967,0.2817730422534894
2025-03-24 18:01:19.901925,22.60806892538798,77.89852038693547,874.83220739953,12.75989623078518,0.10374375614750356
2025-03-24 19:01:19.901925,19.39929237996628,32.56247508116647,800.3068626718032,9.564434529209304,0.36170159712400535
2025-03-24 20:01:19.901925,16.059756108570657,37.59919246017844,342.6618429725853,11.072153690992415,0.09246121364889498
2025-03-24 21:01:19.901925,19.712307841123444,74.56987845087161,529.12068496522,3.1054188761863766,0.5287114416287654
2025-03-24 22:01:19.901925,16.244372301211794,41.896280012787145,486.31172385575877,12.326643162472376,0.2727965668627571
2025-03-24 23:01:19.901925,13.583264871495974,59.092111110561085,182.99128992312956,3.0598770642979862,0.11016873666171366
2025-03-25 00:01:19.901925,17.394171135065335,31.00915042349403,884.54148338564,9.099831365002334,0.14662270884199222
2025-03-25 01:01:19.901925,17.881080123486885,65.03011533072063,679.8621242874322,14.207630622526972,0.34407895194627275
2025-03-25 02:01:19.901925,14.993071152673233,51.00462252159152,373.29839788820084,6.206387380347831,0.08763271107358403
2025-03-25 03:01:19.901925,17.301008511971204,35.91087359259768,493.0975920217889,3.9971051166462295,0.4073328054521699
2025-03-25 04:01:19.901925,16.2575287595886,84.50966531813204,494.442235733066,9.47803100078898,0.13831421767038546
2025-03-25 05:01:19.901925,9.539896062219837,65.67865643115334,350.7561070874744,2.517616102147441,0.14241241424148837
2025-03-25 06:01:19.901925,19.054366441808895,71.51315878616681,266.9391123001303,1.4090104316104077,0.45285729256037116
2025-03-25 07:01:19.901925,15.64828137639451,76.24592496367202,378.3837286101909,13.579911691071999,0.16935520659579215
2025-03-25 08:01:19.901925,18.833780766367223,54.72834512263124,181.23321275007157,13.269624470985308,0.08644531084191936
2025-03-25 09:01:19.901925,20.76649185093604,81.67502104802446,545.4495800650225,9.460472765098594,0.11991619602684311
2025-03-25 10:01:19.901925,12.115068124177615,66.8940614126322,415.53269087286844,18.059046435043054,0.01466695144881779
2025-03-25 11:01:19.901925,14.625894923268007,70.29958924802077,796.0751467400821,7.559694145832169,0.04248811989094632
2025-03-25 12:01:19.901925,15.770022399999908,60.657119350774735,173.39907208048749,7.392623835963984,0.15331072927364398
2025-03-25 13:01:19.901925,15.025700231200261,50.51369617914923,641.3213794562937,5.564031783197548,0.227288694600073
2025-03-25 14:01:19.901925,19.715401972149458,43.66353562932945,494.2119094819367,6.83481153847251,0.2660430055143571
2025-03-25 15:01:19.901925,15.486467107929059,69.42495258537971,887.9167551717677,8.09628358509636,0.19217041257807
2025-03-25 16:01:19.901925,20.507654035349432,57.700324359164036,665.4234385440943,4.806476008207731,0.36560313657708
2025-03-25 17:01:19.901925,16.4361704156968,73.33033483583048,557.4825082058778,5.298344237558345,0.021886774968919248
2025-03-25 18:01:19.901925,19.954265355224862,33.909043275451594,164.73021861293637,3.5963190691066025,0.09533289420658232
2025-03-25 19:01:19.901925,17.164780242824577,42.119288811246946,696.011176761531,2.036995200092897,0.024847260355188194
2025-03-25 20:01:19.901925,16.55624916858577,38.719978825474264,470.1435233914664,15.767081361112908,0.01955794104963972
2025-03-25 21:01:19.901925,21.3422914546263,86.25349655185751,749.3162497511082,14.667481581747504,0.13498096602720822
2025-03-25 22:01:19.901925,13.775161942159984,67.15489617190181,568.0794283045899,9.250641302572927,0.16357930967257067
2025-03-25 23:01:19.901925,10.866721151121606,54.86809667415033,726.1432409374311,8.216213176760977,0.5481685162574371
2025-03-26 00:01:19.901925,18.29115182265005,80.92159959355783,860.2914979430739,11.095300420482861,0.09001281756422921
2025-03-26 01:01:19.901925,14.19518930409242,37.18677291685781,463.8019092603457,9.06631261625957,0.12731927782578337
2025-03-26 02:01:19.901925,12.187611834838567,86.3839558174023,221.40906922251656,6.760733046748321,0.40903832590628525
2025-03-26 03:01:19.901925,10.296930235582053,67.12118439538798,576.4955656115458,8.352620892720351,0.5201064651618259
2025-03-26 04:01:19.901925,14.228889569513164,46.43945255013947,694.7556762775405,7.026080898108828,0.03756848127297682
2025-03-26 05:01:19.901925,14.413292120372432,35.961246087043676,404.63351805633,14.34516632129615,0.039098881305412746
2025-03-26 06:01:19.901925,16.20643715935029,43.659442621937444,243.72807562310624,0.9433325093343049,0.07376102315526332
2025-03-26 07:01:19.901925,18.146222493021416,43.678966441331816,504.2611304290703,8.700314244703671,0.12709121475596274
2025-03-26 08:01:19.901925,16.19450832783302,56.11637028747613,753.063952382502,6.020156508116084,0.021255556427130486
2025-03-26 09:01:19.901925,17.260398945184374,39.16281150357956,361.2636319052649,15.845801450732429,0.02811292162347022
2025-03-26 10:01:19.901925,12.11243271438211,55.42496939392097,336.77232559780606,16.546284916002897,0.09077535605005581
2025-03-26 11:01:19.901925,19.604228274756892,38.35797494377828,341.39685577311747,9.97869393374147,0.014886857481843858
2025-03-26 12:01:19.901925,9.462397696049884,69.70774356362134,842.61134784809,9.291755080677571,0.4704073847955352
2025-03-26 13:01:19.901925,20.179901984005614,31.695550048427727,581.866421141865,1.6561179825000627,0.11021018894787266
2025-03-26 14:01:19.901925,13.276358856484205,43.73812487267265,663.5194323505369,9.583434534153598,0.0497750489657385
2025-03-26 15:01:19.901925,15.812858688774797,85.33424086229124,280.8775091060661,7.112424931375364,0.39862182208010244
2025-03-26 16:01:19.901925,14.210412207602335,79.57697918540504,374.10102068431263,4.628144868930751,0.09019710558957922
2025-03-26 17:01:19.901925,16.93217375427796,68.65691836380532,734.9631541077209,14.080701277506966,0.018786977022375986
2025-03-26 18:01:19.901925,14.076014665153721,72.54711079374462,703.5316161239782,6.105206264336775,0.13918576944602304
2025-03-26 19:01:19.901925,15.19141407673553,73.07256406338523,451.3252957712854,8.88239058518564,0.1203119528617248
2025-03-26 20:01:19.901925,10.543083387363243,47.19907310880406,715.3450559656198,9.529617939961453,0.43402842806773734
2025-03-26 21:01:19.901925,19.616510130867447,39.153612150850385,798.5124309071773,21.79093242082115,0.21759445961186233
2025-03-26 22:01:19.901925,19.876788413315484,54.365828466479584,311.92378848764776,11.246757896147022,0.09049126395161408
2025-03-26 23:01:19.901925,17.77629283487463,49.480268467119245,293.4119392789394,12.772847162901337,0.7219736883626067
2025-03-27 00:01:19.901925,22.218996874132166,78.42305186419438,454.7325042820803,8.124123016837956,0.2239278950210638
2025-03-27 01:01:19.901925,11.364602068694914,77.9504818466742,762.1085491974586,12.946695252551311,0.0649119185722361
2025-03-27 02:01:19.901925,22.216993382815975,51.86723499332007,519.9717267379232,5.117479833361739,0.46010095613144913
2025-03-27 03:01:19.901925,11.93870984039577,72.70161944388674,726.2709224281538,3.446851111535996,0.240373726233586
2025-03-27 04:01:19.901925,21.558238328607608,86.2037703094661,617.0771378838425,9.85414995022995,0.32074116159051075
2025-03-27 05:01:19.901925,14.401697560715576,48.207879421507045,351.41058625204676,12.978100376052943,0.03968410424729091
2025-03-27 06:01:19.901925,17.198682316285208,83.20665108446966,457.2149267039925,3.237247696042778,0.07108135796662991
2025-03-27 07:01:19.901925,20.87048524982825,67.08678980007093,295.3059061254763,6.928781520253575,0.03579845974296399
2025-03-27 08:01:19.901925,18.295944157297484,44.64861357610747,647.5665453081411,7.11519536460671,0.010580991841139024
2025-03-27 09:01:19.901925,15.317125594443066,35.014056387682324,502.0060711172933,15.147825829571762,0.11845106632692998
2025-03-27 10:01:19.901925,12.503990758513307,53.37398606549848,504.16463389622567,15.8334801895369,0.00452622995340407
2025-03-27 11:01:19.901925,15.053409933931334,67.80108302470416,334.17033006148006,8.437779871392406,0.1857326102165832
2025-03-27 12:01:19.901925,18.694287940208284,69.0300693190557,1068.0286044371178,6.650799976630824,0.029057059035733836
2025-03-27 13:01:19.901925,14.476932072623018,39.076591560418294,459.28372200399485,8.957900942733934,0.13175209535070978
2025-03-27 14:01:19.901925,17.713787039201172,80.70545247696026,658.3509093750368,3.271966361927805,0.021682554145194086
2025-03-27 15:01:19.901925,21.08836138338554,69.40856695443898,718.5026770544105,4.387776100674276,0.32828395904273683
2025-03-27 16:01:19.901925,16.724725373339503,58.756740189985806,568.1694922057952,4.283791535739482,0.3816004707980329
2025-03-27 17:01:19.901925,14.946265803840479,67.29377660035594,461.6636592442725,13.472328076814035,0.9908408057366407
2025-03-27 18:01:19.901925,21.280758403419384,75.6628581014603,614.6311658420797,11.219541319218454,0.40277638064194826
2025-03-27 19:01:19.901925,17.42169049996009,73.71961001625388,688.5103398526799,7.472682794181308,0.03832005381136873
2025-03-27 20:01:19.901925,20.44828535104844,73.3093742297724,276.93616039989297,7.622629487982994,0.12188220592287796
2025-03-27 21:01:19.901925,12.572503860001564,32.40408779118587,197.2173701076905,10.367665778450839,0.057535705914823355
2025-03-27 22:01:19.901925,12.214512426020157,78.79924420359328,426.42777838621265,6.4908527236804545,0.2991862709438094
2025-03-27 23:01:19.901925,12.663633790862717,85.67271614806886,901.4030339850924,10.756677865435664,0.060380589274320086
2025-03-28 00:01:19.901925,19.259700397785345,74.26952430056085,841.412175908544,2.859972211160712,0.1424063162651142
2025-03-28 01:01:19.901925,14.987833388601956,41.06165879259587,167.28808594340347,13.310111927552752,0.007993022445457873
2025-03-28 02:01:19.901925,13.499205695398203,41.355005338715,230.53567008115522,9.624103529658344,0.15433595422184054
2025-03-28 03:01:19.901925,17.192620955123026,68.83190882352184,555.32843824493,7.986841310873938,0.05495489212615639
2025-03-28 04:01:19.901925,21.477034496946782,55.11891564222255,596.5501665100763,10.298490182262157,0.032942831771372715
2025-03-28 05:01:19.901925,18.533324734938986,83.8746052072052,719.3003390539418,13.897504492450762,0.07503532581176799
2025-03-28 06:01:19.901925,18.994569286725927,82.91453235296478,353.8019262429227,11.597109937889885,0.2625754744779452
2025-03-28 07:01:19.901925,21.55211756346572,77.28226793525414,134.17906646622305,7.2094984594468485,0.10425803723720442
2025-03-28 08:01:19.901925,17.660704204891417,87.71804419918385,864.3955835099464,7.223029392525792,0.09966523424947145
2025-03-28 09:01:19.901925,11.7950553130162,38.623035923323634,782.1667388640598,10.11315884529703,0.03434289523154349
2025-03-28 10:01:19.901925,22.58047919468389,83.09295643729543,601.1733462809742,3.9900569718990524,0.18227220452321488
2025-03-28 11:01:19.901925,15.682725963456232,81.47073204174455,192.2413492140165,6.724219858961646,0.07380883823504415
2025-03-28 12:01:19.901925,12.24085644961772,38.19382018675353,433.5991833527405,18.04971454618197,0.11312081658846938
2025-03-28 13:01:19.901925,15.399158164851073,58.00335382027145,515.1791187555935,8.803895293594406,0.12015923505383108
2025-03-28 14:01:19.901925,20.43501054643766,30.940954054094956,728.8010992514685,3.863384621711861,0.3994357862405131
2025-03-28 15:01:19.901925,17.951789560621748,61.79931356993688,563.8420167471379,7.901459915845996,0.11297955661195043
2025-03-28 16:01:19.901925,17.614653464837584,60.26788265426905,670.8810157840246,2.8525328209012315,0.07162295712796192
2025-03-28 17:01:19.901925,15.926675268673227,33.00959709368212,361.36810506083395,7.546608858715053,0.30646128034295744
2025-03-28 18:01:19.901925,23.036564479516404,87.32910491499375,323.80204721095464,8.180481606514581,0.07171281724447727
2025-03-28 19:01:19.901925,19.669943039171862,47.628360741545464,550.0857699187799,16.99917863914581,0.0012509645673955926
2025-03-28 20:01:19.901925,19.014747311891334,32.03265082288979,582.4973322196255,11.117186177706103,0.09760479297703381
2025-03-28 21:01:19.901925,24.605167189041342,64.20983262299299,716.6764391346321,6.086393914258702,0.3045164602506094
2025-03-28 22:01:19.901925,13.529519691316334,56.88277411918084,576.4719352799628,7.884988379143222,0.30490921043955294
2025-03-28 23:01:19.901925,16.723365866887804,59.36622506260357,360.46617491809513,11.708558936913471,0.06416770086967337
2025-03-29 00:01:19.901925,22.41240972027483,49.08213852433036,474.86247285511075,6.225226983992,0.010649970212236879
2025-03-29 01:01:19.901925,10.586851962039132,84.30091779124677,740.3427084509583,7.791506040571278,0.13065875641750999
2025-03-29 02:01:19.901925,19.04070556111823,77.50280679013197,574.8177117963454,7.697144539577173,0.030867658015792568
2025-03-29 03:01:19.901925,15.700988910340982,41.68304359494352,836.1600377541669,5.284747666573814,0.16697322718155272
2025-03-29 04:01:19.901925,19.817759455679827,43.41171683540965,385.9237826116615,4.896974882148683,0.07320591943804694
2025-03-29 05:01:19.901925,13.666992391881593,70.75873637656679,549.2009155162776,6.133104718644294,0.71300067148229
2025-03-29 06:01:19.901925,15.045024047622647,57.46497213023476,714.8196342619416,10.321027904550172,0.408670752157607
2025-03-29 07:01:19.901925,14.66125862448363,83.5752571763282,519.0266660715495,11.034265153610601,0.39688380886572083
2025-03-29 08:01:19.901925,21.77646281840101,83.68116566271883,578.414125889166,15.478198880900527,0.08326998646075057
2025-03-29 09:01:19.901925,20.56752909056954,58.46683713784537,578.561764706792,14.196201241959145,0.08549756322591585
2025-03-29 10:01:19.901925,24.791951856420173,64.58860349508626,591.3337847773527,5.106699535461955,0.18252200059778817
2025-03-29 11:01:19.901925,14.482282518164514,73.80508057704029,604.8195712765973,10.085493709147801,0.14499084502233345
2025-03-29 12:01:19.901925,15.380778616730298,81.14151086781814,332.0002380484926,7.593498887200488,0.07963133873833522
2025-03-29 13:01:19.901925,16.66242791205155,65.83366058998297,699.6945004876798,5.758416311575575,0.0600410465757297
2025-03-29 14:01:19.901925,21.426707453902655,85.54183630658599,816.769137832672,15.627907766127727,0.13067684525643075
2025-03-29 15:01:19.901925,18.08313565511107,44.361833163718615,567.1601247446997,9.252514805283308,0.062024476509205444
2025-03-29 16:01:19.901925,17.431126865637108,32.60189909973814,329.54799396283084,21.7881133789915,0.1399766438809621
2025-03-29 17:01:19.901925,12.670117859220223,34.38535399121311,833.4864934613973,15.320561203257208,0.025014359298877627
2025-03-29 18:01:19.901925,17.985094861603898,68.21878426286092,534.001590705397,7.099182558606113,0.16459779659076976
2025-03-29 19:01:19.901925,19.00646175101567,73.00717127528372,376.05007867990633,16.903396105187003,0.28394754425201063
2025-03-29 20:01:19.901925,12.002743654520382,41.5408594039323,578.3542434494469,12.650501557042581,0.1246709972398717
2025-03-29 21:01:19.901925,15.283505539369855,86.46279920354033,253.38920346378217,4.614044383276236,0.011075505599396357
2025-03-29 22:01:19.901925,17.981752626801065,89.10597166582687,383.48218641161134,14.781839849847895,0.038139860477603496
2025-03-29 23:01:19.901925,18.839217207407792,55.90903180338807,530.589582087721,6.950042342737711,0.22193638497167734
2025-03-30 00:01:19.901925,17.779752891318623,88.74046981851235,467.34429377135393,9.746639788940874,0.03204676100810588
2025-03-30 01:01:19.901925,16.761251099602358,79.39767986412505,411.8455646309604,5.2343893518526095,0.10782079936082081
2025-03-30 02:01:19.901925,11.947049140855366,82.21739992730369,592.1211942320027,5.39308463452174,0.09357944953707935
2025-03-30 03:01:19.901925,22.219269981622848,76.13647301073841,263.7944212812472,7.250564593209814,0.0969135004321286
2025-03-30 04:01:19.901925,11.260057162011297,56.13720483504589,715.7715121122546,11.481825883723298,0.9195350751741768
2025-03-30 05:01:19.901925,14.42157467766161,40.72731184339678,341.31290090869004,5.758951138499563,0.3864317098595068
2025-03-30 06:01:19.901925,16.49782920598217,84.29939838707509,262.82572097271725,6.854572651210404,0.16233851851200062
2025-03-30 07:01:19.901925,18.169698126185473,66.65886417363495,164.31580472163228,1.4110171210903375,0.04138952273530685
2025-03-30 08:01:19.901925,19.811007427522334,38.04201383428674,803.1692425838444,2.141968070693005,0.3051398062516299
2025-03-30 09:01:19.901925,14.760960059652643,33.38927469823581,630.6389471663317,11.784021852535114,0.1796744816700746
2025-03-30 10:01:19.901925,16.770834649524925,62.70731852222364,620.5282291801734,17.275669569490372,0.2879440881048258
2025-03-30 11:01:19.901925,17.69517369945145,87.02290055225808,609.8895771910402,12.449084438987946,0.050568956834820114
2025-03-30 12:01:19.901925,21.15407033350934,85.73945933553716,465.4552303833705,8.587237226892125,0.20857512575960066
2025-03-30 13:01:19.901925,14.790827717920452,62.109188759709944,211.59224786956605,15.471866346966607,0.026049260469473846
2025-03-30 14:01:19.901925,14.26210149676753,63.785553793563246,238.72930142544806,5.235562867231439,0.05026683977508283
2025-03-30 15:01:19.901925,14.319529401102411,62.10955750332588,446.0855022958291,11.877993693044687,0.15199970241055158
2025-03-30 16:01:19.901925,18.874653919129834,52.44825473108138,551.2889776770522,7.248100529382013,1.398345115738148
2025-03-30 17:01:19.901925,16.178091869181713,82.1972350709232,745.74939296356,12.430510105862545,0.13442899191917354
2025-03-30 18:01:19.901925,13.067278470500849,68.04764068154634,380.52750136978045,10.620445078222323,0.17902436457743331
2025-03-30 19:01:19.901925,15.650913087384025,84.5210381152151,1009.1143552903118,12.550900442196449,0.23284312533740295
2025-03-30 20:01:19.901925,14.762706400018898,64.82549776222537,359.1690710805233,6.532958814592825,0.35626846983400423
2025-03-30 21:01:19.901925,19.343434747111417,84.49282647475246,485.4124439524861,20.585446248668156,0.5600924139311988
2025-03-30 22:01:19.901925,14.85827034146146,55.73919450318982,648.4390717200309,9.869223822593863,0.023772965732321745
2025-03-30 23:01:19.901925,16.922518496554098,34.746980970875676,557.6029999605004,17.050018534677122,0.02408523458875222
2025-03-31 00:01:19.901925,14.01430206129733,43.91959194473894,646.614076042875,15.890940509071488,0.2361189113176105
2025-03-31 01:01:19.901925,19.187454822529485,75.88712593222692,385.8390427846931,10.38323206361973,0.010330019958169083
2025-03-31 02:01:19.901925,18.565251330008845,68.7428654968907,389.8000293734367,9.100297522043729,0.09000486058647879
2025-03-31 03:01:19.901925,12.773545158526309,62.284565130563564,465.6386351930602,5.038266069788699,0.1699543784714429
2025-03-31 04:01:19.901925,18.720369579512408,38.606868543444435,441.2013168404314,8.572016107799016,0.13427511897493538
2025-03-31 05:01:19.901925,16.223842946756886,50.79237339702527,910.9315362180116,14.572540465048284,0.12798518816915436
2025-03-31 06:01:19.901925,18.994456237394818,81.2130223706024,473.7949660481849,4.721746393428362,0.1792489276513113
2025-03-31 07:01:19.901925,25.665472297442843,67.75453500243765,319.8334053635284,2.2536943202921753,0.19437234345306312
2025-03-31 08:01:19.901925,16.117429264985866,52.781080536014734,391.5353271476919,7.285837744436739,0.016439075305485995
2025-03-31 09:01:19.901925,14.378290295185659,84.4656881745816,592.88705182838,11.737769228381605,0.6224559128944294
2025-03-31 10:01:19.901925,16.7999543692722,46.6894716609676,570.2265307625015,6.358763417656933,0.04818867136241574
2025-03-31 11:01:19.901925,14.914618689324609,31.50621655076181,587.7989056716892,22.834469767829283,0.18571857263290953
2025-03-31 12:01:19.901925,11.748013680202362,49.16352071961659,731.9614958782819,13.481964837889764,0.06439964151146386
2025-03-31 13:01:19.901925,13.868294720488102,81.01014615635908,866.5196892247516,8.622065352095824,0.018633595461880214
2025-03-31 14:01:19.901925,17.197410379864053,50.641951026960335,206.55509716838952,11.91183708147421,0.018731080847312884
2025-03-31 15:01:19.901925,18.5026054188939,72.22249450222887,486.07649275845614,6.925415577973873,0.012742617600852563
2025-03-31 16:01:19.901925,18.391724474733984,61.81248646677072,389.2515820732541,5.461646883978811,0.24917351907857058
2025-03-31 17:01:19.901925,19.173198324129345,77.3752734597425,705.4086288646847,14.940294540800839,0.5660221416974712
2025-03-31 18:01:19.901925,20.048876674082745,54.052197016570204,536.903401886626,2.784103380145547,0.07609190194306999
2025-03-31 19:01:19.901925,18.19815824133278,43.791950998528414,705.0231385576739,10.39168622878023,0.17302788952685658
2025-03-31 20:01:19.901925,20.915340141325505,64.6967092501331,755.4723143009157,9.857405430849482,0.1850089830846525
2025-03-31 21:01:19.901925,19.631958116218254,80.43879154792909,553.3389597119241,10.031323952767977,0.3881278635122702
2025-03-31 22:01:19.901925,13.064100165829107,73.34366224948509,433.2352596772543,11.254104193008816,0.09883704994558572
2025-03-31 23:01:19.901925,18.382618779190246,58.98313176006559,286.38424121196033,16.64402586543364,0.17592924012456898
2025-04-01 00:01:19.901925,11.1406430542698,82.77489231081434,608.1387143646679,7.081367881804612,0.06939233557324158
2025-04-01 01:01:19.901925,17.6934633437992,56.37664990736501,722.643881474299,4.674852483462169,0.026440569507121814
2025-04-01 02:01:19.901925,17.415585354667236,62.18880862041949,578.9810719839013,5.561898866816644,0.04774963918798364
2025-04-01 03:01:19.901925,21.50755490619597,70.25310400210552,732.2713355751869,5.323050773118009,0.06540124142632105
2025-04-01 04:01:19.901925,15.588557582722991,74.37166226132746,358.20273124225395,5.921019266328182,0.18633770219996393
2025-04-01 05:01:19.901925,13.435158307540181,82.91177030909273,167.89484219990163,6.973586576851844,0.3129554398431791
2025-04-01 06:01:19.901925,19.06801432051562,40.023349378941816,693.6399601484527,7.198407941689843,0.07920895021107124
2025-04-01 07:01:19.901925,16.315538084448058,87.24135725899109,527.7688142035566,7.12300238224354,0.07136324393262249
2025-04-01 08:01:19.901925,16.007618727606044,73.49753645296143,397.5134348179082,10.925064091655432,0.07196330330998585
2025-04-01 09:01:19.901925,21.39154559617827,39.19360421007017,813.6902222396652,5.364553388120266,0.16261305655545555
2025-04-01 10:01:19.901925,16.867949054817405,71.48752838663198,506.28725841269676,3.1901159723480275,0.7945145442208384
2025-04-01 11:01:19.901925,12.288788886026154,46.19265085461234,623.6631657887672,9.399824527914246,0.17508850620114982
2025-04-01 12:01:19.901925,14.762644398444301,37.78778543665952,343.3808789712818,2.701453695768464,0.28803928756638925
2025-04-01 13:01:19.901925,18.48925562492172,63.55810370282563,481.39614083638344,2.9652635681774706,0.06656753338410673
2025-04-01 14:01:19.901925,14.264842739879526,72.53788047474721,434.5896133442902,5.851826610245968,0.001229166324396324
2025-04-01 15:01:19.901925,18.729471062525924,61.65885897675395,757.1417955162053,9.097806899392157,0.32217386096701095
2025-04-01 16:01:19.901925,21.320389109932076,86.51353960677064,645.6545802435096,16.085520934187265,0.2352713796210084
2025-04-01 17:01:19.901925,14.503952483989899,52.68325553506309,368.86685372564455,9.247842555657485,0.02051978757843271
2025-04-01 18:01:19.901925,20.10075672219868,62.08995963666422,591.4626719469877,4.276967441424958,0.1660065580008916
2025-04-01 19:01:19.901925,15.370460131953196,52.034034766751134,650.5846615635751,4.335613547932407,0.10787318159668535
2025-04-01 20:01:19.901925,17.084086207867713,52.60378239549282,543.0548224883341,8.680571802281664,0.15771261750294624
2025-04-01 21:01:19.901925,20.132055703160578,60.00986193152016,480.9130620954525,1.8590530263156935,0.25384903854291646
2025-04-01 22:01:19.901925,22.69648464072563,71.50906998192491,314.2728047621563,12.575321223455669,0.17468834243408785
2025-04-01 23:01:19.901925,18.4380815228503,72.14345923465045,674.9511940147322,8.15481087078085,0.6017625012695337
2025-04-02 00:01:19.901925,20.099112182686,67.27042957608498,350.784716168802,15.466709545692863,0.2830136693972358
2025-04-02 01:01:19.901925,21.99760752643948,52.47065311376985,618.9881100320889,2.717648906568413,0.19136527244254914
2025-04-02 02:01:19.901925,14.373954500029834,79.95817035612097,223.49025195203745,8.559664763630227,0.0682478595343442
2025-04-02 03:01:19.901925,20.367989579772015,66.60526344563993,823.2115159361172,6.324467320712724,0.2808306687072992
2025-04-02 04:01:19.901925,15.65371188466484,78.63413002965214,736.6657714426944,10.540692999825774,0.2972577006214643
2025-04-02 05:01:19.901925,23.32118990663431,84.53133047937547,747.2384999363344,1.6379126234230577,0.027843448438269594
2025-04-02 06:01:19.901925,19.90406266964225,83.59884307831717,194.85464738042657,10.485832205448633,0.2692948733133796
2025-04-02 07:01:19.901925,17.455048781034527,73.42513641814588,262.065988227566,10.843310217371078,0.38280250978447106
2025-04-02 08:01:19.901925,14.130533723191718,80.65621023181114,566.6765572021361,10.955258371678804,0.08498947601168343
2025-04-02 09:01:19.901925,15.80648573841087,88.62582620842718,260.7102166146195,10.83285646529812,0.7584268096261013
2025-04-02 10:01:19.901925,16.38932725255805,54.08733640278356,338.56164509388805,6.626382807860867,0.18242022522777532
2025-04-02 11:01:19.901925,14.241544911588317,65.90986853670019,302.1206811391663,6.914528427992065,0.20243191530511254
2025-04-02 12:01:19.901925,19.38207835733601,87.01459724365824,623.6649517407245,14.293305440606808,0.21660250480345422
2025-04-02 13:01:19.901925,19.24006304577647,81.11379765954752,786.1225664008209,12.669701018048823,0.30822848640712697
2025-04-02 14:01:19.901925,20.190842483507826,75.63549140455852,364.37568882956634,12.149818144347025,0.0274356014272043
2025-04-02 15:01:19.901925,17.78913809140674,64.45368291166608,659.4505041305986,12.832224840507362,0.7751763773771474
2025-04-02 16:01:19.901925,15.813753505111048,48.30917041082842,886.6118579328296,7.060641351946362,0.2023272203130405
2025-04-02 17:01:19.901925,13.667873954880474,45.278200154869346,609.988500986627,7.347069340126422,0.25726296112159397
2025-04-02 18:01:19.901925,26.487593827095665,41.57071576708368,479.11287905349707,7.104096960187755,0.45702855988091956
2025-04-02 19:01:19.901925,17.901483191303406,68.53907412638321,485.1805343162249,6.04964031551408,0.01874479809612511
2025-04-02 20:01:19.901925,19.03926523748511,80.60588240300677,426.3102241981062,6.1452999690781995,0.21151976141738743
2025-04-02 21:01:19.901925,23.6062086098349,80.57397580818696,473.99584979963385,8.58576048709494,0.5449682017871449
2025-04-02 22:01:19.901925,20.35940559393787,40.952424231133556,453.4813552219078,6.043871528547026,0.37996295982679706
2025-04-02 23:01:19.901925,19.115455159586716,36.123761275405116,486.8029428183668,13.637581298227467,0.06767807392644935
2025-04-03 00:01:19.901925,16.263441025301354,33.98859092288203,357.0717664964107,14.076448357008582,0.13390476241218927
2025-04-03 01:01:19.901925,17.2708424001182,66.97768182120544,125.80607876389871,5.464639534682564,0.1312646647311382
2025-04-03 02:01:19.901925,15.06358456688405,67.79835075347253,406.0320880525728,16.79777817679887,0.40522301500857183
2025-04-03 03:01:19.901925,12.238025855293547,45.38557814636103,383.55230999224494,6.0843292051552496,0.04493110277148452
2025-04-03 04:01:19.901925,7.707393644154539,54.805848044528105,879.8306130820952,10.929978132779087,0.479516141914825
2025-04-03 05:01:19.901925,23.081288873848553,72.7891829539108,564.3005446990824,4.678477475770548,0.4498337596588618
2025-04-03 06:01:19.901925,8.958816110306373,71.66831865051768,502.7722116941174,9.220920143668735,0.11314833385781342
2025-04-03 07:01:19.901925,16.39446021475806,49.91805054033754,472.52276634023104,2.917115039763631,0.2803665627142539
2025-04-03 08:01:19.901925,16.803416340631706,40.01799593304274,433.66335909684886,5.729895621273068,0.24198002331506388
2025-04-03 09:01:19.901925,9.342208467038274,52.19205499025674,841.7485530755991,2.024115128089498,0.004073651268365111
2025-04-03 10:01:19.901925,17.935314402508688,62.60974526954431,708.7366009245251,2.796846107954348,0.21859044672824146
2025-04-03 11:01:19.901925,21.898688393713204,52.71149736576682,39.778083019109374,7.433280691953991,0.04635108937505413
2025-04-03 12:01:19.901925,19.73121184359484,54.16415533777982,233.21922732842148,9.656661045297582,0.08604853521191869
2025-04-03 13:01:19.901925,16.41160797079988,69.26119202817263,616.1456664924486,10.36197505842226,0.17601626310482854
2025-04-03 14:01:19.901925,19.460183480690294,65.07790202318978,401.9815775471598,9.340384715411972,0.04246447235449085
2025-04-03 15:01:19.901925,20.227756678163097,82.72039814251843,521.5877747374869,12.545749174510378,0.4295357487981808
2025-04-03 16:01:19.901925,20.546367594491905,60.19616839505621,273.4736414748246,13.54629096637474,0.29885686853654614
2025-04-03 17:01:19.901925,21.559085288825546,56.385192762591416,430.9359935969311,5.079794317691468,0.022479699309510156
2025-04-03 18:01:19.901925,14.035475763562282,78.80331708373332,411.33600975067,2.2820565105901753,0.07789275439630777
2025-04-03 19:01:19.901925,17.258884673914157,79.34987059658206,453.5878875872391,17.51990050103039,0.3691341100209001
2025-04-03 20:01:19.901925,24.387429866067297,86.23000811635282,744.4228473553106,3.440552119302518,0.5648766637055413
2025-04-03 21:01:19.901925,16.847727234440192,80.39194354037508,842.6710454717107,7.3231625747955045,0.05253053561565246
2025-04-03 22:01:19.901925,18.145184196349444,73.38395069680617,501.38988720633915,12.654261037249,0.14604844077967644
2025-04-03 23:01:19.901925,17.73435371669461,74.27790031973399,366.2601368184677,6.895572287128557,0.19975442444907132
2025-04-04 00:01:19.901925,22.25961036848398,31.25358247917533,472.4411927082501,7.469407529433214,0.0484720494039879
2025-04-04 01:01:19.901925,15.68189861713493,46.757179736468835,302.0467785008908,8.505551301570556,0.12363318614999402
2025-04-04 02:01:19.901925,19.08697710966593,82.61337724622452,735.4577132682607,10.736054710188212,0.10724105000552404
2025-04-04 03:01:19.901925,16.69192946335371,41.34267033955462,523.8780203172282,4.708809916505147,0.5106609553023441
2025-04-04 04:01:19.901925,18.3690867476692,85.96842238163912,617.2573060413926,3.5408091247194795,0.2628843072710178
2025-04-04 05:01:19.901925,17.452089940581207,72.19585106496206,879.8380680784884,10.473858618303552,0.2838344352046693
2025-04-04 06:01:19.901925,17.955646247137636,31.2153305842952,532.383305333001,10.991879737160273,0.28321016119340925
2025-04-04 07:01:19.901925,20.3817773307195,60.65851059813806,295.08257835809775,3.65832268300926,0.043520398021491706
2025-04-04 08:01:19.901925,16.74527887303331,64.88687911993014,267.0484720065937,4.283500060975012,0.7169008154295988
2025-04-04 09:01:19.901925,19.90950678765418,51.60662238850608,690.8623554547662,0.7854650835634024,0.3729508073919288
2025-04-04 10:01:19.901925,16.133711853068082,34.68349471226325,687.9815141502555,9.597639836569114,0.356707266358266
2025-04-04 11:01:19.901925,15.33180282331831,39.61217827915876,674.2005721418589,10.293714351651301,0.21974480776672906
2025-04-04 12:01:19.901925,14.745121150134139,34.3018450215303,616.8982376758352,16.334571447985674,0.1232991176067033
2025-04-04 13:01:19.901925,17.78402878305163,53.45697197598211,258.9314955199652,6.946165682012417,0.08396127167805868
2025-04-04 14:01:19.901925,20.449479090203077,89.24422427578077,791.3374621295966,13.174856899174706,0.12595136676544014
2025-04-04 15:01:19.901925,15.051937612773273,76.14530927211604,612.0585585643396,11.267233326560193,0.29891162336236793
2025-04-04 16:01:19.901925,18.429979737452935,58.00175660880005,683.1389606546876,4.661060674169041,0.0821634168031286
2025-04-04 17:01:19.901925,20.201871820199404,66.01617629653171,275.0039353212573,15.020198046526396,0.01221555873717898
2025-04-04 18:01:19.901925,15.430499383392062,34.0472657683426,681.5032429373339,9.756125875871874,0.3832823486418638
2025-04-04 19:01:19.901925,18.828650219874774,34.779209910220764,799.4196095051465,11.396240496377132,0.034672191438450094
2025-04-04 20:01:19.901925,16.5666074296311,76.36000821750008,175.72015558037947,9.967146446673075,0.19136532832395847
2025-04-04 21:01:19.901925,19.010346019323933,32.093418258646295,573.8726633685187,2.112796261032185,0.04229964241880126
2025-04-04 22:01:19.901925,18.99746400935905,46.127383648648404,342.7074133040976,12.35069230155549,0.14595762077324734
2025-04-04 23:01:19.901925,20.962429626311337,66.24306360584535,418.02141527511225,12.05487453905664,0.13866504148226774
2025-04-05 00:01:19.901925,16.228563045675543,46.91439637292592,333.9141149853533,10.304604068371235,0.3468487060888854
2025-04-05 01:01:19.901925,16.66535479800433,62.85771410303873,733.7260337261615,4.624762651818591,0.6827783399262973
2025-04-05 02:01:19.901925,21.191602779092467,89.78415389913675,253.0119103977957,4.983035321644355,0.14363267647996567
2025-04-05 03:01:19.901925,13.945499121975661,84.44321975309387,666.2273757511635,8.811908331393656,0.17114971598301676
2025-04-05 04:01:19.901925,15.957490205907797,68.43689147347638,301.50101011434083,4.272404085099348,0.11706726920264861
2025-04-05 05:01:19.901925,16.696228459488236,70.56996092369218,460.2101616680575,6.353073236425358,0.1379547286372644
2025-04-05 06:01:19.901925,19.28314067299818,74.62592321652549,497.46551621401204,21.781018249861308,0.3635410418174792
2025-04-05 07:01:19.901925,19.51540632881029,54.508944559582446,466.81913143461964,6.989937179188253,0.014578718879209971
2025-04-05 08:01:19.901925,17.711921073974054,88.7201772532782,668.3002746633758,9.66838563834936,0.25806871154077693
2025-04-05 09:01:19.901925,16.2287418942554,31.182734666792705,352.58171616475397,3.95583654212684,0.13800784644568717
2025-04-05 10:01:19.901925,17.075450284149984,84.34142247414664,302.14672378578365,3.8504332360490805,0.5379700590774726
2025-04-05 11:01:19.901925,21.187777789217574,50.13626242319876,811.9537163769724,19.067253283429558,0.14623992801881322
2025-04-05 12:01:19.901925,20.05505191096398,75.25013822171266,258.94769784333266,6.470562581171455,0.09466582551835585
2025-04-05 13:01:19.901925,20.691742531292945,74.78786576846159,321.2367552840772,4.003192156819028,0.0785939498541951
2025-04-05 14:01:19.901925,20.001771644458472,76.09412883936054,451.338772868093,2.6043619623021863,1.0471469653823229
2025-04-05 15:01:19.901925,20.011161368817156,54.65822971088854,585.9076475153751,10.502900429750468,0.09834500466106126
2025-04-05 16:01:19.901925,18.516407145984147,48.25558549163019,862.8414790481053,10.252102414576322,0.03180936610953818
2025-04-05 17:01:19.901925,23.073321784430195,68.83236210450478,170.5420269693601,13.218627255256783,0.032701348973255495
2025-04-05 18:01:19.901925,20.63915880260239,89.90864469308713,334.8379556195245,13.548460515564532,0.18527090940332308
2025-04-05 19:01:19.901925,18.857882339913022,59.07093400705882,507.469012861289,12.42940260873434,0.4965082535279007
2025-04-05 20:01:19.901925,18.693541087730043,35.401905732113114,189.31062658649734,7.298997746945658,0.19306642109134653
2025-04-05 21:01:19.901925,18.666326077988224,60.34466500454266,476.96583916934145,6.5221958284352635,0.15793423558350778
2025-04-05 22:01:19.901925,15.470618627622699,46.42066847200849,311.16691134705167,0.7915381131864041,0.04171901235222247
2025-04-05 23:01:19.901925,19.238867226107818,58.79380087613346,417.5269218741113,10.458790939350886,0.2603192652671334
2025-04-06 00:01:19.901925,19.765108798424404,33.0625433550752,542.3480528969344,9.939705101047583,0.3937781937709524
2025-04-06 01:01:19.901925,26.05541496877421,33.635247889185656,533.1292313251272,3.1938957026841432,0.09419375178790407
2025-04-06 02:01:19.901925,16.150883514974275,30.277397052565714,398.97214186419524,4.523567660494678,0.12414978603415355
2025-04-06 03:01:19.901925,14.329672468152975,37.726177558816055,441.19619500703993,18.827179347726656,0.030500892220657223
2025-04-06 04:01:19.901925,19.746231879902407,31.66437625381047,357.8599018561033,8.767941876313438,0.10166471113812568
2025-04-06 05:01:19.901925,14.051131661517775,73.44826301351559,721.84678705266,9.532636792721314,0.05572572780331686
2025-04-06 06:01:19.901925,17.81311997834037,74.92592406697261,636.5156019210903,5.893811906785023,0.579768431116776
2025-04-06 07:01:19.901925,21.195768523414188,46.80052663201937,736.1018801855917,4.372344302374494,0.14792283563315498
2025-04-06 08:01:19.901925,17.365820680642223,86.45567391730523,233.18383953208945,12.314419292745765,0.4561393472180976
2025-04-06 09:01:19.901925,24.97800466552375,40.60472230435771,511.63024417427556,7.798106037902799,0.0263975582384665
2025-04-06 10:01:19.901925,17.80600690150781,69.7713721302656,320.91818428536214,1.6852125978595813,0.08364948629042063
2025-04-06 11:01:19.901925,24.70175842409546,49.692810214388984,876.4009059864436,2.8521733255582338,0.004583268808979166
2025-04-06 12:01:19.901925,13.603893629551335,34.36059845745977,428.7532138772392,6.610584514970999,0.010212707913280506
2025-04-06 13:01:19.901925,13.835146068873318,69.83845954646739,584.3263744780602,15.39983223646808,0.1070737172711624
2025-04-06 14:01:19.901925,13.167213699907286,55.97256861352385,285.4337726773133,5.95101638015027,0.28971182230135356
2025-04-06 15:01:19.901925,22.638112083076855,71.38555105042731,405.4748889858954,3.6746172341246517,0.12770055318216164
2025-04-06 16:01:19.901925,19.01981574310342,49.01374304581434,346.1461478792533,7.986795537110077,0.0779769444782283
2025-04-06 17:01:19.901925,19.922070612391114,49.69544060560135,575.5654336316932,15.425500812811029,0.006931937115982833
2025-04-06 18:01:19.901925,16.232690695212863,35.180495296748575,709.2617102541939,16.87107417466978,0.5056752822099475
2025-04-06 19:01:19.901925,19.850087693098548,45.94833110406442,267.9741134097784,11.823003667217318,0.29743084890163574
2025-04-06 20:01:19.901925,21.845405964764574,81.4509930150512,325.7479322780073,5.120942084581301,0.029746711054651737
2025-04-06 21:01:19.901925,14.182035737286261,71.51909063036462,889.508363060568,14.006218172794085,0.2740674281595691
2025-04-06 22:01:19.901925,15.688876825458143,58.2862821783645,629.2667768221213,4.731265138184445,0.09057033190075864
2025-04-06 23:01:19.901925,20.184591268626928,51.67888202708748,617.0790199711041,6.644822497008345,0.04877426584878682
2025-04-07 00:01:19.901925,12.928664808114334,83.88629269857965,321.8831855957226,13.76417185065959,0.03411215189341467
2025-04-07 01:01:19.901925,17.451157359343977,67.37625564485471,557.6137598976651,1.0807670124465159,0.1595739223183111
2025-04-07 02:01:19.901925,21.863933979376768,72.92821847763898,307.8192837114489,4.364310421807107,0.2556036851931037
2025-04-07 03:01:19.901925,21.04723317495003,88.75956653048604,730.9736778188587,5.404374692878676,0.17202291005946244
2025-04-07 04:01:19.901925,13.592531021982655,67.67607426761543,445.8982404711704,2.817432552777408,0.282843671037417
2025-04-07 05:01:19.901925,16.449850018834006,63.40718304710419,433.86454710396396,8.04605500526338,0.03144929294105794
2025-04-07 06:01:19.901925,18.425003221057782,87.54731655477654,426.63240387243155,7.615528601824048,0.10705361232759586
2025-04-07 07:01:19.901925,21.948299022045912,80.39933776126068,309.76097586332975,7.824429609751031,0.4542360288750977
2025-04-07 08:01:19.901925,17.01700356944457,70.45650234162176,99.61811866553569,7.7145981723614625,0.10207439275967807
2025-04-07 09:01:19.901925,19.295706964650854,32.29324398233148,589.2312093775835,17.203444412618158,1.575272808808028
2025-04-07 10:01:19.901925,17.654868971072123,47.17972312791891,61.84441285126445,9.185315957759922,0.08305562384661602
2025-04-07 11:01:19.901925,20.743866503812118,52.59537419110224,414.856097404911,5.073494775335091,0.07215998193315551
2025-04-07 12:01:19.901925,14.654420934764701,88.08588248131623,647.226862772265,2.688686153630264,0.1241077537912694
2025-04-07 13:01:19.901925,13.063870508177068,49.66324102707175,738.7146165681472,11.653304127827923,0.6106781240784566
2025-04-07 14:01:19.901925,11.542524346997412,78.51325922344586,608.3381698253688,5.336648440653747,0.22414178484922087
2025-04-07 15:01:19.901925,18.270241436380687,69.5406871063006,722.3124815668982,9.651047151160187,0.7948282595098939
2025-04-07 16:01:19.901925,19.929270470098164,56.48972832333222,570.2709879136454,20.145348548894624,0.1540242363031189
2025-04-07 17:01:19.901925,17.553943975312244,59.81285380476349,178.58841194899543,1.8107312357538887,0.05771206235965851
2025-04-07 18:01:19.901925,17.515610167555543,73.45161229947797,253.0806377046917,15.862556415880182,0.16259507301817697
2025-04-07 19:01:19.901925,18.581524689865333,63.317574875566095,543.7923434395526,14.989210821305441,0.020078607529794963
2025-04-07 20:01:19.901925,21.092700248058712,87.83722849675573,606.4726681715342,16.072982059739797,0.012923772339270593
2025-04-07 21:01:19.901925,21.46516485288697,36.57111970504879,541.887138177059,18.71692279018726,0.012048163283570387
2025-04-07 22:01:19.901925,18.170734437762732,61.56179966668297,510.5257900419623,7.2968864174297865,0.025202165159808373
2025-04-07 23:01:19.901925,22.618047086808193,77.76097815764298,496.8904394550937,3.577244228519396,0.09934541750101238
2025-04-08 00:01:19.901925,16.11300824689012,45.45929299713108,436.46101864091827,11.01683289148292,0.03138092655976058
2025-04-08 01:01:19.901925,16.548161131156277,78.03454670410979,298.8965524687353,2.954651321650923,0.2730367449147759
2025-04-08 02:01:19.901925,16.180001008509105,53.666847149916016,535.8068844782251,2.151431971818593,0.1783059941329956
2025-04-08 03:01:19.901925,18.557912763103857,65.74976441823077,423.17129376178195,0.9567453485373714,0.10523476281420617
2025-04-08 04:01:19.901925,19.529404529169824,57.594236983527125,481.2564012227274,8.709046881897047,0.18379721497278492
2025-04-08 05:01:19.901925,17.205575881822707,81.54398135492804,584.2595942268116,2.953017252067376,0.05116448719250704
2025-04-08 06:01:19.901925,21.683549575709247,33.45857375656317,259.24735957686494,11.821408767957088,0.0014885958481235604
2025-04-08 07:01:19.901925,18.500461431103016,45.603105284607274,824.6680398469596,17.844652991656123,0.546713312638028
2025-04-08 08:01:19.901925,16.445656277089547,85.94353124514623,584.7421779772932,20.390142237261454,0.0420265582307714
2025-04-08 09:01:19.901925,19.855069152939286,62.40152304826149,482.70117365884164,11.893540233933136,0.037998105554487495
2025-04-08 10:01:19.901925,19.964844849146466,32.80286606972489,714.342138516991,6.332180881297312,0.24550185998158514
2025-04-08 11:01:19.901925,19.063640112096515,33.42930457635736,191.42155180436544,13.951528555495402,0.32867661666852155
2025-04-08 12:01:19.901925,15.164038551360694,40.63690159681023,771.9572555621326,10.4757783581033,0.052910472685226084
2025-04-08 13:01:19.901925,21.357891202692063,37.34578270947975,695.6476191293541,4.568805110535276,0.21139534649774783
2025-04-08 14:01:19.901925,14.543309783962927,88.6542051094741,298.5490079394938,6.947026933837893,0.23658652932825452
2025-04-08 15:01:19.901925,17.2406931327768,75.3297837050102,597.0253090962083,17.634422102891314,0.028191097987469466
2025-04-08 16:01:19.901925,17.335085483871794,89.01270900552913,478.8155870526495,4.232763940284058,0.012536218833345237
2025-04-08 17:01:19.901925,18.49725450323077,66.54915394642296,777.7469283411523,2.54667869971998,0.5288645354282563
2025-04-08 18:01:19.901925,19.5862055284044,75.113062058018,171.13199537333577,14.70507471622122,0.0676243340642925
2025-04-08 19:01:19.901925,23.74947998184224,69.24517590652081,619.2107738440434,19.502037319642355,0.013592347988111054
2025-04-08 20:01:19.901925,18.82339236471976,88.97105945786464,387.23685786516126,2.141606521744446,0.04486615375232081
2025-04-08 21:01:19.901925,20.889872969338324,68.32320446870091,492.1356499341936,8.339420836221334,0.3110029287940052
2025-04-08 22:01:19.901925,22.9764778346438,63.3094629035429,530.6761491042556,4.681720361404648,0.020237088561738267
2025-04-08 23:01:19.901925,21.280354148835055,84.018304812871,555.8589375206421,1.5466940340130115,0.12732880240549058
2025-04-09 00:01:19.901925,16.780552670341656,82.09462544382276,382.6021998329504,13.229829951307575,0.4411629321783731
2025-04-09 01:01:19.901925,17.572663774735407,58.01564625943953,279.8219900396273,12.192771036232646,0.22557722906541522
2025-04-09 02:01:19.901925,21.275874215297456,52.92221743334722,673.3404448944927,10.305906231427421,1.130402240729902
2025-04-09 03:01:19.901925,16.346677895245723,62.71127984025186,57.86560889540988,8.646941965806622,0.8357412938614422
2025-04-09 04:01:19.901925,22.529471174802847,60.822308205037714,434.4424686771978,18.157555021264557,0.07208828158271303
2025-04-09 05:01:19.901925,12.950496161705956,54.53815280773201,410.10896544672914,14.737117295904184,0.4531270306781073
2025-04-09 06:01:19.901925,21.446284599693833,54.50565869314377,309.97365746983763,14.496504301747281,0.023392872080219014
2025-04-09 07:01:19.901925,21.376157481671008,56.633863521129896,425.0685484216043,3.81292733618436,0.41074341314129237
2025-04-09 08:01:19.901925,19.21272601723343,51.59525623212316,517.6514247717797,6.21064622859393,0.19162887594197564
2025-04-09 09:01:19.901925,16.61198500423618,53.13405283429317,810.0227197569136,7.9495410027904665,0.14647566043268065
2025-04-09 10:01:19.901925,19.408566389026188,51.91442819179725,304.19086500444155,9.532745398443302,0.2755448641296045
2025-04-09 11:01:19.901925,17.867954103403044,82.08559366553601,375.5558731774534,7.231844354209077,0.32821406770429773
2025-04-09 12:01:19.901925,19.426183138630694,68.7979500736813,525.9717806380704,7.079012123146904,0.15969217238511418
2025-04-09 13:01:19.901925,23.140134694427786,36.28065959407515,430.1382292829974,11.632543480833402,0.492024540077604
2025-04-09 14:01:19.901925,18.47719121265845,71.7935951810933,155.1182816235755,8.019038016549475,0.07601329109306763
2025-04-09 15:01:19.901925,20.12706402488201,42.320340582607,750.227178046666,19.661246378849444,0.24627033312831298
2025-04-09 16:01:19.901925,16.450281978162554,80.51218343737148,375.80558556639255,11.783170088698242,0.05940006020119283
2025-04-09 17:01:19.901925,17.421688047823928,49.668133674712784,380.7841744544886,4.609134073258474,0.18208918153214187
2025-04-09 18:01:19.901925,18.54684325470218,37.02126624896794,318.6405687958885,5.587547520888366,0.5678692966504373
2025-04-09 19:01:19.901925,18.898555202477514,83.66285866291773,456.39999166565497,11.000248865288366,0.05034046022080864
2025-04-09 20:01:19.901925,17.253900307247502,84.79458161653469,159.97699397152843,5.969638263463276,0.23456233000904417
2025-04-09 21:01:19.901925,18.100982933641127,87.3564583341304,825.9424987065115,6.4305372683374635,0.13047285565418676
2025-04-09 22:01:19.901925,17.60732886376089,57.75106966303632,592.0604496678898,21.340073233408088,0.20972821106328068
2025-04-09 23:01:19.901925,20.480275900559093,70.84342067557748,574.4834816592438,2.5344260538696077,0.61486586838729
2025-04-10 00:01:19.901925,14.442566022010503,56.13735340591684,358.04617325866775,0.6356158599434194,0.1359659017256218
2025-04-10 01:01:19.901925,23.275791219959704,72.33258005212149,441.97430154431197,3.7376550942873443,0.05604033027612635
2025-04-10 02:01:19.901925,13.951772405174198,62.74282711087506,507.593356860007,16.007541739001784,0.03520219476246006
2025-04-10 03:01:19.901925,17.6293338817172,37.74071877576961,305.33031224753165,5.911809896142289,0.07372515218400365
2025-04-10 04:01:19.901925,20.295063108971608,42.563184565787815,111.35993555901746,1.855408748954963,0.16388119111877708
2025-04-10 05:01:19.901925,19.261840331263784,38.60685728646858,481.4473709231763,10.251222210292827,0.1596821246395197
2025-04-10 06:01:19.901925,22.58878460735714,38.45110166938957,716.1533225993435,5.028448405780072,0.06861278347806819
2025-04-10 07:01:19.901925,19.903163643223536,79.5154433792183,502.7810060780113,4.717156725351768,0.3534458528037969
2025-04-10 08:01:19.901925,15.977998921294567,68.92981708087456,626.2492896693259,12.602282269815618,0.23423841579800342
2025-04-10 09:01:19.901925,17.520309722281006,88.42439699634647,575.0458678212574,12.42825502295027,0.2233232233557143
2025-04-10 10:01:19.901925,17.021920678241894,31.292186069780474,361.9294119644308,15.275741177642729,0.03440894102432892
2025-04-10 11:01:19.901925,18.481247997952927,67.10847372626748,294.53444316758106,8.881815697234938,0.02273245961202004
2025-04-10 12:01:19.901925,19.891198871673698,30.91553728815005,282.3247622822968,8.04331837930034,0.06181447217857965
2025-04-10 13:01:19.901925,16.17315964038377,73.00680926496725,630.1866410592088,4.710819827584267,0.044475526991183324
2025-04-10 14:01:19.901925,21.683388523374532,62.48194156319853,598.841067091056,9.761037453455232,0.05247426666407911
2025-04-10 15:01:19.901925,17.063065276218698,84.92510702715722,458.5639435892146,4.4481179874649985,0.7277286896884865
2025-04-10 16:01:19.901925,18.455456355252426,35.60003234046796,485.9774514575962,2.337215414897035,0.21693856404176098
2025-04-10 17:01:19.901925,20.448770210934907,36.561342314315,402.48589288789407,12.433591005169555,0.003914064450412951
2025-04-10 18:01:19.901925,20.625046935191364,75.95688606622912,373.66221761006113,14.292452048931143,0.20769380002633353
2025-04-10 19:01:19.901925,20.820297051218038,33.08425034556761,588.4151970255061,15.19717049434583,0.5583063555039143
2025-04-10 20:01:19.901925,19.54592670322794,42.182088424856744,491.83582594810173,11.598422194591373,0.349553431083999
2025-04-10 21:01:19.901925,19.050290635114678,79.99964161918354,411.67236499591303,14.992752557797036,0.2540436406513982
2025-04-10 22:01:19.901925,20.446241507305086,56.658820064439865,297.34316120249684,11.570438002105414,0.008509455361592274
2025-04-10 23:01:19.901925,16.72116722291786,78.64270977893759,306.6925808687398,5.401724542683544,0.02716675908361248
2025-04-11 00:01:19.901925,18.6596458361017,50.87363169503879,806.1196265712036,4.003554858418047,0.08998341714534056
2025-04-11 01:01:19.901925,19.33014820158622,45.02560440664726,635.3590884057642,12.834572373582521,0.03582239921887395
2025-04-11 02:01:19.901925,18.13191509865915,42.4627529047456,482.8474523038847,3.7431913995522654,0.03850128337636066
2025-04-11 03:01:19.901925,22.339348322478525,71.86411678374714,607.4690756917079,18.585418157091105,0.2641727190822336
2025-04-11 04:01:19.901925,18.955988720771888,74.54037174629818,379.1660317117927,8.847808408508815,0.20816821707073174
2025-04-11 05:01:19.901925,16.302102793114127,68.09664789436542,917.1889331269997,10.360768189274786,0.2185062716106988
2025-04-11 06:01:19.901925,15.07293732860649,89.97059289874997,481.50306708407214,13.491939163725972,0.30982105308465957
2025-04-11 07:01:19.901925,18.318749844897255,31.431924000815524,537.0558244090283,9.514372365338708,0.46248197801522184
2025-04-11 08:01:19.901925,18.547020465017447,64.54091484178025,568.4988969751475,5.650196054723828,0.06519045182686682
2025-04-11 09:01:19.901925,16.88309143937438,75.54341373643365,562.6722249642197,1.9492767861583582,0.025097463144468965
2025-04-11 10:01:19.901925,19.372968826467183,32.38785261125551,892.7918614289398,6.403650393926772,0.5230012646661366
2025-04-11 11:01:19.901925,15.530157506876554,68.94622069652152,523.3248400788802,19.065045227726277,0.11945139981341434
2025-04-11 12:01:19.901925,16.924689699140945,41.17071329449628,373.4455652756557,10.61268380765638,0.15120945032604927
2025-04-11 13:01:19.901925,20.04623924162946,69.89781099813568,714.8394724254126,9.54367412992194,0.06387027447526474
2025-04-11 14:01:19.901925,20.63499217488461,65.9235746915783,591.8860533310902,11.009845518277395,0.03381741073401546
2025-04-11 15:01:19.901925,23.738286463756687,49.81073026122388,437.60063934941,10.497774651386704,0.5187974671032521
2025-04-11 16:01:19.901925,19.120097009484855,87.55595816421994,40.669857934452125,16.843004269573388,0.634799976640988
2025-04-11 17:01:19.901925,19.22283382522414,89.9000349588701,198.44987209504723,0.9803127721811522,0.16504709121590644
2025-04-11 18:01:19.901925,20.03886039666905,78.10606011878139,614.5551650536312,12.921520694974584,0.08410061520241868
2025-04-11 19:01:19.901925,22.616985047613458,85.59475340580387,555.2773464161669,18.812195723833614,0.38556994336507766
2025-04-11 20:01:19.901925,20.731437415297794,46.531956216855015,231.74377775184195,15.559842009342358,0.018323578456513067
2025-04-11 21:01:19.901925,16.84673579145685,50.38455980809926,336.0744716770025,17.046304825066983,0.572200372889388
2025-04-11 22:01:19.901925,27.507800010802566,46.49245727434098,422.65619116713935,16.234646213612443,0.026790213830903544
2025-04-11 23:01:19.901925,22.761468029909764,85.46539103388884,486.4431022042995,10.310665253422409,0.15970611689795708
2025-04-12 00:01:19.901925,14.928218324839094,50.660995748843995,623.231980358819,3.2463424491894695,0.029193592200607067
2025-04-12 01:01:19.901925,14.696474781193611,48.65531863323734,833.2855755405701,4.741275919828049,0.04348423166598151
2025-04-12 02:01:19.901925,27.963019194997948,41.818318857906874,596.7409214372313,10.043833448810695,0.10389241001515384
2025-04-12 03:01:19.901925,19.381744484721473,38.971947373557676,753.5909504856538,6.325195562395294,0.09870001463242108
2025-04-12 04:01:19.901925,22.450520075350372,47.097202472709775,397.0993982331894,10.074361531943048,0.10213076390457043
2025-04-12 05:01:19.901925,18.97396134216048,53.245172803446366,492.6345468875155,6.124084563959152,0.0811798560061241
2025-04-12 06:01:19.901925,23.956559656151175,46.07638010898823,336.4456532620533,2.8050669616614474,0.22669610503257198
2025-04-12 07:01:19.901925,20.00520056520004,65.29178428237634,196.60669261962818,6.501450289781018,0.09587594389451182
2025-04-12 08:01:19.901925,13.916799401121118,50.0492702476231,453.20331059249236,13.582792717480157,0.24956273477240098
2025-04-12 09:01:19.901925,19.5611620962063,57.09374616178819,608.7026902178594,8.583360468709593,0.19731034474359094
2025-04-12 10:01:19.901925,17.852367765615387,57.138830958557335,661.7226906198314,1.7598328066001347,0.06595536776193235
2025-04-12 11:01:19.901925,14.037405151162453,88.00129038007853,787.450560038788,11.909364891645442,0.2971085051622788
2025-04-12 12:01:19.901925,19.718289802122637,86.94708342610438,765.968384548465,13.042884896453748,0.5176836713321915
2025-04-12 13:01:19.901925,19.3591106597079,51.41539304666918,405.96103643028414,6.972065615809163,0.3363594869076389
2025-04-12 14:01:19.901925,16.602881494804294,59.27602369469616,486.83417372615486,3.849947360684207,0.05386320106445463
2025-04-12 15:01:19.901925,22.010477170044584,70.2645045863001,465.8219983147331,7.712760956351773,0.15774995182481294
2025-04-12 16:01:19.901925,16.898343748577478,61.49479720838881,755.3429509450623,3.2645579960475613,0.04365427994005157
2025-04-12 17:01:19.901925,20.70756180925743,32.512527545751254,426.8714542768174,6.813782310308262,0.21160749232289874
2025-04-12 18:01:19.901925,17.353071211706666,35.03699242951078,740.3813999436852,12.811316054637164,0.3884944113694313
2025-04-12 19:01:19.901925,17.647938113030946,34.78528027271741,255.1593312925371,12.259353252259857,0.45631544526152557
2025-04-12 20:01:19.901925,18.98153167486419,48.72149042446931,126.03505068855327,7.2368535132030924,0.24488556540006134
2025-04-12 21:01:19.901925,20.186195639435446,31.991260039542592,514.7890981846839,4.952297725201846,0.27364242503465375
2025-04-12 22:01:19.901925,19.287676692172948,84.52377443891936,436.59768045609223,6.09166676751947,0.09728159186029049
2025-04-12 23:01:19.901925,19.918954037959466,73.57599420952141,339.3410572201881,11.191461914744309,0.3900683607626079
2025-04-13 00:01:19.901925,21.31639727308697,45.69033649865996,592.7750386553389,14.071614650112704,0.5883039538891816
2025-04-13 01:01:19.901925,21.998272780921255,50.08266143354496,444.60432251892587,10.844198621293133,0.11070960113791753
2025-04-13 02:01:19.901925,18.964622443778715,81.16008012618781,163.4009226114194,4.899910566018335,0.01877642695390891
2025-04-13 03:01:19.901925,17.09448904752017,72.91052897652841,499.95215813607865,2.3997345997449333,0.5634389790032219
2025-04-13 04:01:19.901925,17.581458445202095,34.51973922089417,619.6727011758064,18.115169211208745,0.14489473302886433
2025-04-13 05:01:19.901925,21.965356706203632,89.0028700952457,534.562336408225,15.328891380032754,0.09846732904014813
2025-04-13 06:01:19.901925,17.007233704669336,38.487379512614346,588.9981963836412,7.276565767960466,0.022267823812389488
2025-04-13 07:01:19.901925,16.15087295934697,46.85886322284183,404.40303259693945,5.78041592613372,0.050134348965993794
2025-04-13 08:01:19.901925,24.680782354662963,55.171048335013495,548.4748990478427,8.600950855432346,0.8314502845078069
2025-04-13 09:01:19.901925,15.066758973185351,88.47089595538404,651.5338330973178,13.259593505041682,0.056386453616135236
2025-04-13 10:01:19.901925,19.118467196560662,37.84777048923213,976.3734868722714,5.477866883873897,0.21425884075356094
2025-04-13 11:01:19.901925,20.517936246423698,39.22820026321615,235.8250936012276,2.900051577843082,0.11635242402688872
2025-04-13 12:01:19.901925,16.040803633570093,35.74978371985991,395.01710477499853,12.34768348159335,0.22562113139536263
2025-04-13 13:01:19.901925,18.62458126990362,31.10627950325768,644.4817748615068,11.037939970301165,0.23358811366514032
2025-04-13 14:01:19.901925,17.40914913515535,87.12070817425405,816.2500000725523,10.731068375542298,0.14984065395663818
2025-04-13 15:01:19.901925,18.81666304658256,55.2581842493796,209.5862809217174,3.258436660520621,0.6619561443634308
2025-04-13 16:01:19.901925,21.785855637408993,88.42325591368328,369.46717182918576,5.720676812597843,0.8341116870265435
2025-04-13 17:01:19.901925,17.771807805225077,56.723492415034215,644.1117616985498,15.435153255122387,0.04683204464832046
2025-04-13 18:01:19.901925,13.353865361142791,77.05985504021959,391.088110610409,13.609185101100138,0.4669981607020337
2025-04-13 19:01:19.901925,23.395607341661606,81.53074006655933,496.3056432758997,9.287830271052911,0.09159600409811736
2025-04-13 20:01:19.901925,17.394607193400695,56.119184533406475,266.4463687256133,10.00271143441668,0.39803667121866826
2025-04-13 21:01:19.901925,23.46836638429065,85.85978335440213,146.2452177366867,16.92590471411293,0.15143255504902794
2025-04-13 22:01:19.901925,22.2629799683617,49.64114591556476,770.7990117571342,15.642288546919442,0.02192591583818727
2025-04-13 23:01:19.901925,24.002429750737193,59.652360220806344,357.43869843918696,10.628397021625505,0.069505533349751
2025-04-14 00:01:19.901925,21.700858580492184,86.88908613382631,477.7215996021306,6.920754747152479,0.054302231521950406
2025-04-14 01:01:19.901925,15.903589613096546,58.55358352503637,829.6632908229276,10.767311940971883,0.007557730088097268
2025-04-14 02:01:19.901925,17.01405964234019,65.01448273764348,265.77462546270954,16.99419997845872,0.0075732668350826085
2025-04-14 03:01:19.901925,15.350018554934092,57.25931583180784,358.522578880033,10.132604365439775,0.40059210280499846
2025-04-14 04:01:19.901925,23.466261997855828,34.001027236686916,710.3232398613586,12.308694147099164,0.08845731430820009
2025-04-14 05:01:19.901925,19.967698574406807,34.30804120205025,480.5764761757636,10.942809761627192,0.2281167702783433
2025-04-14 06:01:19.901925,21.450199458253476,84.93923627111363,518.4430345385052,1.746309380692416,0.0677319092539352
2025-04-14 07:01:19.901925,19.2759994603864,73.54158735699747,104.82423780776259,4.625564765978413,0.27351910125032236
2025-04-14 08:01:19.901925,23.34512385362042,86.54240614429386,236.46137702362478,4.530913215658845,0.010613815147562988
2025-04-14 09:01:19.901925,20.832352710533954,51.933906127082494,489.5265150884424,2.9150141194923562,0.1061049596400306
2025-04-14 10:01:19.901925,23.63992185088925,55.09154362126388,145.36981790886188,6.973574524233728,0.2939560689339367
2025-04-14 11:01:19.901925,14.983535071628676,34.81063343090558,743.3030995529034,10.48732164203275,0.2060313099096782
2025-04-14 12:01:19.901925,21.725329320983587,75.2685549751078,547.4663313834559,8.220182113385878,0.03152537484681229
2025-04-14 13:01:19.901925,25.49115208607093,40.30348610634108,524.2227499050972,1.7462620361019063,0.07553647086750215
2025-04-14 14:01:19.901925,22.771380830503823,66.90620243275328,535.8882804722159,5.428774217541129,0.06533645040461643
2025-04-14 15:01:19.901925,20.22021708760829,66.78103715097762,564.9305785038337,2.4328158221260066,0.028788000485298684
2025-04-14 16:01:19.901925,25.759263367822076,45.268720370740844,587.9539453353361,11.460807087401166,0.12040427412549999
2025-04-14 17:01:19.901925,16.065855894479533,86.4535622711984,379.0122829116521,5.327896570613894,0.28023625207913094
2025-04-14 18:01:19.901925,20.63557343245089,87.43358937317524,763.3873133906096,14.505357813879256,0.021359885181988808
2025-04-14 19:01:19.901925,17.814816675712002,84.80783167937281,679.6151348419756,5.4787760532698515,0.08030307555356764
2025-04-14 20:01:19.901925,21.53805936136785,66.42377558496986,393.39643686551415,20.55977061384954,0.2916641656665651
2025-04-14 21:01:19.901925,19.433657588615034,68.09295321612572,317.8682313126269,6.661446715715401,0.012643879455138835
2025-04-14 22:01:19.901925,24.621776690188018,83.54797275605708,783.4498425180448,4.882408196302966,0.11321809838221397
2025-04-14 23:01:19.901925,30.087215150037835,52.70211973892195,250.31466533891796,0.25022418571246824,0.1376271767848766
2025-04-15 00:01:19.901925,17.98657178360269,66.7904633116202,438.5986544488831,3.41218618207427,0.2994741444274939
2025-04-15 01:01:19.901925,15.962955335491781,34.66886067071272,458.9660423792902,4.061150983352023,0.20846144165241765
2025-04-15 02:01:19.901925,18.62266223058542,73.7043585119398,720.6022612668983,4.200141768656577,0.2603455740241618
2025-04-15 03:01:19.901925,17.527134715941592,43.06881603747187,515.4691169741002,3.0581438928526428,0.16329363511514083
2025-04-15 04:01:19.901925,20.90855115595663,60.62154847131109,411.0398004599759,11.0936114235641,0.35339891820317937
2025-04-15 05:01:19.901925,18.549315683972587,34.838621419232425,296.75973118742024,14.0027791041028,0.11749516302129591
2025-04-15 06:01:19.901925,19.79527266008388,45.55187152393846,155.08221159375398,14.509308082129628,0.17829141631644035
2025-04-15 07:01:19.901925,22.500146053418494,61.26862975055134,291.6604456673755,3.795594060453369,0.13115389682211395
2025-04-15 08:01:19.901925,22.968682979536535,42.65546498637349,362.8260350552215,6.962055277041278,0.048234186539174356
2025-04-15 09:01:19.901925,22.408606651446753,37.273939104003915,589.3055674732551,9.353383843632411,0.1334203974747949
2025-04-15 10:01:19.901925,19.20374552318785,74.47701304264442,276.93098423300614,3.622911353283007,0.05021952013940424
2025-04-15 11:01:19.901925,19.660015938525508,88.85737907400465,495.1552837237644,8.545538102362785,0.007889392772553292
2025-04-15 12:01:19.901925,19.282869884226447,31.96399920650306,351.4878478776244,9.51761077832878,0.6833249163255505
2025-04-15 13:01:19.901925,19.96997170140244,72.94800026740842,462.3386800279315,3.1392700515958434,0.15091230600757402
2025-04-15 14:01:19.901925,17.740845133841216,34.73708078373655,734.1675566401459,4.848709108368852,0.11114422519489896
2025-04-15 15:01:19.901925,17.8971411128453,66.09113926713913,686.8690281021595,4.1537012361955,0.7088403913049397
2025-04-15 16:01:19.901925,16.752985554294373,77.23309152535634,707.5424925350953,3.4082734358995537,0.0641383476221093
2025-04-15 17:01:19.901925,23.548789469649172,33.77593442681872,519.498412498849,8.756796488527721,0.08005326098730826
2025-04-15 18:01:19.901925,17.684546098331797,64.74590214285834,845.3220598281218,8.18680386940086,0.07078735201018582
2025-04-15 19:01:19.901925,19.78950213965152,42.92152875064175,862.0553836201815,8.442906871541204,0.254823952847353
2025-04-15 20:01:19.901925,24.121246357920896,36.620086887037914,185.916914453242,3.7572412898053527,0.1853271152135718
2025-04-15 21:01:19.901925,21.513901810379057,42.06223274861877,720.3527693353246,3.8586818136100973,0.07448846325187503
2025-04-15 22:01:19.901925,15.696979216001564,45.30650316248047,375.3337855212716,14.516191639479153,0.07448469596872791
2025-04-15 23:01:19.901925,18.972436893840698,43.577382498252064,506.57448617575005,3.4501055091586217,0.0236174592323036
2025-04-16 00:01:19.901925,22.16948697132271,82.66006848800008,393.4460004973317,6.620031664235075,0.0006759790104527407
2025-04-16 01:01:19.901925,16.518120361314992,69.2407102047421,466.44497481334764,4.726553687371311,0.10548555772205992
2025-04-16 02:01:19.901925,20.290656621527503,85.46400611128605,769.143805321479,3.7771501134460554,0.19789200161605536
2025-04-16 03:01:19.901925,21.729778658299615,40.63349901154584,348.7330838783502,6.843455559034135,0.3546318419878769
2025-04-16 04:01:19.901925,20.47821125161138,45.91515834360938,262.7784083738079,7.116435078114291,0.41448035157319985
2025-04-16 05:01:19.901925,19.845016571495837,36.0738621729951,410.41306371192894,4.189673804198076,0.3999817237025401
2025-04-16 06:01:19.901925,21.618334829789518,41.35630325846645,425.5213731488939,18.349496480918567,0.14196759476976073
2025-04-16 07:01:19.901925,20.743148821006393,81.56930562439126,478.19080807390543,3.0611172567733376,0.41825150726731075
2025-04-16 08:01:19.901925,23.26407328662177,77.31183002414825,782.7124957315186,19.421848107862665,0.15859962637131655
2025-04-16 09:01:19.901925,19.86786681518126,70.19284093687011,591.582900380123,2.6078698024247897,0.09995024555864739
2025-04-16 10:01:19.901925,24.29980970371324,41.29784984426895,466.75580432771704,15.031016082461758,0.3119946471368601
2025-04-16 11:01:19.901925,19.13934508336289,65.58850318277496,265.92671482231765,11.046077451719947,0.4868702276287164
2025-04-16 12:01:19.901925,22.525285782729206,39.6765856773438,361.2251433303783,3.9647721202583575,0.071078717656801
2025-04-16 13:01:19.901925,21.065120666913412,65.12068375051757,955.8844317910757,3.7249278324912627,0.21874796352796808
2025-04-16 14:01:19.901925,22.37189081300127,85.9674762313405,286.96782269236655,9.579620866154437,0.03389074309135847
2025-04-16 15:01:19.901925,18.32144640132199,81.13246762292465,688.8260879692875,5.577110772607774,0.07818946751541549
2025-04-16 16:01:19.901925,17.002603757561435,32.90584702703245,649.0438338812844,14.105302822436549,0.11487543311701753
2025-04-16 17:01:19.901925,15.192098388918822,59.33277955305877,289.9544892924321,9.887431311815675,0.21444154057174183
2025-04-16 18:01:19.901925,18.16789415417108,76.69673371972456,784.9966956874619,15.20332943038796,0.18230758625810925
2025-04-16 19:01:19.901925,19.902837449109523,57.79946866837635,328.2173212550189,10.690122533103217,0.18262788767118876
2025-04-16 20:01:19.901925,18.53531542775796,34.591906954392485,671.8884842906562,8.695599296780868,0.07119118595191005
2025-04-16 21:01:19.901925,20.34008100441416,81.49328826835456,782.1916381531821,5.573107617881928,0.023226811710374124
2025-04-16 22:01:19.901925,20.71648669108948,62.04501328072496,197.8408173369661,4.746642010740447,0.21402411650874154
2025-04-16 23:01:19.901925,20.88539267535941,56.157246000349694,629.8866605313849,1.8074528569227264,0.026078960797846842
2025-04-17 00:01:19.901925,16.674411367778493,73.5210966587997,245.9055925072803,5.0074882862056125,0.31168876560247205
2025-04-17 01:01:19.901925,20.921192635350973,67.61139316965335,554.6511460061155,12.377065707516266,0.046703511304196796
2025-04-17 02:01:19.901925,20.560254299714565,66.23406513597912,580.2011765475513,12.764667934568815,0.05419401132219686
2025-04-17 03:01:19.901925,20.075672875235302,72.83318727554558,206.09231555993802,12.951192980646884,0.2875888162452897
2025-04-17 04:01:19.901925,19.262119003126106,48.85889204637006,688.3598763229542,9.35623617116304,0.18082169357723038
2025-04-17 05:01:19.901925,21.176757237297544,33.99137305206395,678.0177690759065,9.189914614756377,0.5784662594206815
2025-04-17 06:01:19.901925,23.18986096119922,38.979484961570805,236.29606299954082,8.469225195521643,0.2533277357122925
2025-04-17 07:01:19.901925,19.780753819981836,37.59263229322624,309.0929128681921,6.707543546989844,0.2829188413013635
2025-04-17 08:01:19.901925,20.125039900347705,34.9014568523151,455.06704492511375,10.539744155202655,0.1837292829480974
2025-04-17 09:01:19.901925,21.68617741510554,89.94555663068638,377.9384382579692,10.052311541138561,0.1979520900421189
2025-04-17 10:01:19.901925,17.981296616170425,60.688913369941886,303.670658439273,2.8004264189527115,0.018796492038690663
2025-04-17 11:01:19.901925,24.431795133121096,51.59771141587281,508.6926716496352,8.41673274162906,0.2887730266379633
2025-04-17 12:01:19.901925,20.521889535901675,67.81149531016214,664.5685318949345,6.646908519598878,0.21756317572621653
2025-04-17 13:01:19.901925,19.575268633078185,32.91341964143263,267.79373116533725,2.686397099160765,0.0021852794441229286
2025-04-17 14:01:19.901925,19.363756141843574,60.99319725576789,592.7409001129244,12.321017814210432,0.1898672305216218
2025-04-17 15:01:19.901925,19.61671789937248,33.55247775391413,847.5030433015158,6.180301075078807,0.08746968727505709
2025-04-17 16:01:19.901925,18.581968994521706,74.1219494428604,496.16485782257536,11.520029082745873,0.12537675041825538
2025-04-17 17:01:19.901925,27.41786152137837,63.33470668838614,567.1517678226655,9.91867214201542,0.09720801575076232
2025-04-17 18:01:19.901925,20.746348605527096,76.15050881493522,256.7406179025161,8.257978867158167,0.2583816092479899
2025-04-17 19:01:19.901925,18.598037853689213,65.13214576458228,965.7149448716705,7.7447277353034885,0.027493859237018515
2025-04-17 20:01:19.901925,18.642007895507454,73.91079092111863,72.87240857678665,2.476364450387474,0.2122535073504307
2025-04-17 21:01:19.901925,17.225626751643745,74.76335922138583,954.5002772510959,0.929202815605164,0.3725252980928089
2025-04-17 22:01:19.901925,21.510114791017482,68.13406395069453,712.8269771892456,8.689541320403523,0.10178254549996349
2025-04-17 23:01:19.901925,18.457680833936276,74.28669288519637,513.8710828172588,6.536593728083223,0.06315294934980335
2025-04-18 00:01:19.901925,22.323276973029397,39.204420327675464,440.427303230125,6.196257968861444,0.07740012071992453
2025-04-18 01:01:19.901925,22.698650105230563,38.97229487136738,735.2770188223728,8.171137303878663,0.4508272341802765
2025-04-18 02:01:19.901925,22.876508028189818,48.98310599007962,649.1367591743715,19.960934259105844,0.33157078394656914
2025-04-18 03:01:19.901925,17.870271925442175,39.83615246479684,439.9327204899846,5.787965840412096,0.046562783428559115
2025-04-18 04:01:19.901925,18.26497506109683,37.182516498748804,360.69253403871716,9.29876856689544,0.22214624329366395
2025-04-18 05:01:19.901925,19.943544195154786,55.32149717654595,644.5233442286155,7.113271915214193,0.3835556102209089
2025-04-18 06:01:19.901925,23.12966451553368,53.744049060538146,438.89593234266636,9.308381120381146,0.14019544900437977
2025-04-18 07:01:19.901925,20.268734360111065,75.1935976259617,285.95160535058767,8.524936116677853,0.07024345886713912
2025-04-18 08:01:19.901925,16.938765329653044,88.5651619545541,684.9217643815313,8.480234653191657,0.059149394651968126
2025-04-18 09:01:19.901925,23.42377774267033,61.917121158236455,128.61748001966544,9.132748423758562,0.7349532715909639
2025-04-18 10:01:19.901925,24.72487231590276,60.721888246401925,407.7071500316331,5.621424939945008,0.30124638458209735
2025-04-18 11:01:19.901925,19.89645614214773,62.92380795174039,678.1829328297356,12.742717180189686,0.3874118473188949
2025-04-18 12:01:19.901925,16.448666000419784,71.96563802307787,451.94852550851743,8.136171408616818,0.02812795614076635
2025-04-18 13:01:19.901925,20.065426168499283,83.65367925126839,501.41249645706364,10.169230576349989,0.5359208225004067
2025-04-18 14:01:19.901925,22.83647418937392,52.64100435383362,465.49035174017274,9.308355961727607,0.3862252707341126
2025-04-18 15:01:19.901925,21.1706453610829,69.92919669596148,404.25282139042196,8.53735974521057,0.11205566054973617
2025-04-18 16:01:19.901925,20.48713932979013,84.56693798892266,583.4489015562241,5.491840020410467,1.086000888037139
2025-04-18 17:01:19.901925,11.62716572232656,38.72285121078373,460.2948104623417,3.0165461939075913,0.16972088164876709
2025-04-18 18:01:19.901925,24.51414911755147,64.74623919089363,282.12803311040363,12.401532434015163,0.0314275193980818
2025-04-18 19:01:19.901925,18.87083059753065,35.94104173537047,700.8009872651276,12.364869593099625,0.16214871940005016
2025-04-18 20:01:19.901925,23.211604818482417,85.07774658678912,81.92312453723122,7.448919631027085,0.033401216256589955
2025-04-18 21:01:19.901925,24.798193298604527,70.11947655723763,668.0227591544387,14.55405347543528,0.019364872725118668
2025-04-18 22:01:19.901925,14.708332742186435,53.40081020034536,660.8055745514147,5.436926485306186,0.059795704681349385
2025-04-18 23:01:19.901925,19.441465271023297,67.72132959288354,644.8498403838491,14.219600988244487,0.06095055492679539
2025-04-19 00:01:19.901925,22.655291991496004,48.8947542945726,166.44360394379459,6.935838730317984,0.013502969738304142
2025-04-19 01:01:19.901925,20.667581427478083,38.06980842902355,527.7832199121856,7.472751126250158,0.1910191027078102
2025-04-19 02:01:19.901925,21.459107922162257,67.25718482956401,397.9085493376049,0.7501015020522996,0.22749464020210391
2025-04-19 03:01:19.901925,19.989617976912044,59.16607289981647,311.6248581240262,2.9580523074317395,0.2672288037913959
2025-04-19 04:01:19.901925,25.830874649174643,63.03572331295258,598.7835521424104,13.931009035907824,0.15319009708836337
2025-04-19 05:01:19.901925,22.557050806331397,31.011591609036756,168.15719581817086,11.495170919882227,0.03094603301810786
2025-04-19 06:01:19.901925,20.23361678218301,49.032819664804705,714.7525276949991,8.00054729140754,0.02117832472276314
2025-04-19 07:01:19.901925,22.57055241208077,41.77072845393094,404.4956854168615,3.921537250512637,0.10606646968356302
2025-04-19 08:01:19.901925,19.878269252766238,81.34292753678498,81.22555498793139,14.39526619187744,0.05154213574373631
2025-04-19 09:01:19.901925,20.46059503192967,62.487674071671265,398.25961038398185,8.217457803184189,0.2049063852702113
2025-04-19 10:01:19.901925,20.524327292174366,75.99028593164542,465.19845564458785,3.768613221031851,0.46035305756984957
2025-04-19 11:01:19.901925,18.408611357897733,63.258367979280415,517.6636631458745,4.6701096240555815,0.06803047625635614
2025-04-19 12:01:19.901925,18.999138258774956,78.46527099224585,471.0818066741468,7.575806077570376,0.11050672554361776
2025-04-19 13:01:19.901925,17.475081334690973,74.35036535960391,234.22000909103014,14.13688941928552,0.7834773326341729
2025-04-19 14:01:19.901925,22.788440721488005,89.70109792470288,594.0252524455982,3.091722691301975,0.0040924867331134885
2025-04-19 15:01:19.901925,22.876873684632265,37.64981411583676,366.68492149408405,5.66230938395485,0.13080101238362285
2025-04-19 16:01:19.901925,22.43291201400731,53.44584751004879,798.5466799783301,14.25499990037183,0.20939548090051324
2025-04-19 17:01:19.901925,22.26388691666866,50.49045055479266,0.0,7.0051140637809315,0.36044913672643775
2025-04-19 18:01:19.901925,17.89503811373407,40.23462001229361,683.6169097113382,3.144246206123023,0.31282920567553685
2025-04-19 19:01:19.901925,22.67916686569669,46.0912376048493,135.41414728804835,10.580060009882693,0.026049216055340704
2025-04-19 20:01:19.901925,21.45460586513983,87.64433367988252,334.5512427281112,12.130514434767692,0.16805352701367313
2025-04-19 21:01:19.901925,22.367365796223783,41.82492372420973,700.0582764390737,4.72933281691726,0.021291965720163383
2025-04-19 22:01:19.901925,22.76370242251166,60.51122184769736,332.1107492328441,7.553050514557329,0.1150478348049197
2025-04-19 23:01:19.901925,19.625879266484404,53.97912477702004,659.0015292997921,11.186407124098247,0.18075564225006205
2025-04-20 00:01:19.901925,24.93268867914384,49.652279258330225,647.6671404561848,8.268074648391673,0.11209487447251294
2025-04-20 01:01:19.901925,25.182535780538004,70.71209483639214,529.7866688368772,10.991145863374015,0.49174187553577514
2025-04-20 02:01:19.901925,20.3210891012946,51.32967430881881,609.8975973047301,9.300203987473155,0.3080204657104005
2025-04-20 03:01:19.901925,19.14152640961198,63.04858465288394,843.9166195331484,12.437928972925889,0.06846059877881652
2025-04-20 04:01:19.901925,25.42315551630047,38.39493800074228,621.016575124945,5.6809097935502155,0.24614361869123275
2025-04-20 05:01:19.901925,17.81509483830879,53.49881773665468,260.3362913846549,13.700541877877424,0.14975632440415046
2025-04-20 06:01:19.901925,22.327146201839746,69.93025177026469,584.1900039927765,4.895829659968824,0.13332400593743265
2025-04-20 07:01:19.901925,19.61490052951484,41.61080875094086,677.9118568712173,11.395167248551337,0.16393367787412427
2025-04-20 08:01:19.901925,16.85888096696064,59.692920282818406,457.64675935541686,6.875107729551946,0.33708886212656797
2025-04-20 09:01:19.901925,22.711611508418024,77.13718784075697,867.426121069867,5.378081539444515,0.22675163620893551
2025-04-20 10:01:19.901925,23.262514729552905,68.29581196363235,849.9146851438629,9.421884652276727,0.033636470124533975
2025-04-20 11:01:19.901925,15.075985413703133,60.721274573932725,449.9666444581074,5.813038858778743,0.350852122106984
2025-04-20 12:01:19.901925,19.696432774152704,66.32952547030666,535.9900995463063,8.546134437111817,0.04955747773913825
2025-04-20 13:01:19.901925,17.462217348476265,61.85098702495132,424.63980229920446,7.156834432189937,0.15180185845883284
2025-04-20 14:01:19.901925,19.655098253382796,31.02041214503145,684.0156902531629,10.932417025881787,0.2824036249568906
2025-04-20 15:01:19.901925,19.056840107054725,39.931318510664035,550.7777455299363,12.913104629060335,0.08029797490447549
2025-04-20 16:01:19.901925,17.655258169108855,53.64246099898449,412.6756942151461,10.414188632983944,0.035784078564266956
2025-04-20 17:01:19.901925,16.569676606322332,86.08812047876057,644.6140355652683,2.584689973438371,0.04722089678551554
2025-04-20 18:01:19.901925,18.466639712113757,48.86820711717684,727.4749846127635,13.267300059075534,0.7676923327876668
2025-04-20 19:01:19.901925,14.104189569022413,84.04483596035354,595.8836036333996,7.944753403184386,0.010920612069902512
2025-04-20 20:01:19.901925,17.791856991662236,57.5866899737311,822.0801124821944,3.1129271856089784,0.07941025488488553
2025-04-20 21:01:19.901925,19.637535635944094,38.12489476054009,787.6378746471536,11.423983257764558,0.46765323550495963
2025-04-20 22:01:19.901925,23.588796136971567,65.45200115361882,281.28374671869943,6.204139461023903,0.07775495510203063
2025-04-20 23:01:19.901925,24.881863244316307,50.40658538237537,449.4986274630603,10.935610559095558,0.6792504502506402
2025-04-21 00:01:19.901925,13.79758500892296,48.490703566632206,204.71324542134568,11.874066936935224,0.17085240899140808
2025-04-21 01:01:19.901925,21.41953285587421,41.44498436720729,469.92469517807416,17.70416995537342,0.41290912130014396
2025-04-21 02:01:19.901925,21.392264241521648,68.87231474137155,832.1562564361046,12.760228449179216,0.01567424210501937
2025-04-21 03:01:19.901925,25.391756706340484,61.3891965506296,681.1214345144551,6.07984607095764,0.011250745976411817
2025-04-21 04:01:19.901925,14.342368689023688,79.09809834913861,278.3424095424068,11.385453210440792,0.10699339799534885
2025-04-21 05:01:19.901925,24.39853874880381,40.18370155879651,629.831197683699,8.307042102387548,0.06790478725139308
2025-04-21 06:01:19.901925,25.13737484784806,32.66748913918202,859.8606469637259,11.804536312802343,0.1864887335002467
2025-04-21 07:01:19.901925,19.993771792610985,38.43273813492363,648.1990345740508,9.239118107806531,0.12803672773964989
2025-04-21 08:01:19.901925,18.917701138510346,35.88988242596616,330.74921987487346,15.066755815890492,0.13013599357839742
2025-04-21 09:01:19.901925,19.715591762469863,87.91482288904987,654.9713769577538,10.821686252718141,0.2861096937063005
2025-04-21 10:01:19.901925,22.68197343402155,74.71264346487187,551.175308821531,11.824170505478975,0.2419269631837483
2025-04-21 11:01:19.901925,21.76633641429376,77.08078356092763,278.6986183970911,5.502417489885525,0.06664085004311415
2025-04-21 12:01:19.901925,22.291826517484978,51.198528117400954,337.35332888741533,10.468400534590948,0.1651544963112761
2025-04-21 13:01:19.901925,18.929442948246276,74.40528651878316,236.64502876940423,1.1492634558672672,0.02159437822804774
2025-04-21 14:01:19.901925,21.078312993856226,42.304760685242826,358.1885266477747,4.561138280373046,0.12743760397822546
2025-04-21 15:01:19.901925,23.629268581824395,64.72070450597812,211.3579036824538,11.278846631736615,0.492162783811954
2025-04-21 16:01:19.901925,17.42808425202356,67.47894344138018,237.36387314047533,10.604810565100411,0.06740253110890349
2025-04-21 17:01:19.901925,9.9521725493971,66.35581867526992,548.1757451800934,5.393346511650657,0.28407234423795846
2025-04-21 18:01:19.901925,21.426035727516265,75.66325773163675,654.8976167717822,10.9214393603797,0.10827677609921167
2025-04-21 19:01:19.901925,17.219609687334952,41.24807391947192,79.16647068326387,10.795325656430544,0.13772804839352756
2025-04-21 20:01:19.901925,23.09250929649118,55.13413853632065,386.96844434977993,11.006923795019803,0.04740698726406185
2025-04-21 21:01:19.901925,23.296433008806346,31.192983349742722,356.86602126625553,5.143440737223521,0.17843508249733664
2025-04-21 22:01:19.901925,18.49126720349976,34.039568026910054,655.3965666449365,8.6156014826967,0.13934543613737413
2025-04-21 23:01:19.901925,21.48682252135772,38.47305439070321,525.3213696506277,11.896877717437373,0.12093872534022279
2025-04-22 00:01:19.901925,22.71515505282369,83.03710704097819,265.731017303308,9.713397716490062,0.021493224579114973
2025-04-22 01:01:19.901925,20.43332242909651,61.59174881820297,549.4568944569356,7.360173788408525,0.2911269221969242
2025-04-22 02:01:19.901925,18.422286210671803,32.630243692795965,119.43332797956845,11.98057549829322,0.20907711030897047
2025-04-22 03:01:19.901925,28.799677285555656,41.779878139496695,300.2007240277055,4.759910836006465,0.40896650027015324
2025-04-22 04:01:19.901925,19.652348356144653,38.59134506667988,535.5842618509035,10.294085775181692,0.038563329281396524
2025-04-22 05:01:19.901925,19.88170387276877,74.53584730749262,623.938577295438,20.574597655713323,0.0827727217048368
2025-04-22 06:01:19.901925,21.543039698052063,41.54138851684026,536.795403623402,11.837986166633023,0.10074399476638599
2025-04-22 07:01:19.901925,23.741932397772377,44.98961726725741,553.0592971848815,2.5104501523342737,0.08715857051625148
2025-04-22 08:01:19.901925,15.934025818210218,55.67560004055116,730.9661213672289,9.09916611892166,0.27339704881013854
2025-04-22 09:01:19.901925,17.565629335407248,38.89208005598755,528.380035878073,14.951453278004017,0.10804333896910329
2025-04-22 10:01:19.901925,25.12514365801247,72.05910236890881,548.4803129319621,21.503928274599367,0.0429938893767548
2025-04-22 11:01:19.901925,22.092105084889475,58.12864480859278,178.20461330397575,11.3589387579817,0.2761461127514891
2025-04-22 12:01:19.901925,21.622441687904914,62.91082463733081,789.1799752079644,7.032765612103095,0.2747340953707817
2025-04-22 13:01:19.901925,20.29041038215571,33.68481673037926,227.11391248648584,14.102251917160991,0.16615050625598274
2025-04-22 14:01:19.901925,23.419186997375366,30.707639394377985,490.6420659007954,7.700270870993023,0.4559298409162005
2025-04-22 15:01:19.901925,18.688173238856294,64.68865935281639,346.64969205472653,4.714987798864192,0.28076639140717
2025-04-22 16:01:19.901925,23.38219025852347,49.32540655105389,444.65303609625846,4.013490548534252,0.0035746380497972325
2025-04-22 17:01:19.901925,19.0594609136415,66.16436108356334,691.0833555285155,9.973322807394103,0.04194656399052108
2025-04-22 18:01:19.901925,26.03117000038299,61.854589651512754,356.0269350343384,9.099654046227869,0.005414206142695596
2025-04-22 19:01:19.901925,22.439684115665678,34.94685329319359,371.709730238073,5.2724718986133485,0.10189320216662796
2025-04-22 20:01:19.901925,19.133688987468698,63.41597115866827,467.6757118612278,4.928004395501414,0.05442486629868431
2025-04-22 21:01:19.901925,24.841567819579307,34.21149600843637,0.0,9.389354391626576,0.01684678894183534
2025-04-22 22:01:19.901925,22.853677704060953,55.21913931811468,684.4526826789795,9.130902472616542,0.21515222168724693
2025-04-22 23:01:19.901925,19.569341426676505,78.22422234855058,696.6796544415888,9.218229557991961,0.12115851008826667
2025-04-23 00:01:19.901925,24.291780290505933,37.58312973480824,529.6636193357339,24.83542654183495,0.04416610975766927
2025-04-23 01:01:19.901925,21.858367771273784,71.53716177704858,406.7220105754307,10.600980356624028,0.08082570022394432
2025-04-23 02:01:19.901925,23.456907343393095,55.1351455256156,690.9030318184092,4.089421579751573,0.15911068219727442
2025-04-23 03:01:19.901925,18.477966861073277,70.75888361725043,477.249739835129,16.112270913628187,0.04506922277067912
2025-04-23 04:01:19.901925,25.231788590804364,65.02736433543726,370.48647705725807,6.662895395540641,0.11133204655164297
2025-04-23 05:01:19.901925,14.762475555523329,65.44848707232802,304.62116779988946,7.053781936887744,0.17367363523263143
2025-04-23 06:01:19.901925,21.873790629600336,52.55737570807419,604.8433776112776,4.7736569377768125,0.6108152839665103
2025-04-23 07:01:19.901925,23.82610722259956,52.10224243573141,498.40872882912333,5.545780167312035,0.16614454964391234
2025-04-23 08:01:19.901925,15.405984332705284,32.314649674579485,720.4430546593635,21.134398753618267,0.0016025572065424933
2025-04-23 09:01:19.901925,23.811957734813866,59.69588695644045,286.7014484899804,5.629244667372349,0.0941197191647295
2025-04-23 10:01:19.901925,25.630036125571458,68.04901327833934,678.597394806128,7.079705455609986,0.020785864284658753
2025-04-23 11:01:19.901925,24.76892260506131,66.59594200847872,645.5566214824865,11.828339680079868,0.04394511461841954
2025-04-23 12:01:19.901925,21.66276687937895,44.2354201893438,407.5391989586169,4.285541664319626,0.1107891055927419
2025-04-23 13:01:19.901925,22.900350217539394,53.78236460549996,622.2854935828163,6.1080735360473355,0.24390059450910934
2025-04-23 14:01:19.901925,19.01803668903597,85.83301197256677,592.3937764778897,10.698256700916975,0.27929154298093123
2025-04-23 15:01:19.901925,22.853757901585695,52.937361007812804,319.0558118448681,10.841466870988132,0.35801221609077005
2025-04-23 16:01:19.901925,18.98704867566931,38.30119524683309,463.9853337410705,6.591006697877065,0.7249362273321358
2025-04-23 17:01:19.901925,20.094995261846115,59.96350127460498,532.6700956952798,6.65651308295465,0.2646371767813785
2025-04-23 18:01:19.901925,18.667364368477617,48.671896325762894,515.1670506268404,4.774577078477656,0.09589054653748004
2025-04-23 19:01:19.901925,24.9049170033028,59.88850426519391,285.29381090247875,8.900906709053098,0.011333976099780381
2025-04-23 20:01:19.901925,17.165157385486648,54.09995998714784,550.8495210904791,4.919619656355669,0.28567782114949697
2025-04-23 21:01:19.901925,21.1506796364014,68.53862089763263,20.57523880740962,6.848000354730472,0.31416272672755907
2025-04-23 22:01:19.901925,25.969725019864896,62.72110571666487,327.29493719536106,19.09827098438826,0.01987566708293776
2025-04-23 23:01:19.901925,19.06757503566909,63.474008504761905,359.97183325663093,7.936049399778352,0.14106856769737391
2025-04-24 00:01:19.901925,23.060872083275928,63.41680701150559,280.404292991961,10.965119432500012,0.2843235314797536
2025-04-24 01:01:19.901925,20.338491007815175,81.46004862958554,399.8850018011541,5.287578764518601,0.1161615090617537
2025-04-24 02:01:19.901925,24.566703746526635,71.43026797848565,476.0305121988392,12.7622990369804,0.16102938828452706
2025-04-24 03:01:19.901925,21.945187848437758,46.64226561286833,508.7175385448942,9.202620405006005,0.011529775738657067
2025-04-24 04:01:19.901925,25.165661056524943,80.30103690364913,206.42693293929864,6.88774881598539,0.1477325783050709
2025-04-24 05:01:19.901925,19.699171207388503,77.25696100380173,253.95268551040928,16.33525287482367,0.049732015563264544
2025-04-24 06:01:19.901925,22.24506925759303,75.44905930218985,293.90277411290003,4.551577075314499,0.013777027829327737
2025-04-24 07:01:19.901925,22.314612679032436,85.80846668464653,406.3596217531062,16.670960550402025,0.6836575069321773
2025-04-24 08:01:19.901925,19.75197420137948,49.7775796879492,400.83933153020075,8.979251852939607,0.2537709019736402
2025-04-24 09:01:19.901925,23.73582285190053,68.1204980331857,509.99159011150425,3.057568332147812,0.0989880278335582
2025-04-24 10:01:19.901925,21.434750725890957,39.28890970526872,578.6849474443159,9.565434175076513,0.0893010545590708
2025-04-24 11:01:19.901925,19.412405223934964,69.22456959579304,638.1176857557866,5.714319546705441,0.5231831759756279
2025-04-24 12:01:19.901925,22.3730986196146,75.67503790088222,881.3377518467134,11.786309276116993,0.09867567358816709
2025-04-24 13:01:19.901925,22.511367560665803,30.823731066342813,425.53603546086646,13.27796319590412,0.02673327050500107
2025-04-24 14:01:19.901925,23.460636036164473,46.5524812658336,266.0449946507403,5.3733217234370585,0.45315247214156673
2025-04-24 15:01:19.901925,21.50416027840985,68.10911376032405,383.20342569328085,12.878669422084283,0.4458264802874748
2025-04-24 16:01:19.901925,24.86159981692764,57.5110445079045,499.90872944854965,9.0229391898441,0.3266469136686254
2025-04-24 17:01:19.901925,25.194593799284,68.1101224472971,450.4401501150319,8.866348998856596,0.11795579105979231
2025-04-24 18:01:19.901925,23.21989836420489,71.19272552039197,370.7532574529939,12.715873269933514,0.054117027418110225
2025-04-24 19:01:19.901925,18.188409166890352,52.56232484403421,396.45130385007366,13.686856947510687,0.0016489089597007554
2025-04-24 20:01:19.901925,22.4529673117754,86.53077779304927,521.3691924692799,10.613788864627391,0.23619727970804108
2025-04-24 21:01:19.901925,19.85835509173705,41.82855823495984,735.6834473855156,9.911815127664097,0.04232372198789706
2025-04-24 22:01:19.901925,23.618172525941976,78.66936025564871,550.8948150580142,5.37081435611273,0.08048944179571171
2025-04-24 23:01:19.901925,20.927874878403887,78.97587004650697,299.0169089546439,13.943324370742896,0.13408868057595566
2025-04-25 00:01:19.901925,27.374482346283894,43.058194971239445,386.4905977640901,6.8159803050039045,0.1167722860063931
2025-04-25 01:01:19.901925,22.708969901368828,32.72125323385633,722.1820574517305,6.728054231530892,0.5612131518768105
2025-04-25 02:01:19.901925,24.250150151092974,83.49873711126983,280.81845298664643,13.81908151096468,0.23157069325664714
2025-04-25 03:01:19.901925,18.37617270056473,64.2328037393398,829.0179592465385,10.385674894355226,0.14782659595687722
2025-04-25 04:01:19.901925,19.405939467055312,60.578473350504865,690.2606392140614,11.161813784050878,0.03811695892924075
2025-04-25 05:01:19.901925,22.54053640250062,81.84540486008262,420.8866679672888,8.381383131781888,0.119951661775437
2025-04-25 06:01:19.901925,22.138347140787523,71.54001803291142,594.2554169783599,6.165128169633879,0.613607094069534
2025-04-25 07:01:19.901925,19.83122539048679,48.0328937399394,788.7292879675297,5.721384413334029,0.2631091778885101
2025-04-25 08:01:19.901925,22.441398269351478,62.58698470760548,257.1779075224207,11.531742150170976,0.16482515859343516
2025-04-25 09:01:19.901925,17.405493360837962,78.73561195170268,672.1957812872704,14.058643181878336,0.005546029945550989
2025-04-25 10:01:19.901925,23.88522242732205,73.67440088606449,272.5633975054436,3.169321877716773,0.2694984296930036
2025-04-25 11:01:19.901925,16.734928301870422,41.07435594410788,273.3475625166597,1.9570556953296268,0.3589275418956044
2025-04-25 12:01:19.901925,21.3775834962506,52.25450056767175,577.1914407311747,18.097867525067823,0.04334120607956174
2025-04-25 13:01:19.901925,18.639536575251782,66.97004421946241,282.6641990813043,12.512332520449135,0.3555763456895291
2025-04-25 14:01:19.901925,24.728427118760393,31.547390479209216,488.305168135866,10.85771322892749,0.16738947072170052
2025-04-25 15:01:19.901925,16.221610895093193,58.69914401159635,293.1078577552497,2.751512710536659,0.0680825076642178
2025-04-25 16:01:19.901925,20.055003474553143,68.79315239275759,294.0603255614854,1.6434922333720137,0.050254139297027045
2025-04-25 17:01:19.901925,22.66390081159075,83.70218960246973,569.3582569631686,15.211171727602936,0.009801734380151392
2025-04-25 18:01:19.901925,21.03559702140483,66.50696080489764,379.72177025200267,8.329078410291835,0.03279400194638567
2025-04-25 19:01:19.901925,19.646764731293274,40.103136333488564,447.35825708544445,12.727838826845904,0.3009776829733255
2025-04-25 20:01:19.901925,16.255167636626368,59.53693501726408,606.7868518566586,8.786600438201823,0.19797195354083424
2025-04-25 21:01:19.901925,19.75141801100263,45.48471033325718,388.5070668818131,3.0910877839403557,0.07524109309628553
2025-04-25 22:01:19.901925,24.755634540864985,61.20104200347369,185.1188164081271,11.694503341690384,0.2178575750737863
2025-04-25 23:01:19.901925,20.11164601849881,78.16757669868623,1043.5171421686778,2.2160564993320566,0.32503308093047223
2025-04-26 00:01:19.901925,24.874107598500856,56.18716575439508,165.46392804854253,11.209087572309954,0.047587395454284594
2025-04-26 01:01:19.901925,23.100875614104506,51.02667559458441,522.2350488019819,7.074865125197053,0.12435643155183962
2025-04-26 02:01:19.901925,20.74126742911001,82.08746216011839,235.46475011399804,7.730991861912986,0.022098628354789658
2025-04-26 03:01:19.901925,24.32703983151444,34.70463732411492,686.2730434105821,6.539575482318738,0.3622793003539162
2025-04-26 04:01:19.901925,18.79793686174363,84.84180571344817,776.4793474579486,13.911956327486932,0.04819068063269341
2025-04-26 05:01:19.901925,19.004608700276222,35.174638961043485,653.1957255960009,1.3605136898025099,0.050483127742980076
2025-04-26 06:01:19.901925,18.730743156208046,67.61923684427404,785.2077111043419,2.9713556190383565,0.08821569848820741
2025-04-26 07:01:19.901925,20.09466644551446,33.13742065616077,618.768180497594,1.3686065610389537,0.0005715234813133307
2025-04-26 08:01:19.901925,22.892004693303967,70.69470864077635,707.8878249617427,6.801178366618064,0.06934051697528687
2025-04-26 09:01:19.901925,26.261062036970024,62.77328776661312,1011.1504999505488,8.899176969001193,0.12546506204793154
2025-04-26 10:01:19.901925,16.527174191826283,80.62210846197445,232.66953920389017,13.297595012405948,0.1056411482754468
2025-04-26 11:01:19.901925,26.57200564803535,75.9907983396286,884.4761227646414,6.335729210869735,0.1798424226196765
2025-04-26 12:01:19.901925,23.04846903884817,68.57115633973419,231.4412611751526,6.607619298718131,0.06726875385952989
2025-04-26 13:01:19.901925,18.873761526118912,44.446806625245216,717.346936465616,12.359251080905203,0.1824719380713317
2025-04-26 14:01:19.901925,23.92196976708251,47.81459688171212,177.27879406093894,1.990898153830255,0.08454333153893251
2025-04-26 15:01:19.901925,25.441263480167358,68.13381400688613,668.698857163844,12.188741868657054,0.3595363771426825
2025-04-26 16:01:19.901925,19.222598210367117,59.795024406659124,597.0063638163824,6.216202891814037,0.30715261722129633
2025-04-26 17:01:19.901925,25.33132733390324,49.25333458165551,681.0580443288693,15.555898977875437,0.9132476228938645
2025-04-26 18:01:19.901925,24.434379972348736,58.21122182136757,621.6176747963472,9.225589362060862,0.026150931000427896
2025-04-26 19:01:19.901925,21.558721234788383,83.08290061771939,501.18460118087734,7.925821607076547,0.14977736050062793
2025-04-26 20:01:19.901925,19.048301444019184,46.28625758940282,753.4545128062432,10.764423849866041,0.23181295137747238
2025-04-26 21:01:19.901925,21.100710637091467,47.16349444741189,339.7474719089153,3.667584897866549,0.2838132284567505
2025-04-26 22:01:19.901925,22.569710411765758,34.30191444396862,529.4124365331812,13.604062356000439,0.21449047319720785
2025-04-26 23:01:19.901925,24.16235505851361,69.5251127593773,711.748948815155,8.639811147561456,0.04547147983543486
2025-04-27 00:01:19.901925,23.343110728868417,52.39143744330004,220.44466376538662,5.911918894454374,0.28448914709376694
2025-04-27 01:01:19.901925,21.875434569441726,33.86168848887372,623.7183538617315,12.196246406828566,0.16223109703608551
2025-04-27 02:01:19.901925,21.05579116068486,53.85406221612322,722.8750788986374,3.25564778612831,0.4509763127267622
2025-04-27 03:01:19.901925,21.857619761538263,74.68529172365143,575.018047664423,5.1918444834143465,0.07096035981789449
2025-04-27 04:01:19.901925,21.226475920200127,73.34967143505908,487.8758619147037,13.893521880547834,0.20933018465105518
2025-04-27 05:01:19.901925,21.06744899848766,64.87778026455531,32.595774833678604,3.478730770296478,0.2186198008411967
2025-04-27 06:01:19.901925,15.032828619394733,41.607444107316134,631.2219043540215,6.706255916838337,0.16666958806831345
2025-04-27 07:01:19.901925,23.2907539417051,79.05173854891025,445.12358783292837,6.281048279643712,0.029333470058927565
2025-04-27 08:01:19.901925,22.2045975833923,57.10731729938861,447.2424365256584,2.900593741261485,0.02694721289789125
2025-04-27 09:01:19.901925,25.896082886032485,58.37939273246225,232.38741838776576,10.008679668829014,0.3176369078437286
2025-04-27 10:01:19.901925,22.222231082478345,49.41190256438102,671.078434751722,9.743889469750767,0.03132073290817049
2025-04-27 11:01:19.901925,18.095726820334182,80.8812363767942,498.222698814763,10.369022085122243,0.18698339499027716
2025-04-27 12:01:19.901925,16.221361622930473,33.705700076713455,447.6413354742378,7.010622817828521,0.24222953310516973
2025-04-27 13:01:19.901925,23.30424223222314,35.43740611389084,706.3948932243682,12.040609321160915,0.15488651347464433
2025-04-27 14:01:19.901925,17.70824922855907,50.861414621061755,714.4662157804249,7.854264943413253,0.04534627860954852
2025-04-27 15:01:19.901925,22.84605403283757,37.40290119530804,642.6787740878581,7.402057261991609,0.30971561964806366
2025-04-27 16:01:19.901925,25.538408139963202,70.6207112617161,207.24626517892165,12.617668539959404,0.17096046682052385
2025-04-27 17:01:19.901925,22.35852480480401,36.334457669131,169.72895656311772,11.215867438574048,0.2028156104293248
2025-04-27 18:01:19.901925,19.187319893682083,78.00571743265724,517.7870472117313,6.826902848902268,0.024171362666311084
2025-04-27 19:01:19.901925,25.451917061104794,44.10625629964329,386.13879665582533,16.002915517293367,0.044689281776309306
2025-04-27 20:01:19.901925,20.162652058423067,85.35236164041608,222.72412386859253,17.547240279009603,0.07371761628030053
2025-04-27 21:01:19.901925,20.768145928059305,84.13207289821898,521.6181660953476,1.2919945256369294,0.09521246742013907
2025-04-27 22:01:19.901925,24.278983867654553,78.1401231375838,764.2549065347487,20.818188585273898,0.13950957156512908
2025-04-27 23:01:19.901925,18.509412406125275,69.5567159047191,686.6409659899693,9.526038161104287,0.06872471301073886
2025-04-28 00:01:19.901925,23.14939254540318,69.35763360548529,657.8818300685585,13.123303394032384,0.4181552272621731
2025-04-28 01:01:19.901925,21.62076398937867,85.51706576935848,417.87082365667345,8.12307997549333,0.02636512112038455
2025-04-28 02:01:19.901925,17.762147367007138,40.59146622751906,453.45363138332004,12.894653948256332,0.1425820392945319
2025-04-28 03:01:19.901925,23.86183724910715,50.34692194014312,654.1721525705095,11.51497434568432,0.05086532259680994
2025-04-28 04:01:19.901925,19.548476961789326,62.24341077352799,203.56566441305233,12.370279174057355,0.6491501663277071
2025-04-28 05:01:19.901925,21.55566040878497,84.43207704668627,145.84123751874847,15.966260570265833,0.19774871051814066
2025-04-28 06:01:19.901925,22.81781324606854,80.74827640595026,562.8175647258497,11.325074374499298,0.015767557759312965
2025-04-28 07:01:19.901925,19.78828957284529,33.187957154550354,264.7546886020166,21.53594721613314,0.05917879341172669
2025-04-28 08:01:19.901925,23.360182854929068,72.60628404593587,300.39646387678516,15.804719592750512,0.040716945894896085
2025-04-28 09:01:19.901925,25.397813706347236,61.32714079460965,700.7112172429968,7.2117222811733,0.0168850248757062
2025-04-28 10:01:19.901925,17.896114568161163,46.65193243474208,603.8473273892816,7.374677885156856,0.0919982232681268
2025-04-28 11:01:19.901925,22.308359620511514,61.71489759427894,858.6139406618948,9.695607785220277,0.36709790217375476
2025-04-28 12:01:19.901925,22.98939758069339,41.89383234410762,497.85975035188085,18.344401371540464,0.058552774633121724
2025-04-28 13:01:19.901925,25.798036606987047,35.782989239938715,358.70666401503144,7.683810083954116,0.24987353651997657
2025-04-28 14:01:19.901925,24.34491198888133,50.00960005004228,690.3992483288606,0.8533814974603049,0.04352675685591552
2025-04-28 15:01:19.901925,27.09114121317051,70.82384095430099,478.06699105864953,6.115363179665448,0.0041867366979442796
2025-04-28 16:01:19.901925,21.1088284625185,89.28579524274036,578.2220493049797,12.162259509276472,0.6888128901064436
2025-04-28 17:01:19.901925,18.431933906764474,81.32470088340781,145.89657341034257,12.618083899545077,0.13036823722267296
2025-04-28 18:01:19.901925,18.377843976841092,33.488538254206595,580.5980863306379,8.839028819030823,0.15414327813837117
2025-04-28 19:01:19.901925,18.24342298780856,31.546339942448288,430.1680285944789,10.612787949890913,0.3758782210746998
2025-04-28 20:01:19.901925,21.42862936226662,63.50259599241877,656.4524188678078,11.84016817916753,0.04299156206240304
2025-04-28 21:01:19.901925,19.196257354439567,39.11073252783784,453.6030930608624,7.4119116561240315,0.0869786483089296
2025-04-28 22:01:19.901925,18.729215978227252,53.87671169486133,215.42363163432617,5.556802053923013,0.457089931036903
2025-04-28 23:01:19.901925,15.143466163466107,41.25200089743961,808.4131729301629,23.20210570483395,0.6024950436233047
2025-04-29 00:01:19.901925,19.373180291686797,78.2712548703752,643.520732388434,9.0132610407435,0.05452100245215494
2025-04-29 01:01:19.901925,24.16543891108681,83.72116450512605,208.2126284653241,12.402390162222968,0.1264968805347688
2025-04-29 02:01:19.901925,17.818038577072493,70.7364326497912,718.7799255814356,13.860106933923849,0.06467104212759
2025-04-29 03:01:19.901925,21.57757436758782,57.54859568335573,554.6820214946115,7.351614048646065,0.054518827483937105
2025-04-29 04:01:19.901925,16.517801477550265,39.66404139984714,594.3975684611261,5.246998653370428,0.04925196091946937
2025-04-29 05:01:19.901925,19.01199909530122,53.513205740245766,805.9093830142465,11.224234632353461,0.004973361523855779
2025-04-29 06:01:19.901925,23.829390448640027,82.60022348075641,708.6581864705946,6.295038156995191,0.16777042677883613
2025-04-29 07:01:19.901925,16.954287266031727,47.45179731494639,625.3961155749478,9.045785928654643,0.02667572160443367
2025-04-29 08:01:19.901925,26.924454472077088,30.92570851729797,589.6574900851075,10.519001160707212,0.15251033738060632
2025-04-29 09:01:19.901925,17.703976117206253,86.6204886488237,216.3227400366943,3.654941539161871,0.07928725042458579
2025-04-29 10:01:19.901925,16.222628863580788,69.27019613733539,149.47136025166594,6.168511458178269,0.009057191939227882
2025-04-29 11:01:19.901925,17.54113864255668,38.943990453203334,937.782085612072,14.43719279419495,0.09727355229200751
2025-04-29 12:01:19.901925,23.93034102070003,75.35312108037907,561.8390273255822,11.735874655933245,0.03523132765506204
2025-04-29 13:01:19.901925,21.128712615400424,73.17599390171375,220.81229451006703,4.615424582662251,0.145175998721825
2025-04-29 14:01:19.901925,22.155542562104483,63.78183928052094,431.24021685181685,2.74464436411969,0.21389838363529715
2025-04-29 15:01:19.901925,24.16660173981596,51.61601301768563,503.8031753423154,2.0968102267902213,0.16581015075216876
2025-04-29 16:01:19.901925,22.66791629959813,82.25270226353416,455.20702445531595,10.07472549347515,0.15979399624930404
2025-04-29 17:01:19.901925,23.525651457260004,58.45815187129557,527.9922232366671,5.668287191929706,0.01732744854310929
2025-04-29 18:01:19.901925,20.40299327036378,64.85017094289796,757.4180351748649,5.728227388411033,0.2425509677807114
2025-04-29 19:01:19.901925,24.855519216495804,70.33597070300559,788.421203675581,7.299501929631655,0.11209526405098245
2025-04-29 20:01:19.901925,24.627026605103126,83.7507955419579,764.4926833334046,2.8684393894679565,0.1396829628916873
2025-04-29 21:01:19.901925,18.66301953109404,49.315929510676334,444.9420394594801,7.441344463393503,0.2640878692014769
2025-04-29 22:01:19.901925,19.711792259751213,32.81108929070586,508.5282024699051,19.921809985289663,0.07956360351181446
2025-04-29 23:01:19.901925,19.708351767065878,78.96234756057427,668.5611855680361,2.7790705062619288,0.005151129042134504
2025-04-30 00:01:19.901925,23.065955516657585,55.238873944576156,326.9134020468279,14.244682592513024,0.48149654623991395
2025-04-30 01:01:19.901925,16.082457718897736,77.69925036847536,686.1300855073848,5.578106743620037,0.06340477522764192
2025-04-30 02:01:19.901925,19.534882534559948,78.42040052009983,408.72367901825885,9.29298879956406,0.013611401502678692
2025-04-30 03:01:19.901925,23.22366149347356,49.03387209657136,536.0136438502626,6.7414185444587655,0.27948575741461434
2025-04-30 04:01:19.901925,28.10882515807775,46.3695061492191,412.94559711133957,9.89228380527885,0.45007365460841814
2025-04-30 05:01:19.901925,21.85373219410152,40.823863805251605,401.8889407592811,2.1596606475819593,0.730225547839391
2025-04-30 06:01:19.901925,17.94343126209462,37.21340751016926,2.9746383828373837,4.103104288373415,0.6171613383758764
2025-04-30 07:01:19.901925,22.506962023329717,89.12382310731533,447.80084798943824,2.279344819935235,0.21659097669927668
2025-04-30 08:01:19.901925,18.912331428733797,35.84512654072682,759.4772947072379,23.49524582356849,0.5661003756130224
2025-04-30 09:01:19.901925,26.314941199273836,49.54762114713219,307.8233534158512,5.403663374219297,0.2062489503240455
2025-04-30 10:01:19.901925,27.62642659047828,89.23792644515234,648.6701841690372,4.992996976082571,0.17484611297281105
2025-04-30 11:01:19.901925,26.739144453880083,73.38882111286588,444.0888335499797,6.859396144148892,0.00041098759896111164
2025-04-30 12:01:19.901925,27.645867211002514,89.53501580926996,565.0654698938675,4.254346301552108,0.48780432567482823
2025-04-30 13:01:19.901925,22.970613117628545,38.22723922987105,567.67506955513,10.294241419436545,0.1273783334239888
2025-04-30 14:01:19.901925,30.810067369060953,31.20411995184328,326.04882479622876,6.5857710957931115,0.010717009502501306
2025-04-30 15:01:19.901925,19.678940132580202,39.944836495548465,787.7983989675131,19.806798076274116,0.28350496519763435
2025-04-30 16:01:19.901925,17.55741700886484,88.95690603385128,306.98051115335977,5.405717759224649,0.35770952660552774
2025-04-30 17:01:19.901925,18.275891054156425,32.95844365112419,288.40783647906164,8.143023969750494,0.09489032889121468
2025-04-30 18:01:19.901925,21.869023412096794,78.66248515558824,496.5296729196309,3.643940106476565,0.14522201077221517
2025-04-30 19:01:19.901925,20.22553451358965,75.57914093661374,762.0069754069698,9.810557341283879,0.3296925205622106
2025-04-30 20:01:19.901925,17.89657622398966,61.71091323553004,534.420356507411,10.830643913959205,0.2106569300742924
2025-04-30 21:01:19.901925,23.42863682451861,61.29692669434257,356.4170747971209,1.7860905934606057,0.2963676486000843
2025-04-30 22:01:19.901925,21.664570436833497,33.6005367488048,491.36976815757953,8.187756655555576,0.10578531950853165
2025-04-30 23:01:19.901925,24.562742685945295,76.31010195690598,542.2046759955205,6.6006481097445775,0.3380271342651313
2025-05-01 00:01:19.901925,23.76950899336388,60.511531723162996,357.91860732757004,1.975331732198313,0.057276743609854255
2025-05-01 01:01:19.901925,18.8494940828066,85.7465945602761,0.0,5.54776076738242,0.40924571085886197
2025-05-01 02:01:19.901925,22.10544092327454,74.89238399252594,702.9455883749952,5.492377252512995,0.0027752211771221585
2025-05-01 03:01:19.901925,22.15734096683878,69.86853418225023,437.03617104100834,12.239091667952138,0.002364410189079353
2025-05-01 04:01:19.901925,22.99572753333986,38.05746784914055,479.81364894970653,10.89999433768421,0.14598578488294625
2025-05-01 05:01:19.901925,22.16601894806982,50.527844386471656,412.15816219086867,2.723033427172467,0.4539336038285267
2025-05-01 06:01:19.901925,25.02410511372808,85.89516356726703,425.4830188695421,8.246483390313909,0.1079809744647342
2025-05-01 07:01:19.901925,21.236280823985098,31.156746097185472,561.6331069446039,8.825256960353288,0.00525284377004968
2025-05-01 08:01:19.901925,23.263656192442465,59.531507374353055,592.3762910056677,5.07234149260261,0.15317593347646777
2025-05-01 09:01:19.901925,22.92273526522776,40.69013481405399,825.8683101816221,8.091793984780537,0.040461126400470115
2025-05-01 10:01:19.901925,19.239312118503562,70.92727779297168,484.66329593933546,8.862278942496092,0.5569238915480089
2025-05-01 11:01:19.901925,27.760434331744115,77.589594047026,655.7308615606439,13.843455890234102,0.08777811260639955
2025-05-01 12:01:19.901925,25.545234582071924,57.14199409597261,471.323906978689,6.32559729814963,0.022849045263957903
2025-05-01 13:01:19.901925,24.07808073645641,67.81330612479098,188.96036971567338,5.271328297124312,0.4350235198840102
2025-05-01 14:01:19.901925,21.616175437388982,46.755724766921674,311.9641036461721,7.964040927516636,0.22628207504964948
2025-05-01 15:01:19.901925,26.0912541292507,89.5430273848122,501.3055454264281,9.753732710717719,0.07858140896754912
2025-05-01 16:01:19.901925,22.914532387815285,42.265077586455845,810.7813207903025,5.285773363833073,0.1039677470404079
2025-05-01 17:01:19.901925,24.636171717977973,67.12597794098195,735.8011598486914,1.290953903904646,0.05472341214713176
2025-05-01 18:01:19.901925,19.030959114845327,57.840463119953526,507.62667007714987,2.803976662295122,0.005284475339447569
2025-05-01 19:01:19.901925,26.361359633731873,52.91442804622274,662.1078455226393,12.592465042298395,0.07908986963359137
2025-05-01 20:01:19.901925,24.013856354561415,45.05599979714517,505.1664144989664,13.503960412854678,0.014875052189732877
2025-05-01 21:01:19.901925,22.208246739763776,54.89750951632104,533.6299638965397,10.75225447517855,0.1672273579775906
2025-05-01 22:01:19.901925,27.88105773188569,40.64999735658676,298.77359271067115,8.160120720726185,0.10900961334775461
2025-05-01 23:01:19.901925,18.02362462763307,45.08443113586682,500.53256233571943,10.676037518806202,1.0560612897109223
2025-05-02 00:01:19.901925,21.80308195395311,32.50678118697357,655.5638483764449,6.736714924902546,0.09620031892670887
2025-05-02 01:01:19.901925,22.61166200579815,59.854944027040105,339.68127377666485,11.252344455719054,0.28628795461377265
2025-05-02 02:01:19.901925,22.068287328547594,54.20195682525363,298.87602993235345,6.359803604652614,0.007077036023453976
2025-05-02 03:01:19.901925,24.45791185335993,74.56166210495842,591.4855782006207,15.66344243717281,0.00925644636625436
2025-05-02 04:01:19.901925,21.18642161495411,39.13642413547956,700.7414688533238,7.403307192774386,0.062352526880722216
2025-05-02 05:01:19.901925,21.599331904430542,65.19289294542833,613.9988401330562,6.948699744164848,0.013611927620841548
2025-05-02 06:01:19.901925,25.05336411568353,72.62354672668275,845.8519228445057,11.662253248881305,0.06193621604437164
2025-05-02 07:01:19.901925,17.768172611868437,72.73028160180498,629.356014643696,17.599039018913444,0.3546648561955315
2025-05-02 08:01:19.901925,25.25131249981506,71.76135650597718,853.1408729761004,1.3113340645158578,0.2128705257885194
2025-05-02 09:01:19.901925,18.008781734877836,48.66913584246526,569.0866584184519,6.934351825022996,0.15798368989492168
2025-05-02 10:01:19.901925,20.333617707914023,64.81071802173602,694.0394074621552,5.793499092839926,0.14559479463472033
2025-05-02 11:01:19.901925,22.877216176233457,68.0398256829763,622.826646377838,6.408549208677611,0.09458032917261187
2025-05-02 12:01:19.901925,25.150335153807205,82.35799815566361,178.54970387265706,9.95793605797754,0.04484414935743243
2025-05-02 13:01:19.901925,23.007086217116047,64.03928824014393,243.97091087260986,5.525853083513041,0.0322251322607084
2025-05-02 14:01:19.901925,26.7208248756598,81.72205205197608,583.1262605368134,13.912640033902255,0.0018041896470085317
2025-05-02 15:01:19.901925,25.5114912234425,51.047678087253985,363.01632119415376,7.732168981270378,0.02717514257541663
2025-05-02 16:01:19.901925,22.72986446346774,80.70667669285095,354.6768689147432,4.9399012830065185,0.06190027127540733
2025-05-02 17:01:19.901925,25.80296799316687,67.99724318934659,749.9687767313429,13.268510787028884,0.06923314135937308
2025-05-02 18:01:19.901925,31.568644257899383,51.937016940834226,396.77882004455387,6.010590917479146,0.4391225196939423
2025-05-02 19:01:19.901925,23.17182352029037,66.35898393243455,0.0,7.895553857021403,0.10928614710684365
2025-05-02 20:01:19.901925,26.146882487593498,38.86535364744597,764.4571530383682,16.845459066828592,0.13427748026485212
2025-05-02 21:01:19.901925,17.110195691752953,70.69281794874924,520.467813473102,2.245096114280427,0.5581377472603974
2025-05-02 22:01:19.901925,21.33974738666471,73.09734492049404,698.1908167479405,2.483170767720367,0.037426890262696376
2025-05-02 23:01:19.901925,22.734299299509278,57.42067509282849,622.1707533533978,13.02692666978459,0.7044032006001233
2025-05-03 00:01:19.901925,23.466505591574716,72.46149088755473,771.1725103173926,13.31788118677045,0.4275855803180615
2025-05-03 01:01:19.901925,17.380410878433082,62.48937911298216,386.3704394989504,5.06527518448059,0.22375646726067466
2025-05-03 02:01:19.901925,24.66525813913889,70.42334167902395,411.9912084383292,2.92965607673453,0.22177623443162303
2025-05-03 03:01:19.901925,27.489848166980376,38.645638031220386,529.073359325656,5.674019192135028,0.0949560652498849
2025-05-03 04:01:19.901925,23.89811283944562,75.06306613207835,555.1532028317756,9.042601188478494,0.5472897099230671
2025-05-03 05:01:19.901925,21.11205157774673,40.376935128031676,443.6945104980878,2.356774974320637,0.12256770724108224
2025-05-03 06:01:19.901925,18.33998649667155,40.9060981933123,386.65266476412046,14.634867660150466,0.002892883410271816
2025-05-03 07:01:19.901925,21.162818142140058,36.49474352152001,141.02663952158667,12.434013530344131,0.16389043568335068
2025-05-03 08:01:19.901925,23.97319783590017,51.603281868808835,648.0200092552407,0.6935234551657805,0.1728433352643397
2025-05-03 09:01:19.901925,23.620582223772562,36.82620524407537,724.8814334566047,6.11106142022538,0.10428696944042555
2025-05-03 10:01:19.901925,28.424733719662385,75.9574344144651,561.9464514899435,10.883134957763074,0.31202419497445355
2025-05-03 11:01:19.901925,25.790900400535,49.77125264496489,411.8680162646215,8.77300706716256,0.0731146797914119
2025-05-03 12:01:19.901925,22.50501565811956,69.80480147593939,585.5331715150276,18.651079458065794,1.463879821756993
2025-05-03 13:01:19.901925,24.177292187541568,38.77005457319717,546.805001291024,1.0958615022650493,0.04517640508850049
2025-05-03 14:01:19.901925,22.77868279508736,76.13947069448645,428.1189404955979,13.376680632391054,0.08996431357092499
2025-05-03 15:01:19.901925,23.730194567895065,43.21337233176612,432.498135303683,7.552465045532109,0.5577721371837671
2025-05-03 16:01:19.901925,24.6556344136537,80.34424106108132,395.85125061972803,17.098388453967175,0.2669976481019877
2025-05-03 17:01:19.901925,20.211414659041097,62.67178658850355,459.50735882611997,8.595081809433578,0.13984672076563573
2025-05-03 18:01:19.901925,28.36022975683217,70.2079206299066,612.3226959959346,7.439597959850586,0.1373866291465245
2025-05-03 19:01:19.901925,29.47678756297606,43.555940289056764,993.1663065740806,14.504605988258978,0.31247941831838116
2025-05-03 20:01:19.901925,21.107886972900765,89.81879655240894,802.874292391159,15.351869767820975,0.13067973735590077
2025-05-03 21:01:19.901925,26.023813716036216,47.029413223885115,471.03140477095945,1.851952434923097,0.14518994345643094
2025-05-03 22:01:19.901925,24.231211464957987,45.57398462662941,443.98108275823876,7.5583839672964945,0.40086813332897125
2025-05-03 23:01:19.901925,28.25583568610402,54.83863515078809,967.0033712690681,10.127664469449257,0.2145216530575909
2025-05-04 00:01:19.901925,18.25825127663041,37.762747892576044,457.4554686122301,5.971131001616196,0.2858186522591992
2025-05-04 01:01:19.901925,25.23248275159725,32.458641327163114,603.7927785843792,15.949502079855948,0.9010531627594928
2025-05-04 02:01:19.901925,21.42614572859328,37.41573162777227,382.0955106599632,5.466863292052527,0.10310364855758303
2025-05-04 03:01:19.901925,24.764670296713266,80.53085919278733,305.5627974933308,9.15878451832244,0.015403039645707526
2025-05-04 04:01:19.901925,23.07656883515676,62.481533867783824,549.0239184964,13.152557652677743,0.15666354794397525
2025-05-04 05:01:19.901925,21.243821121902602,82.03948470209794,475.3552776569014,17.088359207916316,0.06776986676842311
2025-05-04 06:01:19.901925,29.371962478164733,41.831552306948296,436.63941852092483,6.344499918668568,0.017129768696790795
2025-05-04 07:01:19.901925,22.011775376152812,51.69854016968323,364.3311952335484,12.221708848521844,0.4127869194986893
2025-05-04 08:01:19.901925,21.64339925683373,71.06218648364293,398.2268963315759,13.901597784824403,0.09451696745866822
2025-05-04 09:01:19.901925,25.621084848245992,66.53734329358993,628.463198308792,6.082080070604762,0.4620149740316699
2025-05-04 10:01:19.901925,21.209794919964665,86.22868381187804,403.30789768010584,8.072913121795246,0.6529122609261102
2025-05-04 11:01:19.901925,30.436091064161648,89.979186064669,428.38284918403616,6.794393163426195,0.03849654120601474
2025-05-04 12:01:19.901925,24.255111694360988,54.673108221006636,765.963746411749,7.870810497112694,0.4405882511813478
2025-05-04 13:01:19.901925,22.82947997630946,71.73453608937618,216.37853685921363,11.768192610717925,0.14976255945656322
2025-05-04 14:01:19.901925,21.574718768761013,46.72777403426798,488.45198207946436,20.76882978431133,0.11408475761670406
2025-05-04 15:01:19.901925,25.003881138145932,78.29834595523215,668.5111947633671,13.307001121218372,0.29786149996834116
2025-05-04 16:01:19.901925,30.20764554047851,73.81830655058575,630.1464928178183,13.040333100735523,0.0773355991009201
2025-05-04 17:01:19.901925,21.618110303568137,38.48964514636519,297.38139182118346,8.966881144171234,0.21958339631204274
2025-05-04 18:01:19.901925,20.207864985314338,70.00601671970942,595.0527754947649,9.972414059717513,0.09702774805528261
2025-05-04 19:01:19.901925,24.080907736833744,44.094579842065016,223.8379365311239,5.523647472632989,0.06993675127561998
2025-05-04 20:01:19.901925,21.53362340250648,42.19089720560564,447.4490156481052,2.5902528665987252,0.059546953446383444
2025-05-04 21:01:19.901925,25.459633948962328,46.705040234531396,452.5276317390659,6.746740845344035,0.056031735589244826
2025-05-04 22:01:19.901925,26.87137806934777,81.08884338665128,484.29531695156305,5.868445465986318,0.09083599801511916
2025-05-04 23:01:19.901925,20.869613751713363,64.80841935631503,205.4265751844191,7.170808631355154,0.027586371797134662
2025-05-05 00:01:19.901925,22.778454735872785,59.45873157011969,336.9093650537129,13.52378022762718,0.028751382796840193
2025-05-05 01:01:19.901925,24.76417866749659,65.03085104239312,373.9007974056339,9.683532381159456,0.09552383210645995
2025-05-05 02:01:19.901925,23.763995871937986,38.24647917407825,649.1893841265988,8.734380596771322,0.08065759524218709
2025-05-05 03:01:19.901925,26.05941653705132,43.02146190505263,526.3271593525559,11.82139194435865,0.04176963133724804
2025-05-05 04:01:19.901925,21.962411091700897,35.853950015930096,704.8842019550584,15.697238289541422,0.08464710377889395
2025-05-05 05:01:19.901925,18.574870949435038,54.25524815499413,164.13400934756635,12.442189186901402,0.251649300529504
2025-05-05 06:01:19.901925,22.030130847516745,44.423549044660454,323.71785241545626,8.946346909112293,0.37804100557366493
2025-05-05 07:01:19.901925,23.19888542923319,81.60529574558414,445.1201812184463,15.328184256213657,0.06267763517222273
2025-05-05 08:01:19.901925,25.300600521370644,45.51661093084316,431.3837937310303,8.129598034458775,0.049436076244314675
2025-05-05 09:01:19.901925,16.32945882709693,67.95030014957251,438.82917512156473,2.241873057078709,0.03314321603577209
2025-05-05 10:01:19.901925,24.21969316184204,61.254529027265704,423.4724101694609,11.106804345728749,0.1612914071279679
2025-05-05 11:01:19.901925,24.66460509568691,83.37879277557319,982.9500133337381,1.7644596371210355,0.14008379477082036
2025-05-05 12:01:19.901925,20.59532931758755,53.56525565318826,225.1665447566388,17.311201440264952,0.18264267360729014
2025-05-05 13:01:19.901925,24.43834672569993,81.72206952559728,570.3024608130917,2.4361227252285635,0.08315424121679384
2025-05-05 14:01:19.901925,22.95528437752379,48.01852483058039,450.18753400083415,7.889296490186807,0.022744843057339023
2025-05-05 15:01:19.901925,22.30553977301575,73.50947311348645,394.3847337500542,7.44524860267542,0.0973042186113959
2025-05-05 16:01:19.901925,21.715685542981756,56.351486704437626,402.07333626322725,12.969328662699969,0.23159635087205555
2025-05-05 17:01:19.901925,20.447934841076076,72.54627392263137,385.58943573572714,8.919918721573652,0.040781024975357016
2025-05-05 18:01:19.901925,22.475571255353323,33.9315265803342,346.08184781516616,5.89572831528514,0.049700030277900833
2025-05-05 19:01:19.901925,22.927072022282967,35.64846262068077,332.0407860450967,4.961364649182157,0.2169738086514694
2025-05-05 20:01:19.901925,26.76860498998814,85.22808578502489,838.5195798864286,2.193494567142846,0.13446378226492958
2025-05-05 21:01:19.901925,25.463529188100452,67.847148978431,436.74424659295664,3.335840310051041,0.013378541772833397
2025-05-05 22:01:19.901925,22.01944931082163,70.16687368255677,666.3601732919908,8.798900974708443,0.2761300728045809
2025-05-05 23:01:19.901925,19.019943037127604,65.92038802043069,615.822290395503,8.891914944352383,0.1794724894029676
2025-05-06 00:01:19.901925,22.181942068291306,49.84919795956047,532.7285554885575,11.505247140304036,0.26199674067706125
2025-05-06 01:01:19.901925,25.4540698305934,37.73237219879826,792.4545882713305,4.005083223325816,0.15548600266791038
2025-05-06 02:01:19.901925,27.421802749051643,43.11547908975633,657.6536566941127,17.865710185270068,0.1194119684475829
2025-05-06 03:01:19.901925,28.201280751704495,84.03727921569117,424.4282996460589,13.081574254733404,0.33562967944096544
2025-05-06 04:01:19.901925,21.43792473670212,82.20096386843562,26.94402699494026,15.780054197489456,0.32371247286327226
2025-05-06 05:01:19.901925,20.903219404043025,55.313826473626214,572.2281988479591,6.868072049505597,0.1669922374731824
2025-05-06 06:01:19.901925,21.49480179957118,44.9065079233161,267.7415052186569,6.4655207984037855,0.174454904898296
2025-05-06 07:01:19.901925,19.347587233704807,35.834269221525595,284.8993266198564,9.30779340991588,0.09003113814821981
2025-05-06 08:01:19.901925,23.3533703369804,61.58118243017249,341.7670198347395,3.4594343926663846,0.12324850822279859
2025-05-06 09:01:19.901925,25.16429571066722,59.06450179845356,467.19186127165693,2.273680149020744,0.034302258274875666
2025-05-06 10:01:19.901925,26.42622563040841,82.993426356722,426.66968070457665,4.4774010039964285,0.027082689105514864
2025-05-06 11:01:19.901925,25.222926127797308,86.1012769940557,966.1355520961797,6.014504867188913,0.08157375410706648
2025-05-06 12:01:19.901925,28.16244076070247,52.3812315033377,417.6521187524638,1.0968573521668277,0.8149907390536127
2025-05-06 13:01:19.901925,19.224968018075877,53.393867612963234,477.73674373377185,6.561332128693687,0.05619849860780212
2025-05-06 14:01:19.901925,20.76636915581173,81.37252034831212,0.0,20.16265949128211,0.11016155878707401
2025-05-06 15:01:19.901925,20.8591153278232,75.24041656363046,729.3735468608124,9.25723281572227,0.14495516310480133
2025-05-06 16:01:19.901925,24.885805917950574,59.34008134652973,603.9427295819014,5.5482843616591735,0.24620133102906575
2025-05-06 17:01:19.901925,24.08016081747153,53.93452519647784,528.8820711859438,4.545155766180266,0.17139683943911388
2025-05-06 18:01:19.901925,20.194459405919737,56.461254839818096,608.7092008118036,4.683201970415596,0.19356466797990238
2025-05-06 19:01:19.901925,26.548340453084347,89.09729389521726,184.96592426129433,5.355139860181706,0.6288871537665792
2025-05-06 20:01:19.901925,18.488535797580212,46.16314625663009,298.7567160618709,7.411641911194112,0.17704359770762035
2025-05-06 21:01:19.901925,21.71139614369783,87.8400305124716,983.2396999654285,3.742706721704774,0.008875406514186791
2025-05-06 22:01:19.901925,18.29048276647307,58.99322306044874,352.97772607323213,8.450246006774675,7.02973050372124e-05
2025-05-06 23:01:19.901925,27.44064617371433,89.45304032214531,647.5136641817189,17.507623176538047,0.5544383399740028
2025-05-07 00:01:19.901925,28.616236198964295,66.2859017284614,687.3324579442443,6.53540395166058,0.09641120440697543
2025-05-07 01:01:19.901925,23.14632773359998,60.33614772713056,579.9313213447824,14.372327156895325,0.04410179411174171
2025-05-07 02:01:19.901925,21.33927684497487,44.4914386373007,666.7354552729212,10.092623966418104,0.006945231461506023
2025-05-07 03:01:19.901925,24.897970215550504,80.45381116485774,486.26584783419645,5.551027053496815,0.2735558485918715
2025-05-07 04:01:19.901925,20.295594012044955,87.85590522950639,379.4828361809357,12.653631584155956,0.1039276764915787
2025-05-07 05:01:19.901925,23.865991328896218,78.45309003855095,385.7006648234703,5.107917939833179,0.13012693124882485
2025-05-07 06:01:19.901925,24.306806726523394,84.40399400552215,309.4282208651282,11.841439423306689,0.06889073225095738
2025-05-07 07:01:19.901925,27.402401732426668,64.66474170894502,718.2079949903316,12.7459065572367,0.40879640061302525
2025-05-07 08:01:19.901925,22.701172271495196,70.03209716305142,351.4104359746331,16.420773447672396,0.08573787852500697
2025-05-07 09:01:19.901925,22.547331282242027,84.93425124349599,375.50819321742586,11.762304549722352,0.10401370234040824
2025-05-07 10:01:19.901925,27.687525234831107,82.27427425188918,466.69304411646954,14.754080721195944,0.0050562360277977975
2025-05-07 11:01:19.901925,26.881113862072457,88.19826875091792,434.50491089336174,9.614391480362825,0.09546403225621475
2025-05-07 12:01:19.901925,25.163882142535613,66.92840729338442,519.2475883749905,15.201429436050057,0.03832815105344567
2025-05-07 13:01:19.901925,26.89835350956317,52.42141861683197,283.89496751675927,9.801668891046408,0.0636922870333002
2025-05-07 14:01:19.901925,27.990872611938343,70.62093244641699,899.1758961815628,10.072500946991331,0.006149514765344166
2025-05-07 15:01:19.901925,24.49844160298952,43.71465051303613,370.9573524203127,6.874157985281872,0.390246842842648
2025-05-07 16:01:19.901925,27.28335668037891,32.23833663596648,71.9312921781625,1.9130836067255597,0.3234931347268819
2025-05-07 17:01:19.901925,15.13466572794413,68.65570659550139,228.70097115910733,7.302776586188231,0.01756014584462737
2025-05-07 18:01:19.901925,32.44463380614775,39.99439555298636,634.1092591414383,4.732322166990558,0.1649240854128051
2025-05-07 19:01:19.901925,26.65590020824613,74.78388382206444,589.7312420981627,4.663632567671857,0.06887761468876936
2025-05-07 20:01:19.901925,16.70761450972882,71.40699640795881,559.6690879611095,11.34051432458022,0.008519746700732841
2025-05-07 21:01:19.901925,27.75404312505121,36.99955531866726,679.4278291803043,3.030633670968804,0.017991829246958784
2025-05-07 22:01:19.901925,23.102936249427188,44.59998286718546,583.8986725766297,5.107548686809734,0.28001016879933005
2025-05-07 23:01:19.901925,25.648934705529133,76.0613757572527,630.935032512324,9.19776734462981,0.07454644280344601
2025-05-08 00:01:19.901925,22.21822802556948,86.77016233709129,360.0347914811658,2.698116828958239,0.06932913021309821
2025-05-08 01:01:19.901925,26.964668500636407,55.815722234876475,517.4412232981792,18.588630092964184,0.3167995947300537
2025-05-08 02:01:19.901925,22.236788910652088,83.11153277125682,237.59923019111335,13.662568240017787,0.06960284143060856
2025-05-08 03:01:19.901925,22.691906482667957,74.40781756053507,489.1282201627211,14.619637948426007,0.5900944058906676
2025-05-08 04:01:19.901925,25.1017103114973,83.91044764539365,291.8767975171919,9.168555616411028,0.4064915747273172
2025-05-08 05:01:19.901925,28.0861507010157,60.740766386636025,433.4057658579362,19.476022173892876,0.042419700051179135
2025-05-08 06:01:19.901925,22.990892153910007,47.17799491454481,417.71588314387157,9.672192155223629,0.060128105588270565
2025-05-08 07:01:19.901925,19.15990450652003,33.22976294658608,925.0454520548755,10.251500323809118,0.0725835594970918
2025-05-08 08:01:19.901925,25.50585574192464,68.38362124754968,729.2468272555213,3.4320304033358395,0.2349527899667066
2025-05-08 09:01:19.901925,18.606942436314515,63.77170068407274,776.3941107597384,3.6185097347141437,0.022903597061003964
2025-05-08 10:01:19.901925,24.815708628454118,42.11054900641831,735.0276616429546,19.02181256565015,0.6235788095294232
2025-05-08 11:01:19.901925,23.308817551723692,80.77032259531612,333.5124473587377,3.9630615256145507,0.010231082949404627
2025-05-08 12:01:19.901925,24.50008804570708,41.050551701708144,656.8171614161175,19.55582412650991,0.14494083934933855
2025-05-08 13:01:19.901925,24.63112288166574,79.32535461799006,738.4048843270439,27.01812912768971,0.06441591388447188
2025-05-08 14:01:19.901925,24.630631599773327,60.97232596469051,454.2687918203531,13.254619574245627,0.5643905273027545
2025-05-08 15:01:19.901925,27.228326843422842,64.85430240333966,759.6434729349612,10.77339663051176,0.00144534264152745
2025-05-08 16:01:19.901925,20.30520727920364,66.50514955663482,578.9416164748596,5.636524730197663,0.10637216834504154
2025-05-08 17:01:19.901925,23.230931000282485,44.09625777972636,683.5880780275982,3.663889982394162,0.278969450490725
2025-05-08 18:01:19.901925,21.73948867593806,33.62747625752651,433.328597808147,9.304799316955311,0.012874154345085584
2025-05-08 19:01:19.901925,22.796174636951648,69.49814357414093,840.8561150162466,10.654316753270095,0.036802113711640244
2025-05-08 20:01:19.901925,18.774838932922446,31.373222897691946,499.5048179790846,9.077968581131552,0.23128895709538955
2025-05-08 21:01:19.901925,20.518966046398003,59.57817339994784,747.2056537538732,7.971620236570965,0.17679525063681373
2025-05-08 22:01:19.901925,18.274185829537775,77.97386459922436,226.20149981420496,11.649391743224879,0.0036604002548581063
2025-05-08 23:01:19.901925,19.522411998968067,50.24617069386623,326.77498035158465,7.087917906629877,0.11415408034921588
2025-05-09 00:01:19.901925,21.191941935761097,88.84444649602295,340.72789017437157,2.211908504619516,0.4039188114808388
2025-05-09 01:01:19.901925,24.977039258517046,58.15410809211405,225.89461248311108,3.7833424415603827,0.012224030947624651
2025-05-09 02:01:19.901925,19.82670843215527,42.4363652635788,620.0406875796109,6.221168104771487,0.7214539426547092
2025-05-09 03:01:19.901925,23.632573534661585,63.65076644119388,587.8158644144164,9.267755951936952,0.12776422382425676
2025-05-09 04:01:19.901925,25.905682244167995,51.09517376209257,444.5205971305641,10.887345377518965,0.30003407334714827
2025-05-09 05:01:19.901925,19.9703422073871,70.10781328912809,438.5569408973686,14.417160972394093,0.007926082661938748
2025-05-09 06:01:19.901925,27.388966966498433,41.68560072116578,391.3840474324778,6.530283337844995,0.18972547506692172
2025-05-09 07:01:19.901925,20.544522290677698,36.543868757211435,673.4095407892398,5.128562713292491,0.18571765176239075
2025-05-09 08:01:19.901925,20.56037589666159,34.3187024116813,439.7194870565585,9.07683239685148,0.5409829805620008
2025-05-09 09:01:19.901925,27.268959543370272,36.477704848512055,326.75812588613496,15.577751439070076,0.007719625533502689
2025-05-09 10:01:19.901925,22.979032057859225,53.367209788001944,328.18129866379235,8.544461975711027,0.056961196579761134
2025-05-09 11:01:19.901925,24.645438272572523,88.23863294762516,543.1613951995415,2.5456955292226366,0.03403365611707475
2025-05-09 12:01:19.901925,25.105424711559376,87.57668392549502,855.0789092655411,4.051060789091284,0.17285950605862765
2025-05-09 13:01:19.901925,26.57535929407801,46.29075532562339,578.4038007218596,10.41491225263284,0.14526265696302396
2025-05-09 14:01:19.901925,24.54866756817513,88.20191068437114,584.2286761716757,3.054195609541028,0.0456117625601985
2025-05-09 15:01:19.901925,23.257244359333868,50.27297091929604,428.0533309419429,9.391169857052036,0.2197397364322837
2025-05-09 16:01:19.901925,27.948520485740474,54.188576865307226,256.86618437499254,4.322537164184773,0.14470444527809684
2025-05-09 17:01:19.901925,20.052295129326538,65.9872638738263,136.14752753838837,2.2884347184594813,0.04564063323836836
2025-05-09 18:01:19.901925,19.633059150032253,35.32647227301981,476.6304887344958,12.748002732469745,0.19197848997252734
2025-05-09 19:01:19.901925,24.3340661601666,54.54276800280326,393.37529622515734,4.249817366131088,0.17655789087393708
2025-05-09 20:01:19.901925,24.532260727895842,34.30627341994334,905.2038918783367,6.38482846661881,0.732218108128704
2025-05-09 21:01:19.901925,24.1865392665497,65.76409238261618,346.6752914231487,4.861413401700836,0.2350767382620893
2025-05-09 22:01:19.901925,17.625928142979838,73.41087461975691,290.7283032247418,8.67331726310028,0.10031285628067335
2025-05-09 23:01:19.901925,25.256502543688157,89.86275292059125,495.9090550450857,17.911193393933836,0.10797761692587282
2025-05-10 00:01:19.901925,31.508953864701233,78.44845517882484,467.9563881701851,4.345033123003036,0.0763986969012226
2025-05-10 01:01:19.901925,24.720277955039947,79.21325524148712,572.6398103456042,15.551646876821923,0.07127950423371883
2025-05-10 02:01:19.901925,23.827435285976808,33.21773824548907,631.3673179041427,0.2951523206670395,0.009106863339250494
2025-05-10 03:01:19.901925,26.171663129368103,81.41310039147032,1209.566275194109,12.57463370294668,0.20879215674920945
2025-05-10 04:01:19.901925,20.249011082836944,39.34560524543201,559.4272663161493,7.049593665279463,0.03241369656422812
2025-05-10 05:01:19.901925,27.809534462378892,59.98106186352391,237.31211589540038,16.565566857107825,0.13931540780784363
2025-05-10 06:01:19.901925,26.356726587375867,33.438095447136845,363.86299606980833,5.617690195305739,0.559971666901017
2025-05-10 07:01:19.901925,24.837898633511394,80.39221683377383,385.17290765458944,1.379386232707289,0.10594224391144165
2025-05-10 08:01:19.901925,24.58041867877592,74.48670914460948,316.0364062789647,6.3514832218064345,0.28227258335772454
2025-05-10 09:01:19.901925,26.735104906718835,46.94696624387197,467.4569571022058,11.097399106211643,0.2718021334553344
2025-05-10 10:01:19.901925,22.84012154004525,40.92783824222803,253.14184903905957,9.313625889139121,0.049317467661596295
2025-05-10 11:01:19.901925,27.547279392580776,57.127156098743434,750.2332831021447,4.548207852865378,0.011355199782414562
2025-05-10 12:01:19.901925,27.300593307470983,65.89770932584504,415.62558222936565,3.9679860420248314,0.20350966041530005
2025-05-10 13:01:19.901925,25.53834100831607,74.96988325945645,606.8101401842005,13.518646167327532,0.024956655456948917
2025-05-10 14:01:19.901925,24.61788179448063,71.30433169209218,472.56427279167553,8.357242379482297,0.0018573372943944022
2025-05-10 15:01:19.901925,21.11953374560626,65.66637886686456,467.6151815471369,10.197319869154406,0.026594572590924355
2025-05-10 16:01:19.901925,20.26074029596608,31.647003808106934,703.8503851629143,18.235110414241806,0.03986064639994108
2025-05-10 17:01:19.901925,24.208318308769133,35.34234077711828,397.7326010822359,7.603463401382432,0.2116418745947416
2025-05-10 18:01:19.901925,17.248751350671128,37.881205347193344,835.5202473903528,11.027504163954022,0.11748746188780307
2025-05-10 19:01:19.901925,25.48072031453084,67.75444084225725,610.552265490808,9.239073541967405,0.14426249909373678
2025-05-10 20:01:19.901925,19.27221198646829,49.88269007680547,591.0004286751451,10.182309545879972,0.12000884559050239
2025-05-10 21:01:19.901925,29.35035473261162,63.42832461469749,410.08210169256733,12.567786852034462,0.5306954311584298
2025-05-10 22:01:19.901925,23.286994868879624,31.46306140293975,497.5164455811624,8.482589652778794,0.3031170885476622
2025-05-10 23:01:19.901925,27.257028067969387,63.346369283962545,813.2601256574746,7.715779139849101,0.014642824127101864
2025-05-11 00:01:19.901925,24.538888456238737,50.8262525172144,221.48024892761953,8.669263300786401,0.009404789685028088
2025-05-11 01:01:19.901925,24.860011470656403,76.07410050404462,697.0338096219159,14.889452430572383,0.44131781455467467
2025-05-11 02:01:19.901925,24.250062867681088,83.27427388555324,189.79231366895243,4.183351854863719,0.15902479292215008
2025-05-11 03:01:19.901925,27.854144909370895,59.55579520674495,333.3438650849945,12.156367910591289,0.015455626949450192
2025-05-11 04:01:19.901925,26.87327062831099,48.17531304182658,267.74371095093636,6.976698956329496,0.012380338451987733
2025-05-11 05:01:19.901925,24.376765473862093,40.548830666353055,313.8181696081904,8.870659249884827,0.12773741221909382
2025-05-11 06:01:19.901925,23.63208734066138,70.85190245598247,666.934475591758,11.02582001847021,0.7448499668108415
2025-05-11 07:01:19.901925,21.559886900977165,41.78103047403142,614.2677452477473,3.1198164402082487,0.46377286626856606
2025-05-11 08:01:19.901925,24.223910084612022,85.44717299606265,122.11843805514735,5.5997916993249905,0.0024612403258191338
2025-05-11 09:01:19.901925,19.441819426791206,63.97612720114008,768.5268932261563,5.391362140020032,0.03750501596588183
2025-05-11 10:01:19.901925,22.327308070575455,35.08629849179965,474.69569774282854,8.711689263964303,0.4129221104296413
2025-05-11 11:01:19.901925,25.993045292270697,75.67954344886641,326.69351706221045,7.750433203622999,0.2264517161285257
2025-05-11 12:01:19.901925,24.105763149661605,31.821470318487368,396.45207744690475,15.57094903751141,0.29518476130371163
2025-05-11 13:01:19.901925,27.60769695610543,81.1219851980976,598.0018163637776,9.94447071530232,0.12392330965303403
2025-05-11 14:01:19.901925,24.295713148034398,31.107122954037884,480.5137643060691,2.680860239695823,0.2982584405484144
2025-05-11 15:01:19.901925,21.767095506894602,68.33877822040928,753.3486783956437,10.064019467636367,0.0825155937838529
2025-05-11 16:01:19.901925,21.034059704556846,84.85770328598002,214.36904491414145,11.63424893464703,0.10160855811051764
2025-05-11 17:01:19.901925,26.193400874916293,33.23836777254186,145.09418993695442,11.027844984609105,0.3208455030718613
2025-05-11 18:01:19.901925,28.029646618537203,44.28081739330945,605.6481295126702,10.799602285639063,0.2963094949266862
2025-05-11 19:01:19.901925,25.01694869226465,61.74798319830614,386.1487014434381,11.163022556572717,0.24685797543471732
2025-05-11 20:01:19.901925,24.452906986646198,56.33447286248257,591.1630748915937,3.866754868203648,0.23623047840041395
2025-05-11 21:01:19.901925,25.941550041499966,44.41968590193818,307.3278223434951,6.8898056391282845,0.02114864904445599
2025-05-11 22:01:19.901925,29.962137700972214,31.468990208901705,533.0875101756199,14.939939745682839,0.49513703375454976
2025-05-11 23:01:19.901925,24.841679282449178,49.92946091589651,405.08316786195485,11.188465190786784,0.141503317621893
2025-05-12 00:01:19.901925,19.049559546480687,35.62578241767983,825.3977521771285,4.715140050861974,0.2027940876017391
2025-05-12 01:01:19.901925,26.396260120584227,35.45993465408348,813.4047042377247,5.388591044131406,0.35375614762649393
2025-05-12 02:01:19.901925,22.005500225157476,59.616960452594704,588.0149219228447,2.62984483349334,0.3975143722751104
2025-05-12 03:01:19.901925,27.185236971976796,45.16952365766549,654.0183200838904,9.999348061323465,0.026230965834064535
2025-05-12 04:01:19.901925,23.578608320780837,83.32723819440886,736.0709445382431,6.430372280532469,0.022455689975717945
2025-05-12 05:01:19.901925,24.070491039291838,45.39378705794892,162.3825616810206,13.48357576299673,0.1540885785196518
2025-05-12 06:01:19.901925,25.894214699168497,33.9987735891287,523.3946510718376,14.356554253414455,0.16962869345249673
2025-05-12 07:01:19.901925,23.10015281657812,87.43995723870661,660.2663634567741,2.149635216812042,0.5820182677961449
2025-05-12 08:01:19.901925,20.62666809166619,39.68734874653181,604.5019058620583,12.331772118186864,0.11649818497925786
2025-05-12 09:01:19.901925,26.537783276061287,69.09274155661117,326.7272482519738,4.1471498531982,0.06723854081063357
2025-05-12 10:01:19.901925,26.803126972625563,37.29339531523904,142.4651568721764,9.427037487962412,0.12129151633157272
2025-05-12 11:01:19.901925,30.836172345068412,31.257983673688074,734.3131171333146,9.844063262507936,0.7331337032724896
2025-05-12 12:01:19.901925,25.951859945147042,46.00417202951049,472.80022135716274,4.787828823706644,0.05959022825788938
2025-05-12 13:01:19.901925,23.633342470315743,37.87050303877254,692.1039937769119,10.859846478119906,0.6755917951806635
2025-05-12 14:01:19.901925,25.886638643723924,51.3027599025629,131.62599171053404,7.182666302142313,0.33482835116655596
2025-05-12 15:01:19.901925,23.11996515410999,73.83729812570154,349.92302672209297,9.337655482117738,0.07247087003911348
2025-05-12 16:01:19.901925,23.14086974615664,80.77020203953994,489.6352811446891,10.532417661934678,0.04822425769570213
2025-05-12 17:01:19.901925,24.64307585359303,47.50129828597211,320.84380800481904,15.085095486894902,0.2091230135981466
2025-05-12 18:01:19.901925,30.768539206283272,80.24359272054267,562.608961663703,14.661584706243314,0.32595262609918113
2025-05-12 19:01:19.901925,27.853955235319184,41.464141976954245,288.4504363506427,17.827286437506984,0.1861709883552445
2025-05-12 20:01:19.901925,30.64562669399005,57.418188666651794,327.45802587361635,12.195251515883559,0.04451808055602263
2025-05-12 21:01:19.901925,23.449046985542726,88.7848449746071,642.042236246841,13.446446783572863,0.42992105690852683
2025-05-12 22:01:19.901925,29.584381087092723,33.644860776916495,450.15786595704645,13.788118610801707,0.8611606596292529
2025-05-12 23:01:19.901925,25.804993057413682,41.42122923738518,722.5839846412521,13.018020078825474,0.11597298671742694
2025-05-13 00:01:19.901925,19.290153210745792,87.52334047752507,845.1460059510031,6.677793747168636,0.3547869564727903
2025-05-13 01:01:19.901925,29.493846657098782,62.17431311803185,517.3631906501456,15.694535315277218,0.019992112165124025
2025-05-13 02:01:19.901925,19.159418100057007,85.89107619934248,776.5940723988601,8.41705683198187,0.2227669204324427
2025-05-13 03:01:19.901925,27.11360072459279,55.261228079879956,356.29176384135394,7.401695268602494,0.23756087978747442
2025-05-13 04:01:19.901925,20.584325292543028,33.835005246832495,639.0074581629841,12.679832098307479,0.14940163204589002
2025-05-13 05:01:19.901925,21.71473094485855,44.423465937150155,129.82087454202633,13.113845723456453,0.2741565949972204
2025-05-13 06:01:19.901925,27.078169999786066,85.15570741286405,273.6227919546639,8.552601444284495,0.6790282380676186
2025-05-13 07:01:19.901925,17.49099942721483,79.38307518518434,444.6759466463107,12.747760744317485,0.30338378604472355
2025-05-13 08:01:19.901925,23.955106716218875,86.58638041992629,581.9666893427288,5.96993797308627,0.024658613850143077
2025-05-13 09:01:19.901925,26.248599784914774,69.4851163436613,364.05058396138656,2.293145136527994,0.4443256144980672
2025-05-13 10:01:19.901925,19.578216590474824,50.89638757108121,643.2731319490593,2.0993961465995206,0.08356283051943952
2025-05-13 11:01:19.901925,28.759854431301775,39.44854770563445,509.7664789662441,5.942081556509258,0.10843084143668102
2025-05-13 12:01:19.901925,27.243418070623505,88.99315624456779,415.32892212952066,15.93173819580084,0.24731689012037933
2025-05-13 13:01:19.901925,26.34019474442687,62.03927449556703,734.3579883925242,4.622585102190742,0.06799290677529017
2025-05-13 14:01:19.901925,27.162512114894394,59.28529879503148,437.76907400419964,3.9655881050958772,0.7055277890393318
2025-05-13 15:01:19.901925,23.655552549813038,56.12057467954652,523.1699040989938,16.29924990281456,0.23619829293075842
2025-05-13 16:01:19.901925,24.186596306164944,60.63255131979322,474.3767184189823,1.7148065375639958,0.30448585318717686
2025-05-13 17:01:19.901925,19.898326496469352,84.34941373805793,542.3414418084056,4.0499625287548024,0.06846919523128012
2025-05-13 18:01:19.901925,24.62802305038476,59.74145996126859,597.3589617720136,5.424047085647853,0.08030120642273296
2025-05-13 19:01:19.901925,25.844548106245306,45.85465005723095,474.8478762066372,18.01409463318256,0.16400739274982057
2025-05-13 20:01:19.901925,21.24646612848378,30.276493603639153,402.18911932548343,2.0259427869119584,0.12370093910608233
2025-05-13 21:01:19.901925,23.92626826252277,35.11483942636918,338.3038677067118,6.980446907676825,0.3078758120634095
2025-05-13 22:01:19.901925,24.40802616990097,37.4387009000988,912.359167282937,2.3220434842408695,0.07955389988721771
2025-05-13 23:01:19.901925,25.09905023189512,81.2648364424308,507.2352834517006,5.964234035452978,0.06827685141143545
2025-05-14 00:01:19.901925,29.4001190113595,39.820332924990296,656.1667688401852,8.788608833242783,0.04002218541189741
2025-05-14 01:01:19.901925,19.528349640034644,68.57612560288698,463.0415348894519,9.28200629893117,0.060929504997638266
2025-05-14 02:01:19.901925,25.12763987618228,43.02757686376393,529.4773991091472,5.181401579725639,0.12468924216152158
2025-05-14 03:01:19.901925,22.35918728937148,79.12084454543731,117.36856077732074,10.920374689011819,0.04916961452102035
2025-05-14 04:01:19.901925,24.827731561978965,37.11849959193056,421.4161537222043,8.886585668882711,0.3797764518447788
2025-05-14 05:01:19.901925,22.868777524860835,38.33468785487258,517.5235701052949,8.179925495199495,0.04234911174632354
2025-05-14 06:01:19.901925,23.63588066119889,72.41559804124856,481.06945979394544,11.297327304990665,0.0019314707326804081
2025-05-14 07:01:19.901925,22.874714047282772,40.08228340289755,534.2396265546764,13.11518623597512,1.309091984356834
2025-05-14 08:01:19.901925,22.017382031606928,52.9135750644699,873.3029796285069,16.495731040083214,0.054715958943743585
2025-05-14 09:01:19.901925,26.048895354670268,81.01914530241476,538.6439052296466,12.049888658889689,0.1156973591970399
2025-05-14 10:01:19.901925,23.126135717547665,70.48073066480234,231.48875115636287,3.464845193966343,0.38392105413556876
2025-05-14 11:01:19.901925,24.3830234787329,83.12134523966043,659.3690846194888,2.5939066883883246,0.04319607032997064
2025-05-14 12:01:19.901925,26.885462238042905,61.083104147366896,327.6638779562295,8.8920348894186,0.038817467478893086
2025-05-14 13:01:19.901925,28.875618349530637,87.10484831071795,718.255949018316,10.380937284463197,0.10480399318781519
2025-05-14 14:01:19.901925,27.649793953776918,76.94533140361702,657.2131015031702,6.099216958657914,0.185763095234955
2025-05-14 15:01:19.901925,25.690107612612323,68.41087010448098,601.8155260080188,4.962637676831443,0.12242320674037038
2025-05-14 16:01:19.901925,28.43718952313008,72.7716857008219,454.6818420489515,10.767083724832034,0.39794181138891443
2025-05-14 17:01:19.901925,18.819064130902934,62.818585727030346,374.21297859108756,14.237039636131883,0.5238886778343509
2025-05-14 18:01:19.901925,25.20084980830257,83.27507135934376,540.7916983407398,7.348727203489881,0.13092557254014217
2025-05-14 19:01:19.901925,25.561825466985646,32.01423335412579,490.8502956172838,9.879222410037583,0.14631787483003908
2025-05-14 20:01:19.901925,21.74694979961436,32.27915137096716,351.6843970316916,6.092909894506019,0.2449398765918995
2025-05-14 21:01:19.901925,28.5666646832825,59.18696180519869,116.35500199562608,8.612106577073792,0.14982801514292607
2025-05-14 22:01:19.901925,26.44849423589397,89.0238323122293,496.48528134177013,13.38630698768726,0.29812296523173437
2025-05-14 23:01:19.901925,26.333754154113112,43.729967843954284,380.0367214300613,2.3446026051276663,0.05616932093236582
2025-05-15 00:01:19.901925,22.45414574304565,31.85180467221868,468.21906117918485,3.9257393530946674,0.22718390881989758
2025-05-15 01:01:19.901925,22.870279452563224,32.29326686076049,182.41247151523953,12.109549211690085,0.016795119095299137
2025-05-15 02:01:19.901925,22.57074009069101,78.95402867464578,712.508339467443,11.04665640564333,0.016343791165296544
2025-05-15 03:01:19.901925,24.330464640919097,70.66040201298574,432.5113498382482,1.0420053564813438,0.027707823305193693
2025-05-15 04:01:19.901925,24.75695743205305,81.4710785522725,805.5314359614815,12.890747470526112,0.12340370931561398
2025-05-15 05:01:19.901925,22.351055280292012,39.37183426855056,195.11240393543352,10.614414232831894,0.007011911735521098
2025-05-15 06:01:19.901925,27.540529472340772,70.43085621856801,718.3029440144539,6.420959447660353,0.12100255069549026
2025-05-15 07:01:19.901925,26.71929769856884,43.462858386137064,743.8404864784316,5.353208183584153,0.17350068615082348
2025-05-15 08:01:19.901925,25.826133638717934,55.72493877224958,693.023467686514,6.23096511789531,0.017827649378252097
2025-05-15 09:01:19.901925,23.71970845002684,82.68690320658764,423.2605710303669,3.7142789893765507,0.03216998106483863
2025-05-15 10:01:19.901925,21.48502974954662,74.40937444108434,720.2512855742926,14.508742249173503,0.06970742958175051
2025-05-15 11:01:19.901925,24.934868914448877,89.25497967717484,623.5855730728674,5.472121745247504,0.011188389949931269
2025-05-15 12:01:19.901925,23.729002076924132,48.20734713215418,240.0914966278076,13.187143863317177,0.004209245025572188
2025-05-15 13:01:19.901925,28.192994023824653,51.29925906915605,614.6155915139606,13.217322950436866,0.5102116353368265
2025-05-15 14:01:19.901925,21.586988817221517,48.78483932288667,530.9659273049868,7.315773684350797,0.30945878183979
2025-05-15 15:01:19.901925,26.153094033092778,79.85809269710053,168.30350590080354,12.79978355794759,0.1915020463287479
2025-05-15 16:01:19.901925,23.694124345475537,71.57992523646917,291.7703151602359,6.45532164960743,0.024190816296693864
2025-05-15 17:01:19.901925,26.064299509642712,76.30314195794955,588.3175165689078,13.719360379536736,0.2878774370250083
2025-05-15 18:01:19.901925,22.263306644062745,46.855167692844944,760.7580456613599,10.806370061529853,0.3769290038814008
2025-05-15 19:01:19.901925,25.871664204438446,35.915066801760084,912.5766958992858,12.799864451126851,0.15402513442838311
2025-05-15 20:01:19.901925,25.043647511160437,52.782275249772255,316.0108950657249,17.430630824695164,0.09054184235859972
2025-05-15 21:01:19.901925,22.35657132677232,74.92866639786781,582.8121587311113,17.740343303817458,0.41256397688398194
2025-05-15 22:01:19.901925,29.630881505350644,77.93396458451858,408.6011752321642,6.234954595522861,0.22220088873962063
2025-05-15 23:01:19.901925,23.808015904758843,40.501594855515,947.8554245347875,7.33235274202055,0.19627864955309773
2025-05-16 00:01:19.901925,23.322220334141203,47.53945639307225,305.9816613332207,14.976626273296231,0.26427189915776284
2025-05-16 01:01:19.901925,23.505515886636054,62.438695163766795,382.95730960137803,10.555360920004095,0.23022551052678875
2025-05-16 02:01:19.901925,29.98775727272519,65.66121214303064,413.97302409175126,1.6870769245838746,0.2210882185468581
2025-05-16 03:01:19.901925,25.655881737723238,79.03628078222609,571.2703996642956,11.056462198530244,0.07391849129441795
2025-05-16 04:01:19.901925,26.160585646217683,48.47944900249705,530.470398738874,7.284094287490696,0.18515118869910124
2025-05-16 05:01:19.901925,19.601507759752607,39.97074083654225,444.2908485377604,2.724965712198533,0.13790944512185585
2025-05-16 06:01:19.901925,25.232251940536276,78.00553026087954,675.1840994005343,13.218183083915434,0.100634283394755
2025-05-16 07:01:19.901925,22.37560974800297,41.16537299744253,474.5735030864797,8.031865671875702,0.6563781463502811
2025-05-16 08:01:19.901925,22.317721128936984,52.79780607857752,380.8483977534796,7.681037152629519,0.15490423135889825
2025-05-16 09:01:19.901925,22.41534082501995,52.19543655217919,525.7402144013006,1.551753832573746,0.28432705448283824
2025-05-16 10:01:19.901925,25.72656129561427,47.59634007138217,221.02411336886627,11.32434253778705,0.08683412348716812
2025-05-16 11:01:19.901925,25.426696314873343,80.42043059249679,632.6921224611148,3.974799785988328,0.03797115629208855
2025-05-16 12:01:19.901925,25.899282029335286,53.88700398708133,216.69784579948328,11.409068257149588,0.038882784313855556
2025-05-16 13:01:19.901925,20.97415964679142,73.32327675776263,637.598683371262,11.929117412157042,0.1953241813758051
2025-05-16 14:01:19.901925,29.63779194356063,53.66308592009352,497.33213305716816,5.385597013680678,0.22125029807398705
2025-05-16 15:01:19.901925,25.210121554075346,32.60429171166258,370.8561375538224,9.797667418942007,0.18753305007629073
2025-05-16 16:01:19.901925,26.199804226065712,37.22420156354474,446.96289051025894,3.017765113782613,0.05863789456642246
2025-05-16 17:01:19.901925,23.23491749217849,30.856451182742372,601.7505660663267,3.591844224145977,0.4243437321877087
2025-05-16 18:01:19.901925,25.118659321526867,38.429273959268585,732.5358637418245,2.907974244213773,0.029434991732975826
2025-05-16 19:01:19.901925,27.454434164539908,61.904678132530606,411.852097790278,4.129260593139114,0.5294961421609695
2025-05-16 20:01:19.901925,19.967032703889302,49.76518508506807,297.7763002260245,6.704143085276076,0.0336448823556209
2025-05-16 21:01:19.901925,25.673516027023858,54.33629754263884,721.2134446337193,1.21859941742066,0.42840352097295187
2025-05-16 22:01:19.901925,27.98372202094305,32.30654623777726,411.21025547577176,14.865371916976116,0.014339835327806628
2025-05-16 23:01:19.901925,24.106131041371906,37.66291428173058,367.6813425273985,8.181680194369235,0.39014424626930455
2025-05-17 00:01:19.901925,24.318986896961132,36.463691937373284,536.1680097383099,13.705993193911315,0.31064680011057644
2025-05-17 01:01:19.901925,23.566842648127746,74.4792742713275,263.51849264023167,9.474224361828364,0.13613673921584762
2025-05-17 02:01:19.901925,24.746528698103774,67.06272085706726,513.0454360847483,9.86086374100839,0.15969033616629003
2025-05-17 03:01:19.901925,25.889946209648677,80.3268985687736,263.75024106877186,6.337228855962371,0.09518474129429402
2025-05-17 04:01:19.901925,24.91857286372606,52.33920770740589,539.5469955870689,8.802497190760972,0.07508669687660138
2025-05-17 05:01:19.901925,29.81917264031342,45.30591664723654,212.4716674842826,6.668307204172113,0.3220984246423254
2025-05-17 06:01:19.901925,24.362002016035873,70.82387353742428,508.5646572289668,10.079456103563393,0.12217942924963704
2025-05-17 07:01:19.901925,24.183143751859667,35.62858439110289,856.4781625611665,5.7062396440846355,0.20123021621159617
2025-05-17 08:01:19.901925,27.907413265402237,40.77920706770935,468.24838896589495,3.6449920967755673,0.21776994475706118
2025-05-17 09:01:19.901925,25.129154981942737,31.6969480421492,726.1509301053013,6.802593824552032,0.09747425266614261
2025-05-17 10:01:19.901925,28.65828060155244,88.419034340303,142.3186422308292,9.122030530791763,0.027989390807390165
2025-05-17 11:01:19.901925,26.51486791523773,54.18658099024594,573.1597168165619,14.113929839588666,0.31046079425888745
2025-05-17 12:01:19.901925,23.53209320995582,31.872225405376536,602.8862756400978,9.530929106085546,0.28795927924136316
2025-05-17 13:01:19.901925,25.910259989720892,40.46533042047413,98.65673138517883,6.335275120233199,0.4206129360693682
2025-05-17 14:01:19.901925,29.0120303376902,47.109587338209806,217.8367614278032,3.64943239955703,0.2044608918736405
2025-05-17 15:01:19.901925,26.332483813963353,38.939465415003355,341.06056213683814,12.437567757092287,0.17458573938200922
2025-05-17 16:01:19.901925,27.562954476288198,52.71705418229776,244.09985436702874,4.414748194719717,0.008673991590421986
2025-05-17 17:01:19.901925,25.853647597074826,43.33057927481597,589.7317636271953,15.867884628908119,0.13701768325960348
2025-05-17 18:01:19.901925,23.769568384195225,56.35062842499924,423.3669907649609,9.550585873407789,0.009414798533463732
2025-05-17 19:01:19.901925,18.774181503362968,60.118998123053956,726.9268890926111,12.199559991325158,0.26605797697218164
2025-05-17 20:01:19.901925,26.3483078599051,56.61957220517564,433.43343135583126,3.417002853370353,0.14905087504149886
2025-05-17 21:01:19.901925,26.69898285912932,51.40829381643263,450.1278804787271,14.524816281284743,0.10759192468926082
2025-05-17 22:01:19.901925,24.52887805244061,89.57919559985592,357.29074041636784,7.756792640311602,0.1104744973147862
2025-05-17 23:01:19.901925,23.55156888318615,83.30800304094565,408.9117556435752,5.347547327111027,0.3328594059220107
2025-05-18 00:01:19.901925,25.2056439625633,44.691280934477305,400.93153910787987,14.59327338163316,0.09386389655395483
2025-05-18 01:01:19.901925,21.68327057419077,79.88177360068349,698.4191766776026,0.7710315980454063,0.1597513409725245
2025-05-18 02:01:19.901925,23.09470524566598,36.42315365045028,481.6944915099247,16.504745817396525,0.011141639398774942
2025-05-18 03:01:19.901925,28.248432138221744,43.951343219762585,420.6437707440534,7.143209444028312,0.23724363405069349
2025-05-18 04:01:19.901925,22.952791677222553,45.191156726891506,892.173419961583,8.898359238440142,0.27309962465939397
2025-05-18 05:01:19.901925,28.16098243020241,46.68403453646804,351.521966702991,13.014395934548864,0.054784756183579954
2025-05-18 06:01:19.901925,21.462076235971978,52.22697636876988,301.7670304115354,12.28999129204496,0.09490592835380829
2025-05-18 07:01:19.901925,24.733186479639514,55.98111788836424,553.8431003790747,9.6083733943581,0.29034520590472973
2025-05-18 08:01:19.901925,31.701826628864147,80.33772701148007,271.7674480501225,7.630557035354344,0.03462392140767075
2025-05-18 09:01:19.901925,23.953965415512666,43.36253883948029,608.6399013974291,18.578236218026188,0.590142321447147
2025-05-18 10:01:19.901925,24.666850010394512,82.0034983264463,551.2991937704096,5.554724466764869,0.6306707474474711
2025-05-18 11:01:19.901925,20.701817626306962,79.86206840588356,383.85300568857986,11.728196481076834,0.09777017682363577
2025-05-18 12:01:19.901925,23.689723981400636,43.17441019110741,630.2233201447706,9.454010416751258,0.10923124645763149
2025-05-18 13:01:19.901925,17.0159064535173,40.95206607324766,358.83895479613045,5.067318026665076,0.15369062987766643
2025-05-18 14:01:19.901925,25.89041859613241,40.14225939962088,339.38476655930737,0.6146074653665272,0.0026015249388901714
2025-05-18 15:01:19.901925,25.11401306637355,65.57006429456527,517.8617824356546,1.8130648882129339,0.13624082424970227
2025-05-18 16:01:19.901925,20.64176932244657,35.02134527834787,425.3537865044527,8.811082944776725,0.26362336255077307
2025-05-18 17:01:19.901925,20.190046683938057,35.47435577683703,266.1869505844404,4.367898043443485,0.11732601247770941
2025-05-18 18:01:19.901925,25.468497325606208,33.064490041105095,624.1248504397122,1.4710354207111012,0.051746364030105754
2025-05-18 19:01:19.901925,23.311686392477625,81.47568016486015,500.8950284807357,11.74917190963501,0.018946414181463343
2025-05-18 20:01:19.901925,24.878091085833912,73.93891363578643,451.606667817499,9.93006287108511,0.4844380851169267
2025-05-18 21:01:19.901925,25.193937031591815,40.411206754624104,602.3578690332217,8.565609777978402,0.050794429711691506
2025-05-18 22:01:19.901925,26.489602405078205,40.97133677872245,618.4408616047037,6.124023480794527,0.12299412853350217
2025-05-18 23:01:19.901925,22.686802774156753,73.72107451328017,285.2367374007123,6.95367888370305,0.515952303893404
2025-05-19 00:01:19.901925,26.097107287302652,81.76433537808003,692.6644513269312,9.355881556544098,0.08992673150821953
2025-05-19 01:01:19.901925,24.274086510478657,50.18967645834965,686.5265929133559,8.688598126341848,0.08047795197122565
2025-05-19 02:01:19.901925,24.883049338366845,36.88007784626343,381.5938525490572,2.398312500057082,0.00260215704699947
2025-05-19 03:01:19.901925,22.65458679407317,86.99988728864852,630.4629563097526,16.288085494692186,0.4096557541419052
2025-05-19 04:01:19.901925,26.200797641656106,36.66808501275337,752.5543820408459,4.734992745055538,0.5755692154402231
2025-05-19 05:01:19.901925,20.811637813638068,39.31666824841781,714.1158795693013,13.121633203973671,0.11389613590915329
2025-05-19 06:01:19.901925,22.28195863561592,50.369442506546605,389.8477921305223,14.226645167873642,0.017521128174115302
2025-05-19 07:01:19.901925,23.610866974826344,77.9323329671846,403.00496901084165,4.993253970304588,0.3271886318437758
2025-05-19 08:01:19.901925,22.00682960585246,79.2502837543759,792.8606998210574,6.378438265935181,0.05426173619755838
2025-05-19 09:01:19.901925,25.888442455662286,78.82154999264807,62.377056717511266,16.3006396552724,0.0123931791340467
2025-05-19 10:01:19.901925,29.848254247210647,74.13586079436325,294.1041683752296,14.704575710492856,0.11107173153768204
2025-05-19 11:01:19.901925,26.269783724380154,83.44897281446715,499.8195862786556,8.207874645770426,0.012711604392703389
2025-05-19 12:01:19.901925,23.007383241078074,62.998987121289765,460.02584921290406,8.817398761892708,0.06004918189656697
2025-05-19 13:01:19.901925,23.677174659109845,82.50487738891883,745.8685372011521,17.51843617124893,0.4623415158914189
2025-05-19 14:01:19.901925,23.519128383526123,41.684535833811935,392.3386361179207,11.297242659466484,0.11951042596475397
2025-05-19 15:01:19.901925,25.478442531698157,77.71394855171191,456.61546250343855,10.81455339413026,0.484925776158899
2025-05-19 16:01:19.901925,23.477487572309453,84.4700912678116,808.0682753375634,8.038610966088527,0.0120216096409218
2025-05-19 17:01:19.901925,22.237080525165275,80.52002161779492,171.79920135525492,18.18439410122816,0.3988408361669973
2025-05-19 18:01:19.901925,30.07292942901635,41.32962162846049,324.9915866925423,8.874963595294005,0.28947822579020255
2025-05-19 19:01:19.901925,29.12570199821871,86.3926912102971,509.76612065228926,10.14649287646687,0.1741916461793871
2025-05-19 20:01:19.901925,23.06872952963002,42.51411069380751,373.6779740007569,10.933742816773776,0.05783812846830445
2025-05-19 21:01:19.901925,22.603680199553867,54.4787326501919,636.7516988923246,8.1001224232737,0.16208219906351828
2025-05-19 22:01:19.901925,20.403884618528604,62.51155624933675,476.1877901970143,21.750405665283484,0.07345527620089619
2025-05-19 23:01:19.901925,22.435746523925634,52.11012706792876,408.2878964177336,13.989539508502741,0.08819678148460769
2025-05-20 00:01:19.901925,30.800179328127562,34.822296449381845,519.8054611733487,6.613813910474677,0.1806610385086267
2025-05-20 01:01:19.901925,25.17375561927118,66.64080312649338,249.60183518323214,3.576436535265162,0.04197719177498316
2025-05-20 02:01:19.901925,22.617265757153426,33.23513068766165,545.8927123882868,16.954120178327376,0.09356359967923543
2025-05-20 03:01:19.901925,30.862495575451284,50.007793709543485,453.20064774592237,1.9918416017008258,0.15637594425696183
2025-05-20 04:01:19.901925,26.600900053005194,76.81935443129439,560.0548295642047,2.879086076341892,0.0030426364972027707
2025-05-20 05:01:19.901925,24.849705897964203,86.46847475696441,486.7239046090019,3.0920475446168876,0.4719779010253823
2025-05-20 06:01:19.901925,28.340724553404563,56.117315471780586,366.35106715244956,13.677033661824009,0.006131613192289187
2025-05-20 07:01:19.901925,25.87902286370046,72.21194348830485,301.7743278134807,14.363818497810975,0.11243301882051665
2025-05-20 08:01:19.901925,21.507296967619606,33.702050341368434,552.706762527791,2.2950907482726404,0.04249795160234077
2025-05-20 09:01:19.901925,22.952167420543073,82.11571354610696,287.91767902563424,8.674581985923815,0.30904227361510417
2025-05-20 10:01:19.901925,21.514877607815386,66.39747982857236,310.55483469905835,5.1498882225012,0.662372006515052
2025-05-20 11:01:19.901925,23.607232839738145,40.54166825897502,647.8813537361357,7.107902379801791,0.19834545160100547
2025-05-20 12:01:19.901925,25.219851702220033,46.83543864260295,478.46474987865207,12.874473803455828,0.956663460745345
2025-05-20 13:01:19.901925,25.414818466223753,53.2704327230923,578.2093099612296,8.30677119083804,0.32905143033864614
2025-05-20 14:01:19.901925,25.288310793168858,75.37708815290321,515.11197739376,8.744777275949641,0.23082055390437872
2025-05-20 15:01:19.901925,28.31548790788,59.624927682066165,167.0406828774003,6.312189224554926,0.968115985411428
2025-05-20 16:01:19.901925,24.609430870801916,69.73577866738052,306.4806598943447,8.48885257721531,0.2592140128632467
2025-05-20 17:01:19.901925,24.241113549919344,79.34496610743572,334.3005713428904,3.721265356606035,0.29933707857950637
2025-05-20 18:01:19.901925,23.909499859517474,59.64002873650118,495.79665379494213,8.461534001378674,0.06207768412819466
2025-05-20 19:01:19.901925,28.230583033724375,48.79598820307117,686.8045174649521,14.563877401886971,0.09456891198779
2025-05-20 20:01:19.901925,29.06460856012614,45.368599054325465,260.6375648078027,3.6819524519142566,0.10819380434940938
2025-05-20 21:01:19.901925,21.403556080849913,69.50403665671837,338.31216131033113,4.83289302637283,0.4098936574637268
2025-05-20 22:01:19.901925,27.285176472297124,48.83375757213703,571.0483649829068,5.045098153053031,0.2574588740972842
2025-05-20 23:01:19.901925,24.792845085491248,68.49110730070197,486.7092405845993,9.377241591362477,0.6808198609979215
2025-05-21 00:01:19.901925,23.031835947879316,37.260219373117444,326.1216096709488,5.685013593620154,0.7093755029078633
2025-05-21 01:01:19.901925,28.066103352146975,82.20672664458667,264.6340098541443,4.953263562837121,0.15213274500043567
2025-05-21 02:01:19.901925,24.207425463283993,50.70502723860441,551.7954173187278,15.40078799596583,0.16140081531057693
2025-05-21 03:01:19.901925,25.125746635876183,52.37652092717831,636.1261281121873,6.774711535135038,0.027467279244050093
2025-05-21 04:01:19.901925,24.129334022237295,57.81645213875468,331.9055732048307,1.8254339377035405,0.3042537424568866
2025-05-21 05:01:19.901925,27.606263268226805,86.3146992848414,504.6632098516171,13.971146908155042,0.19658913673635753
2025-05-21 06:01:19.901925,28.17806822233621,83.14625081958187,730.4798477874671,13.003267353877332,0.03868636851491711
2025-05-21 07:01:19.901925,23.588474364056964,70.680649699007,835.1540626163719,5.269988748238358,0.09742334065899061
2025-05-21 08:01:19.901925,25.06919769293951,37.1963807771166,441.5915821520117,8.966082766399847,0.007445987977561174
2025-05-21 09:01:19.901925,27.49370448745526,77.14747421699425,429.57549939190255,5.889187876366016,0.16097957706246138
2025-05-21 10:01:19.901925,22.273720880492874,31.042703312447834,546.6511031661864,0.6248933225629237,0.02980661822102188
2025-05-21 11:01:19.901925,29.724796938137953,82.12037382229452,382.18642242504546,7.948614013285058,0.09690478869692372
2025-05-21 12:01:19.901925,30.461785707451067,74.19325642266307,668.1182120429115,11.251135295478571,0.19365856160123332
2025-05-21 13:01:19.901925,21.25298016868116,87.20334448114468,5.149884169480686,14.042799488939998,0.022695594733775318
2025-05-21 14:01:19.901925,30.46030031778775,53.882936995725856,628.2265857308056,7.644495576369806,0.11894397991834126
2025-05-21 15:01:19.901925,20.31600450601402,39.17657923882249,625.6792706761803,8.947546559699024,0.047142090490906285
2025-05-21 16:01:19.901925,25.907484705860256,79.33875581786519,587.4313998484388,8.312193230802201,0.0030960904358780816
2025-05-21 17:01:19.901925,20.99275586544517,35.83054716485472,275.7536756825169,3.645291502073187,0.005564988625121684
2025-05-21 18:01:19.901925,28.01601371510039,71.0347370163997,822.8722697410203,8.347753943970531,0.1473974675221437
2025-05-21 19:01:19.901925,26.822488932673327,35.9939134102819,585.8697959344719,9.36857520776313,0.14087910770979203
2025-05-21 20:01:19.901925,26.634592923121158,53.80321491958426,561.7739491591578,7.794267095439878,0.1617809949977026
2025-05-21 21:01:19.901925,26.420258916205384,79.18945450382348,741.9417963788256,3.871190821102284,0.4111475613439442
2025-05-21 22:01:19.901925,24.92527002245743,44.773973745096896,550.0847998000439,3.4706608652547533,0.137033916993979
2025-05-21 23:01:19.901925,25.25842454763297,48.186669226259426,818.6381806062432,8.806752850407902,0.14199875059618602
2025-05-22 00:01:19.901925,18.698111360748836,85.58059945340415,634.4103240200584,8.980612443835742,0.08342798536050934
2025-05-22 01:01:19.901925,31.707510938049275,60.782900303905635,486.8225779355966,7.3221842138510205,0.6955059553640017
2025-05-22 02:01:19.901925,22.30709765977655,79.43190690671992,431.17767019031743,2.2228830482510347,0.04358889326337307
2025-05-22 03:01:19.901925,23.865950775314104,39.78396147923618,548.7974632817784,9.288686872365515,0.18317689813119717
2025-05-22 04:01:19.901925,25.528068285540648,65.75865491480158,675.88682751323,6.510253889287355,0.10889425865194576
2025-05-22 05:01:19.901925,24.08445433483338,35.54126572959585,879.2257012832222,8.808172736699802,0.3488020124815341
2025-05-22 06:01:19.901925,21.408540105435478,41.620934380896756,80.49626150616024,0.9390154183795191,0.8286445944224905
2025-05-22 07:01:19.901925,30.694630073053826,76.87331343188657,828.4308675463477,1.777597696164376,0.4348651719833339
2025-05-22 08:01:19.901925,23.468324853118474,84.30068759997626,292.97233080710964,14.946046550883876,0.07242608159121247
2025-05-22 09:01:19.901925,27.360107871555588,31.03993761631456,443.7137120052715,5.586372139641443,0.0336341025349367
2025-05-22 10:01:19.901925,30.453152104114594,66.56145387294993,573.4584402843941,11.656756973798005,0.313168708322572
2025-05-22 11:01:19.901925,27.394907194053346,58.73401076638381,565.1428427328023,4.5814014920936525,0.6210957953698856
2025-05-22 12:01:19.901925,24.567278657525158,54.59013567111974,391.518256742277,8.449444363418081,0.14030925066520097
2025-05-22 13:01:19.901925,27.718664146102995,74.11113644188279,630.6145644571263,14.368403419819966,0.15973205726828898
2025-05-22 14:01:19.901925,27.96644299540316,88.55814252331066,395.3134116910685,5.505208811271469,0.1593459172366964
2025-05-22 15:01:19.901925,21.925580578904444,76.21082310828461,574.5102076559181,4.8491573172308335,0.5596077328010985
2025-05-22 16:01:19.901925,25.765471799624617,83.41722324282256,420.85777392269927,6.952670094165107,0.06673970267145131
2025-05-22 17:01:19.901925,27.432786752589628,67.92677674859739,556.6893670898537,6.266838279744738,0.17382100117153054
2025-05-22 18:01:19.901925,26.624826953114827,43.99367267482756,516.7718256131586,15.516718964224411,0.12547843345696866
2025-05-22 19:01:19.901925,23.974784766774096,66.07494524876606,551.1486183528921,10.45570948684533,0.5405561319370634
2025-05-22 20:01:19.901925,26.468376988368572,62.2858231549875,444.4907377757136,5.909951670631496,0.2626258479068803
2025-05-22 21:01:19.901925,28.908172977234692,76.12178988348779,480.80546530651316,8.696454010757812,0.11385536476077968
2025-05-22 22:01:19.901925,27.69412749884243,38.86880488617412,624.0366093704446,17.726726927213907,0.09803040649082873
2025-05-22 23:01:19.901925,24.322568720093194,36.78971171808331,639.2727598958857,8.786338541182575,0.05297600364724758
2025-05-23 00:01:19.901925,21.178445653183918,61.97290723931434,692.3871738225848,11.13692840296821,0.23150494264611987
2025-05-23 01:01:19.901925,28.508712915737007,75.04721588458065,557.3605292996612,11.6611558536437,0.15345258230184047
2025-05-23 02:01:19.901925,26.508893063828797,71.07417362014309,641.4403177661908,16.719690046268163,0.5640064472550902
2025-05-23 03:01:19.901925,32.64846136241427,30.164627411264664,633.4989655545912,10.72725080930751,0.3381438763529168
2025-05-23 04:01:19.901925,28.056881080413326,36.89417172667598,885.952574626004,5.111500141959141,0.1480723492195786
2025-05-23 05:01:19.901925,24.78099244109878,35.75960690803167,245.04808348731265,8.383780276915223,0.19614136220422687
2025-05-23 06:01:19.901925,25.69808013665814,48.482416206528384,876.6887857932561,6.897216782779646,0.020144074837894682
2025-05-23 07:01:19.901925,28.503824575232667,65.2206457319796,694.7101955359018,8.286082135283948,0.0861011614859844
2025-05-23 08:01:19.901925,23.318994035084295,78.87727824596948,509.0942193097055,4.5120923680214196,0.2779870731798994
2025-05-23 09:01:19.901925,30.82812702370719,84.80698215005367,674.344568819954,17.83351055523282,0.07245851577871891
2025-05-23 10:01:19.901925,27.529279019614673,64.99503495094581,459.78823086000034,8.820655060952445,0.19638792905102578
2025-05-23 11:01:19.901925,28.348174993378326,79.1097465697634,531.1040946367428,7.161025766304768,0.12409448038666603
2025-05-23 12:01:19.901925,23.624436478077996,32.08362137868042,663.0052787582194,7.26464004002024,0.4449605822674603
2025-05-23 13:01:19.901925,29.612986612853913,83.02108514520529,324.1513538334421,8.011366166066644,0.640932956374498
2025-05-23 14:01:19.901925,28.04542087510665,34.35699996999142,663.737913461134,16.569389956736206,0.02014793782716663
2025-05-23 15:01:19.901925,23.140603961486402,39.57408294197412,413.16118707426864,5.518856785254167,0.32983252068324886
2025-05-23 16:01:19.901925,25.787928165682896,58.022136063063755,555.7522252116343,9.697937162046038,0.29576157510663487
2025-05-23 17:01:19.901925,25.171304353310806,65.83221332857208,266.99532413147267,4.448542100864292,0.2580060016258364
2025-05-23 18:01:19.901925,30.802239263556295,43.477327431311295,963.0663891311037,9.711061066462216,0.13774443776492917
2025-05-23 19:01:19.901925,28.40179379377882,60.22275812061214,416.0552102777777,2.102545320383505,0.09954356795201516
2025-05-23 20:01:19.901925,26.65831338406357,36.985069529409984,457.0113996355068,10.738927042997082,0.33642896973411135
2025-05-23 21:01:19.901925,22.360487432534736,84.43401175512187,494.1473274669803,12.547243455114884,0.27605544837329565
2025-05-23 22:01:19.901925,27.277612591367504,80.83075060194972,638.5348868131135,9.94353049584207,0.18960470300146212
2025-05-23 23:01:19.901925,22.231783764673068,57.251493279562666,418.7002858748124,7.73188315845803,0.6040867320884762
2025-05-24 00:01:19.901925,27.48130624726154,36.98745933392701,364.2333086280825,2.749914653315535,0.03806613083185679
2025-05-24 01:01:19.901925,29.043732953441612,39.987952402388316,512.2573473032055,18.737092451086074,0.45709338262786325
2025-05-24 02:01:19.901925,29.016988610201384,76.72059541151943,338.36911744931336,3.9119432306403885,0.048685437011429904
2025-05-24 03:01:19.901925,25.05753563486504,58.08892263318429,456.1137726717643,5.310744028105971,0.2106345378760738
2025-05-24 04:01:19.901925,26.81415949384789,59.90370765084886,145.69099007210662,14.717085911433179,0.22789539304258744
2025-05-24 05:01:19.901925,21.690288036578618,44.0002435457412,487.9894524921271,19.397692539074168,0.03947939389765559
2025-05-24 06:01:19.901925,23.04315015593079,38.96208145095143,515.6522511654588,5.151610757203661,0.23172057165391588
2025-05-24 07:01:19.901925,28.549542337189372,55.77767214278595,474.15276689769456,8.473491677313573,0.10803340369534836
2025-05-24 08:01:19.901925,26.413704641051776,87.85599315912437,484.2420375530613,10.184014459364017,0.14689104955185803
2025-05-24 09:01:19.901925,24.5981132793529,89.63046526629736,967.7954545440549,10.212693420589554,0.17753300549638829
2025-05-24 10:01:19.901925,24.089483460276718,33.06425050185807,317.34440463425165,8.833553064152461,0.0501597103675405
2025-05-24 11:01:19.901925,25.8154215636241,84.59037998814075,225.41330688120325,6.457174666589874,0.05133321142226525
2025-05-24 12:01:19.901925,32.1658537950766,47.471191621745305,341.7062602373956,11.032275264987216,0.04294513228837738
2025-05-24 13:01:19.901925,25.48993663160273,61.920141243396884,618.9329612936634,13.606275235263784,0.31168414428238145
2025-05-24 14:01:19.901925,29.416376758724745,62.60332697526994,459.36584078487255,8.456507852115436,0.07904679143202903
2025-05-24 15:01:19.901925,28.70853296091424,82.45266522796254,696.2679027719037,8.862700427658341,0.4435451714015608
2025-05-24 16:01:19.901925,30.217169655486828,51.157633863059935,227.18599785838467,9.303921612538812,0.23621208686050826
2025-05-24 17:01:19.901925,27.21192417278239,89.33226336331289,436.61592904635415,6.944143236351332,0.08732749570306526
2025-05-24 18:01:19.901925,29.43308386570834,44.52003143829815,382.87237881415274,2.511066606565124,0.062147016035221395
2025-05-24 19:01:19.901925,26.128544236647137,31.946387386185368,476.8046090980496,5.688299644822516,0.25418746926038266
2025-05-24 20:01:19.901925,27.669106436486246,46.547310876409846,412.50906406665933,9.220161528846806,0.030612891717468213
2025-05-24 21:01:19.901925,25.943286029229476,70.92879641564542,372.949358559345,12.215508711614923,0.02857513171822116
2025-05-24 22:01:19.901925,27.63396892414967,74.67215459989552,369.87686376296546,7.192719820002699,0.10056881145084091
2025-05-24 23:01:19.901925,32.797250949649005,57.62782549774636,414.5850047365393,4.041198077824341,0.09085536744950337
2025-05-25 00:01:19.901925,23.15052878794028,47.504834245285124,236.98006829651644,6.326889356868074,1.042115282606768
2025-05-25 01:01:19.901925,31.06166393097058,30.040347122603396,650.6206706231446,16.286259470271357,0.30260926471382027
2025-05-25 02:01:19.901925,24.440545503623085,78.1923523601543,575.4356716546803,8.900953036484337,0.05610136823152784
2025-05-25 03:01:19.901925,30.057585981757864,53.74693585669637,1241.9477186624931,7.505382435610465,0.08915886392204243
2025-05-25 04:01:19.901925,25.04707569930824,54.44021674644101,438.9600774359616,7.448324450758973,0.6022816554826128
2025-05-25 05:01:19.901925,29.48432888021858,34.564804034380906,295.59681409263646,1.045066134836508,0.16111115007729698
2025-05-25 06:01:19.901925,25.861454810442467,87.65111193476329,489.873923393048,8.26772438402689,0.005099734688896382
2025-05-25 07:01:19.901925,27.070611691852104,86.96929119523068,606.3528346291099,9.894351190460554,0.29785857172538377
2025-05-25 08:01:19.901925,24.511980263019893,45.40355361175919,779.9571333221802,3.2662886358320464,0.31375592695240623
2025-05-25 09:01:19.901925,23.049286629295988,79.09498384599306,244.5192630585522,3.207871759062555,0.0027247287347739765
2025-05-25 10:01:19.901925,20.631698435860635,55.7644321802438,467.5899707818995,3.609363472426512,0.09112262019203138
2025-05-25 11:01:19.901925,21.784164884586342,38.286120912727256,521.7287160594852,6.371846434712442,0.1777442789970461
2025-05-25 12:01:19.901925,25.99913472898462,51.211216561029524,389.99973557080165,7.757156150412441,0.29813334476945136
2025-05-25 13:01:19.901925,25.130001464102488,35.066088217765156,768.7340093399795,0.37339443017156826,0.05628967729544757
2025-05-25 14:01:19.901925,29.899433994708055,86.5914524508485,618.8169896318097,3.898794788401663,0.24390095284835478
2025-05-25 15:01:19.901925,25.268637078554587,40.680418213452405,609.8280934969886,8.86103368642839,0.6566580807840268
2025-05-25 16:01:19.901925,27.54303387182123,44.231817784739256,321.6254928186877,7.803570539149817,0.38098115184668435
2025-05-25 17:01:19.901925,25.733746414219265,36.66241254222382,698.1190642714625,7.965972477803286,0.09872131356595892
2025-05-25 18:01:19.901925,25.126658433012558,62.3732703991892,493.66722952845953,9.959196620200485,0.027605758523272086
2025-05-25 19:01:19.901925,29.268327971633575,36.83807294133785,362.1268409595798,7.396784408769808,0.18718696269112356
2025-05-25 20:01:19.901925,27.70296836167024,50.22494243091569,622.9732131802763,10.432565717870597,0.20054356527628325
2025-05-25 21:01:19.901925,24.40449133567257,43.10280977263046,702.4969618769651,1.5701568731113413,0.9200151325246323
2025-05-25 22:01:19.901925,27.525061475556914,59.72715612219549,489.8007486367506,9.415993603026552,0.09677371663710496
2025-05-25 23:01:19.901925,26.258706673051915,68.13090287730617,290.0908468504705,13.521299699707374,0.024805722299303
2025-05-26 00:01:19.901925,27.259823690190764,88.39695485559074,381.35026885309344,8.472211411311365,0.45884131179860416
2025-05-26 01:01:19.901925,27.739159630890608,38.29856923271891,198.51429998763672,6.011715909072322,0.1736320378613076
2025-05-26 02:01:19.901925,29.60699607712739,59.19035010319607,456.78661099049685,24.538475037700533,0.21989636540419322
2025-05-26 03:01:19.901925,25.38452697567509,86.44559599177293,884.1845390696949,4.727506865467312,0.05472284869342547
2025-05-26 04:01:19.901925,26.52528306258209,75.53748150320206,580.552748676572,2.162584210113787,0.24976377653962323
2025-05-26 05:01:19.901925,26.754466742302025,32.767509294231104,644.9553605602262,4.119795702025992,0.6479674266308894
2025-05-26 06:01:19.901925,24.959818372080633,84.85770292337504,767.9638957586074,6.985796352623293,1.320819201833366
2025-05-26 07:01:19.901925,25.186036177203945,34.86084422410133,358.58896271912806,15.701995021557595,0.3732054812600447
2025-05-26 08:01:19.901925,21.272731441048894,69.12575498961053,662.0056456805336,10.286135991630292,0.040467008918526615
2025-05-26 09:01:19.901925,31.244440073825473,68.95427839780132,594.002635680873,7.109468304431973,0.3064965348650556
2025-05-26 10:01:19.901925,27.12749970744852,78.237142563938,604.1264341108157,9.829050337818094,0.2148994521566181
2025-05-26 11:01:19.901925,25.920421479408702,35.425340963569866,652.6928965001571,12.754056570816255,0.448199818993015
2025-05-26 12:01:19.901925,23.725609198659008,86.42033124529875,351.12800345072895,6.416077197410955,0.16927029214883055
2025-05-26 13:01:19.901925,20.75316998095323,34.59141520656031,313.0338780671253,11.17144044214077,0.3417864626040236
2025-05-26 14:01:19.901925,25.620990560539035,66.29550482383596,657.7225353639033,3.12345940845763,0.16532677630064957
2025-05-26 15:01:19.901925,25.256737870950623,76.90043429882806,453.06293703508834,2.5331700106223893,0.09818345068094665
2025-05-26 16:01:19.901925,29.878228012751592,79.07541075769831,174.2593409448,5.94178254710723,0.05775094389104007
2025-05-26 17:01:19.901925,28.939845830832915,37.45628188821159,539.1510885908943,3.480614727845677,0.03128225542582266
2025-05-26 18:01:19.901925,26.94945529852303,75.76658935894503,248.1738786254343,8.821216305002883,0.4764148821022003
2025-05-26 19:01:19.901925,28.296689612375296,85.9129821285932,626.2612609960383,15.735540341777433,0.08802597497952941
2025-05-26 20:01:19.901925,20.574639781240904,59.753964632739184,903.9498102677192,6.537347291971707,0.043215317188753294
2025-05-26 21:01:19.901925,29.28141473860746,63.79412033784255,351.34980026655785,7.177717693567277,0.05934772002529242
2025-05-26 22:01:19.901925,28.781351580997608,57.50767608904236,552.8616983422844,6.961748086963098,0.06396663393924415
2025-05-26 23:01:19.901925,23.86903159905354,66.10925697184398,343.612514075465,2.960609523223072,0.735719442878091
2025-05-27 00:01:19.901925,27.883531176448376,49.566311698497024,218.39410944212523,11.99903184521398,0.584980756333824
2025-05-27 01:01:19.901925,24.036145022881524,70.71241937142929,652.1955680841902,9.201203240243723,0.19194739573054564
2025-05-27 02:01:19.901925,28.678043543613818,61.82555543702213,0.0,13.370237819825036,0.23147997605694745
2025-05-27 03:01:19.901925,19.712455586986906,64.68600684538913,549.595182781763,6.348730472638215,0.11640394738354583
2025-05-27 04:01:19.901925,32.27708732841997,71.87847599589784,409.41773653362543,10.910238991409727,0.10351178781285636
2025-05-27 05:01:19.901925,28.278319965829592,35.633120059551906,426.8796867145726,9.794113455402542,0.27357412290279653
2025-05-27 06:01:19.901925,26.697710175936116,86.75479723201133,405.82748745950505,10.857244441354723,0.040260286220480564
2025-05-27 07:01:19.901925,27.18422984869544,72.74428552580085,534.6536765849912,3.535448261347896,0.5599555341540762
2025-05-27 08:01:19.901925,22.459234485165588,44.37269418156176,148.81793700600156,5.627490306922999,0.027649421246556602
2025-05-27 09:01:19.901925,22.671477321797212,40.05409537847457,323.9670387741407,6.904135427984964,0.5297279887011123
2025-05-27 10:01:19.901925,29.618138328441937,42.65969607524593,671.4166666240669,13.656577972902863,0.12510449738308235
2025-05-27 11:01:19.901925,24.397806699195,89.3843119326953,435.40892183994475,16.040106276751082,0.02368009594245904
2025-05-27 12:01:19.901925,25.374688358793165,76.83193548052743,443.4955155170677,14.532632522103713,0.2860803393089721
2025-05-27 13:01:19.901925,27.514086888212933,88.72173675885215,553.9535503923018,6.499716703815591,0.39023679485283547
2025-05-27 14:01:19.901925,25.926409700329003,75.10829633640148,239.57619565612936,4.136423821206637,0.08613700233679233
2025-05-27 15:01:19.901925,26.021095493869943,75.65487632802954,727.9626251322445,15.062491287457123,0.11194738153755363
2025-05-27 16:01:19.901925,27.75609336971226,33.60159843188099,392.34314909712685,5.7161895526434225,0.16790178422951543
2025-05-27 17:01:19.901925,25.922122890139686,55.555525772277306,388.347034263528,9.84640560445271,0.021661226104515652
2025-05-27 18:01:19.901925,26.16988773734721,86.41487369582798,216.1196389260371,11.56730340540605,0.30462304321598543
2025-05-27 19:01:19.901925,23.134189646059472,44.207643831781624,782.2230711438375,12.121359337998147,0.018582343132987893
2025-05-27 20:01:19.901925,29.75552024368183,57.30237557263762,803.9570726654841,14.304120546925581,0.13373103604605313
2025-05-27 21:01:19.901925,25.913453121894364,73.66305572544574,855.6365452136612,14.782225754527262,0.06668013822772638
2025-05-27 22:01:19.901925,25.39319407866923,45.44397627292366,675.8589124050576,12.636781883218744,0.15792059036453587
2025-05-27 23:01:19.901925,25.939857853774093,70.68829680056902,438.2814855117165,15.294461352081113,0.13758410678155725
2025-05-28 00:01:19.901925,27.834216952428726,50.89228497434558,462.6394601610936,14.246184455386148,0.24446802136871032
2025-05-28 01:01:19.901925,21.51776238039566,35.96819433063982,695.5068177392843,1.571527020783441,0.4749632598791242
2025-05-28 02:01:19.901925,30.126186851663537,58.14893896185773,179.6907838314196,13.787782786330183,0.036256613594314
2025-05-28 03:01:19.901925,28.054196027592695,76.63292525234533,533.0927231392138,2.6801443054509737,0.10141168200632028
2025-05-28 04:01:19.901925,24.595622467571175,73.36835416423621,316.3441703749591,1.8851769220118824,0.1921520880111055
2025-05-28 05:01:19.901925,26.464383481616135,89.32677969013116,653.8464962325215,11.823012751434245,0.16852448242876428
2025-05-28 06:01:19.901925,28.262216035755568,79.25755710760643,449.3571357529534,15.337867435239588,0.31094411875767136
2025-05-28 07:01:19.901925,29.735631530595217,71.56399875669807,508.3362796476289,3.4250818901321987,0.20607003789001732
2025-05-28 08:01:19.901925,27.299331200296095,64.34420809607315,638.6155971228116,12.322851738471321,0.08513000184862957
2025-05-28 09:01:19.901925,27.427447980349772,89.99551607466802,208.2876141081809,1.270174167655484,0.21246517205527496
2025-05-28 10:01:19.901925,28.265394378289155,77.86973328714411,345.12451109995015,12.746221027510636,0.16275309325396117
2025-05-28 11:01:19.901925,27.491144668261803,69.71847714373064,337.47106433506264,8.469220253168,0.007033076407965626
2025-05-28 12:01:19.901925,30.490271840248894,75.67368548049532,217.1185705442033,10.923469626332016,0.07421138833277872
2025-05-28 13:01:19.901925,30.872006695571375,53.1451572973796,451.9366819888418,14.51094751600733,0.5949027311752191
2025-05-28 14:01:19.901925,28.782434350930576,72.69665336607383,321.36832719602234,2.5171278767103606,0.07159087327399542
2025-05-28 15:01:19.901925,29.128740245533784,79.97030633067533,753.3250104137667,4.385479764129213,0.2871616877931084
2025-05-28 16:01:19.901925,29.977679448346688,69.1215274356456,428.8517077693031,9.090231226067381,0.00755940021366454
2025-05-28 17:01:19.901925,21.119678476680697,58.749328977397916,203.9239988116612,16.53479593189574,0.022780705903224285
2025-05-28 18:01:19.901925,28.801953732592633,86.77468209676094,651.2451886459376,13.33328932872405,0.17027832337448892
2025-05-28 19:01:19.901925,27.883394319097892,67.26229288288805,901.9900835695271,7.45745119536193,0.17098749260288196
2025-05-28 20:01:19.901925,21.277953326272936,80.70021960578984,370.35854302262715,9.729354624961616,0.08086722494254882
2025-05-28 21:01:19.901925,32.4523241326772,35.74437180775806,509.08894944939703,5.242586812647954,0.24163979142856984
2025-05-28 22:01:19.901925,22.484859805892953,60.49863652254199,350.51860201012005,8.81920971584458,0.2807067042366297
2025-05-28 23:01:19.901925,28.29030259254465,66.55151296857234,98.88921255314409,10.533000879100964,0.28843927138362424
2025-05-29 00:01:19.901925,29.623198165423908,88.62190166200983,575.9844624711226,6.090144284448796,0.17949224232950375
2025-05-29 01:01:19.901925,26.3338762287118,52.64053251328406,352.97012438548643,5.4290397060865665,0.3913364870632552
2025-05-29 02:01:19.901925,25.848718184924493,37.79539268029864,792.0889701626218,8.314099224914473,0.005755278289544567
2025-05-29 03:01:19.901925,26.085087011909213,78.49081884113025,314.95685700936497,9.098872427101623,0.1131801317797052
2025-05-29 04:01:19.901925,27.580489759604976,52.71382770567234,722.78543536269,16.97709828791196,0.1369008643185423
2025-05-29 05:01:19.901925,26.239728239890297,67.71360044498567,801.9877893023427,19.514689092779804,0.17044597235973125
2025-05-29 06:01:19.901925,23.573960776730626,63.25498244996115,298.42322819822994,1.9383061189736868,0.04609161943488817
2025-05-29 07:01:19.901925,19.167573552129568,38.138866845628435,810.6526761438188,11.853850436420846,0.2619411097895661
2025-05-29 08:01:19.901925,29.321076425313333,78.66080944794211,647.659948362394,2.327589927036856,0.14603841749211924
2025-05-29 09:01:19.901925,25.942414864113985,36.42485181799118,740.7573148464282,1.241472625788063,0.1322557489762107
2025-05-29 10:01:19.901925,26.669012171070836,46.50209088541204,605.4915916859586,5.495424518040362,0.5383747530766395
2025-05-29 11:01:19.901925,28.184879548441298,60.423089460970246,565.7436905361044,6.6234323406907345,0.12254681500208936
2025-05-29 12:01:19.901925,27.02270189448541,75.82790760108425,570.7113218995526,9.508774939657567,0.07303638654388235
2025-05-29 13:01:19.901925,28.402957544761758,31.845162244443618,253.55060023680483,10.637309999931615,0.1045593183805908
2025-05-29 14:01:19.901925,25.580123725354937,80.66034221456654,357.2866005387558,0.7965012504394187,0.11742998873878097
2025-05-29 15:01:19.901925,29.518999910974266,33.035852731470115,617.286718301237,7.098362298951177,0.11802567288713195
2025-05-29 16:01:19.901925,24.73817097535538,40.65329793607734,398.4762311271577,5.958612495745674,0.020213420041694567
2025-05-29 17:01:19.901925,27.563489479185105,72.42557071703206,428.59465704745173,12.015562790435352,0.34025060868719076
2025-05-29 18:01:19.901925,29.83164461973051,54.712809761807584,511.3000481439039,7.214585561256123,0.07626534603117242
2025-05-29 19:01:19.901925,25.18493488894073,81.59854070477643,499.376957543181,8.570657874673632,0.0477333174280688
2025-05-29 20:01:19.901925,28.06879026855979,46.0439475333102,705.290203118076,4.2909093087749675,0.19331917230936177
2025-05-29 21:01:19.901925,30.157847232977606,54.56859272595713,392.0210126944609,3.83350607010069,0.6763141441389517
2025-05-29 22:01:19.901925,23.870546113830223,52.01147832395449,385.48838770141083,16.374705430070073,0.1913387540320688
2025-05-29 23:01:19.901925,25.879705676678647,66.10968011105527,515.4763012506907,3.731667940002482,0.03388431468614781
2025-05-30 00:01:19.901925,30.271047983466215,39.77874712410009,747.6817412784362,5.958550186296828,0.18956987502395348
2025-05-30 01:01:19.901925,28.242902478174855,73.87797161904118,721.6757664058315,9.727864713825712,0.01825564749435866
2025-05-30 02:01:19.901925,25.55531379368819,51.244416273543585,629.3141513780345,10.582185206328813,0.1410791392647556
2025-05-30 03:01:19.901925,27.279637602456358,38.017479197606136,594.4324291803152,11.742586049541048,0.012860151679255494
2025-05-30 04:01:19.901925,29.33682568651227,89.28443385932897,834.9220192017704,5.746069303498308,0.286616418747835
2025-05-30 05:01:19.901925,27.155235073814254,89.98124612681445,554.3950805267805,11.741825550957453,0.26626324687161107
2025-05-30 06:01:19.901925,24.64470396595587,34.749344524280126,892.8191385657303,14.978536960186087,0.10580678201606614
2025-05-30 07:01:19.901925,18.74405956553288,67.53696435226837,343.60954257119164,6.031162322277693,0.19300374460690792
2025-05-30 08:01:19.901925,32.436238731947334,61.38870968624333,485.3850822782027,6.953030640706615,0.0642519284784465
2025-05-30 09:01:19.901925,27.646707231738205,55.49446815455684,358.21000470503213,1.3149657026763062,0.016394466568643008
2025-05-30 10:01:19.901925,30.23926466580421,74.83689765387427,827.8929263745612,3.566563607387802,0.5812532939635391
2025-05-30 11:01:19.901925,25.364025816406148,31.460343853227023,489.62835563342105,7.295353362814997,0.7033858116234194
2025-05-30 12:01:19.901925,28.690681444494086,42.626006973841996,286.7369116566233,3.8621494275258685,0.5125714161538445
2025-05-30 13:01:19.901925,26.230489791309594,70.55912650796205,595.1770823036014,7.924240831348143,0.6121484142494485
2025-05-30 14:01:19.901925,26.9580392123463,85.86980337587251,281.68874687968855,12.809542764267917,0.1327700622481368
2025-05-30 15:01:19.901925,21.54918377812277,73.89456261122727,350.2078690934278,7.131939462777606,0.07022760933857182
2025-05-30 16:01:19.901925,23.03543875783482,76.34475118642641,21.323453488834502,3.5069842188732574,0.14606169823804274
2025-05-30 17:01:19.901925,24.33285949707157,46.96430629497074,748.5810219375701,11.338313716931367,0.059450230000043264
2025-05-30 18:01:19.901925,25.614284043096013,77.71123391123761,409.7820338148009,9.941421101450041,0.30296573280845995
2025-05-30 19:01:19.901925,27.872450343255995,62.84872860816197,480.78179531206024,3.8642649558618016,0.023902515134108262
2025-05-30 20:01:19.901925,30.536458255551217,78.04887371572093,645.3866754061734,7.042476961647105,0.18383167136427375
2025-05-30 21:01:19.901925,29.969050224241702,52.19672480354039,748.985111835013,5.13329218175179,0.3526710795213282
2025-05-30 22:01:19.901925,33.10296136633425,45.569470234905204,461.6161129540359,6.916889252678509,0.040116883117092654
2025-05-30 23:01:19.901925,29.431996806330318,77.22579364536651,580.2321158120803,17.445702662302462,0.45835116885371036
2025-05-31 00:01:19.901925,24.766352985843387,81.75553473765322,385.8862343592366,9.384606669274671,0.0957024729481209
2025-05-31 01:01:19.901925,28.9466948900136,41.6439423404938,503.50329861602535,12.935696078639413,0.10743047682596052
2025-05-31 02:01:19.901925,24.109781571048114,72.3881242340426,324.88791050502743,4.2234064719976825,0.04844676813089943
2025-05-31 03:01:19.901925,28.395258205687483,38.448024576810965,361.0558062729487,6.675829427170491,0.32800719004844814
2025-05-31 04:01:19.901925,21.934607021346594,74.68000955380016,494.9857604363277,15.928064949225044,0.02067155658648826
2025-05-31 05:01:19.901925,20.80988018775245,66.32507915476685,817.8932310706657,9.107453096417414,0.48850921577732404
2025-05-31 06:01:19.901925,27.536783196026057,63.928532559378354,275.54079414448483,13.022290569767119,0.10864266032693007
2025-05-31 07:01:19.901925,26.446878503212325,50.6194197837153,291.57528897643726,6.877395436812278,0.0796152101120336
2025-05-31 08:01:19.901925,30.303541538627453,35.32914101640923,515.3816958935275,9.777465401506417,0.5871608540477099
2025-05-31 09:01:19.901925,19.876124585137124,70.67924836820366,441.10940845667784,7.184417329180056,0.13220800299011026
2025-05-31 10:01:19.901925,26.46429654557059,35.08345224849873,579.2642828641733,11.891791817849649,0.17460010308342386
2025-05-31 11:01:19.901925,26.57729412841706,32.1403665888912,243.19175153859464,7.852006447629224,0.3352557342385156
2025-05-31 12:01:19.901925,28.962224404427094,80.08745637346487,406.2126470181492,13.599946534077565,0.11308032800863764
2025-05-31 13:01:19.901925,24.9287539669799,74.170894852289,492.09728865453945,6.805147554856524,0.002766500327505742
2025-05-31 14:01:19.901925,27.90286742810502,32.95075730378591,644.5226055362301,7.918376368047618,0.006048021300343008
2025-05-31 15:01:19.901925,23.781675867192817,73.01101894678771,561.3512369367285,20.759213675877785,0.2450064511505032
2025-05-31 16:01:19.901925,28.54794051489314,32.897196974111274,455.1700864006055,3.6649512254332017,0.018564247198278327
2025-05-31 17:01:19.901925,28.636116193373066,89.4147718991893,572.1469885513109,4.7114138882579635,0.6899489041910961
2025-05-31 18:01:19.901925,28.16866802968486,45.80977718249865,699.4503920658713,9.891383321944705,0.03582820399704855
2025-05-31 19:01:19.901925,25.48217718925585,42.81933180407189,552.6149735873668,2.905460771749899,0.226193892383239
2025-05-31 20:01:19.901925,25.96320746327108,45.10175145745944,388.9943613774258,13.260241316959709,0.4389507334906343
2025-05-31 21:01:19.901925,27.568153505746178,79.45381383760628,325.23823498546994,18.996659719420336,0.3602575876052262
2025-05-31 22:01:19.901925,24.713261705174915,54.0706756480296,685.306175886763,6.246482645893882,0.3181464185731504
2025-05-31 23:01:19.901925,26.78601376964496,48.788434668341814,687.6916376490125,12.467952026524161,0.3314371444156989
2025-06-01 00:01:19.901925,26.657220068321674,68.67578195762789,635.5118356980456,4.67309537108688,0.37673827772573243
2025-06-01 01:01:19.901925,26.4329705743141,77.96340974772137,767.125113955452,5.4722615174977225,0.04426276650459746
2025-06-01 02:01:19.901925,23.71589375285664,75.74177187357242,791.3078371282134,7.792237683613616,0.047612154131991595
2025-06-01 03:01:19.901925,27.75494738951324,57.25313583003602,437.7571322976637,2.768782699918131,0.40444907748459463
2025-06-01 04:01:19.901925,24.330569848332804,50.16089697441794,329.9732097684809,4.337580685241827,0.027311740336139284
2025-06-01 05:01:19.901925,24.47815326903861,43.57765032953709,602.5680630193699,5.912366950047089,0.6723093985860006
2025-06-01 06:01:19.901925,29.834494464434176,44.114930841563535,492.5003286899357,5.866217117610828,0.039270622792093174
2025-06-01 07:01:19.901925,25.371059749085585,67.85810517046895,343.2156499536658,10.259848682299054,0.07251650191915304
2025-06-01 08:01:19.901925,28.499902436722213,37.95743644310431,394.53875900243224,10.511461403353143,0.13676882861408263
2025-06-01 09:01:19.901925,25.495443620663373,68.92046789973323,290.8899378235987,8.717555937015845,0.37640227705615925
2025-06-01 10:01:19.901925,29.08005013697842,78.96023843758869,262.8784094941916,4.987501046799114,0.05730596976700211
2025-06-01 11:01:19.901925,29.602266976630737,53.003404903866524,489.04804603032187,9.025863482874096,0.01770698933812055
2025-06-01 12:01:19.901925,23.7855488368463,87.87929426477334,431.0673421444231,1.74129968810335,0.12125820818232527
2025-06-01 13:01:19.901925,29.024197393846915,43.81871885001149,169.7725619858856,1.4101925420136043,0.3370596937424114
2025-06-01 14:01:19.901925,25.34268572731942,69.4059520049825,617.3773615427318,11.846370785004725,0.01499037194755616
2025-06-01 15:01:19.901925,30.8603504371182,63.65808241283106,443.8976254628956,20.669738956059838,0.36041666716628057
2025-06-01 16:01:19.901925,24.984757740475843,81.4773722678518,505.8953756428663,11.32038716236907,0.0563734718146329
2025-06-01 17:01:19.901925,27.549667778188677,44.488433411772846,452.9094318274837,3.9927312007488864,0.03220581425729861
2025-06-01 18:01:19.901925,26.762726987014915,64.09604225661599,686.7056582829509,17.12913467921846,0.2838494003577474
2025-06-01 19:01:19.901925,30.23926417547399,42.60269907549571,330.97600603564047,4.680398246639158,0.19321200088869114
2025-06-01 20:01:19.901925,24.890923865665428,76.80932782774968,520.9169033396511,12.300226020394904,0.0070919826376790555
2025-06-01 21:01:19.901925,24.21669880524545,61.37704900046663,461.32631839606756,10.688085829698661,0.19332934615631236
2025-06-01 22:01:19.901925,28.597647742455493,88.28240784195053,448.0117368700394,9.219950733869846,0.6761405367857991
2025-06-01 23:01:19.901925,27.986872326123944,47.063220974003784,664.3137611620067,6.716958282194106,0.001861334294702064
2025-06-02 00:01:19.901925,28.406814600300923,37.34270513141167,449.56313837503495,6.816739755075888,0.22457865837338395
2025-06-02 01:01:19.901925,25.871267273186994,66.87038905035851,621.955475598232,2.8746500564482442,0.7165514071407184
2025-06-02 02:01:19.901925,30.297020884085903,50.94484027574916,821.0358850793524,2.390639537757904,1.391343666839342
2025-06-02 03:01:19.901925,31.91777496496796,63.93113057420463,228.35461944323248,4.973588840116863,0.23040636828249195
2025-06-02 04:01:19.901925,29.950622114809114,57.161602989142594,100.0456696793974,5.970616077413248,0.39177388831993754
2025-06-02 05:01:19.901925,26.993569838299283,75.72594857688358,442.5694088103294,5.160087894360799,0.12386587672469387
2025-06-02 06:01:19.901925,24.772192014573353,46.783493049832686,590.3491381169569,15.226479595959098,0.34437429799059227
2025-06-02 07:01:19.901925,23.32112869002711,59.128756312994824,223.64548925587656,7.840107101839465,0.13263860841288794
2025-06-02 08:01:19.901925,30.86285285416112,57.65647052523687,325.19226491882955,0.9875617485115915,0.025631777910371363
2025-06-02 09:01:19.901925,30.83985534988279,87.59286087658504,604.6683984818129,15.118987046821072,0.516116109348783
2025-06-02 10:01:19.901925,28.30588020604872,74.32104574450901,454.17082956792586,7.277048353788466,0.873698319139729
2025-06-02 11:01:19.901925,29.78164629942777,51.49362695339393,658.4229497485625,14.213825356095546,0.14771848427890963
2025-06-02 12:01:19.901925,23.27256291039786,51.20291505240466,395.3318134505719,5.540231137947318,0.10946724977295726
2025-06-02 13:01:19.901925,28.35252465303798,33.756236598618855,566.2252721002387,8.009358834399375,0.20268923333897174
2025-06-02 14:01:19.901925,30.623416326095832,76.04629200708041,254.93556655836608,14.556538273247812,0.020629291053218982
2025-06-02 15:01:19.901925,27.930831991145507,85.60013607347082,572.3673945849462,9.745912278483546,0.04913212883636395
2025-06-02 16:01:19.901925,22.68382970734242,86.4215121377094,73.89482811447994,5.6433966696709215,0.5446366837731702
2025-06-02 17:01:19.901925,24.141359007367203,53.61450842517862,522.571027129578,9.260185934905012,0.002426618379272886
2025-06-02 18:01:19.901925,25.411541543273707,75.48717744942176,551.3758708545389,19.55247648867886,0.20806486136006175
2025-06-02 19:01:19.901925,33.45691504122723,74.7236553659464,578.8665401469636,10.635720891351667,0.07259642283237962
2025-06-02 20:01:19.901925,27.317894082777098,74.90157347368358,531.2569840184283,11.56935284374808,0.05948840511896304
2025-06-02 21:01:19.901925,28.96793516133209,71.39990977280414,614.4554126025373,6.72070927367111,0.12847156117297062
2025-06-02 22:01:19.901925,25.357901002960002,66.11564142225292,173.0924090282432,16.895025160123268,0.39628561376717947
2025-06-02 23:01:19.901925,27.888319899343795,69.732361184579,931.9305659499664,9.325796109441827,0.3991312843193877
2025-06-03 00:01:19.901925,27.001733072500617,56.27173979312904,688.6688877042776,1.7885666418908783,0.2038726704659266
2025-06-03 01:01:19.901925,25.68106046504216,63.11418284650084,320.82677305632285,19.983443504676522,0.19141659916346176
2025-06-03 02:01:19.901925,25.134227869705143,39.29134565139389,801.5774651217132,1.9309702142930587,0.018919900625090743
2025-06-03 03:01:19.901925,29.615993729050448,40.079108363018676,510.09876453281163,4.173858002090423,0.06693375329183009
2025-06-03 04:01:19.901925,30.19489880170535,58.36174971381158,527.1173073096319,11.924617451534363,0.09906177202726782
2025-06-03 05:01:19.901925,26.33861549424399,34.9095992591623,513.7838049843962,3.1274837484118914,0.08441148243021747
2025-06-03 06:01:19.901925,33.957582751866404,71.35895275987917,583.4454038145295,23.185669265667237,0.12884472574500944
2025-06-03 07:01:19.901925,30.271655514093375,45.83889858753777,638.1010887129423,13.175237602661653,0.2586906460099874
2025-06-03 08:01:19.901925,31.511608305814093,70.63868681989338,754.2917015278365,6.081112829701867,0.16361418599832644
2025-06-03 09:01:19.901925,26.793250910179488,70.85278632173129,953.9742455884536,13.411468183175177,0.16303088494694856
2025-06-03 10:01:19.901925,33.0704579528805,44.531370253347234,316.5618257685938,8.403006393093591,0.026493081980743086
2025-06-03 11:01:19.901925,29.31934327656829,38.80610026052524,284.9632388741436,16.05589070655977,0.07600070959954175
2025-06-03 12:01:19.901925,29.408548544777535,37.51173013307195,548.0456005761156,9.529823387850708,0.10913346002384681
2025-06-03 13:01:19.901925,26.00077215933002,32.85721990475147,671.2612099356078,11.191858693120691,0.012760617796220071
2025-06-03 14:01:19.901925,27.76778561458871,80.81061763726831,641.4935532554325,11.215116183823033,0.6680158390771037
2025-06-03 15:01:19.901925,25.13330477871819,58.07068276761409,476.8511726066307,13.615230194652913,0.01666562263256107
2025-06-03 16:01:19.901925,26.386231022621295,77.04286773076893,332.3074743774986,4.354187246289573,0.08362186168143866
2025-06-03 17:01:19.901925,25.04817319838076,76.1698086058432,314.42820657873654,10.938630919597658,0.028667501995320456
2025-06-03 18:01:19.901925,27.62373441571702,85.42943590949858,389.23988267523345,10.723046835708539,0.10669743806011688
2025-06-03 19:01:19.901925,26.993653523664587,76.44086814947556,376.3004656087506,6.16342444642655,0.16663631732424666
2025-06-03 20:01:19.901925,31.642358100185724,42.758796642482224,478.30685269184727,14.704970371807901,0.10303608918900196
2025-06-03 21:01:19.901925,27.267598887607573,32.62970822148995,690.6676565596118,7.190240809055766,0.32435198741140736
2025-06-03 22:01:19.901925,26.594024373795307,72.16512179136413,689.3584129562043,8.774901771286812,0.056358104668355447
2025-06-03 23:01:19.901925,28.217871904168856,44.72610763673079,213.5572693622932,13.17502274361913,0.02650456302105275
2025-06-04 00:01:19.901925,28.281933102776133,34.386493037681696,476.558106757855,9.543376317170992,0.11369348533932676
2025-06-04 01:01:19.901925,24.830779655527706,46.43607113322632,361.6935803232644,3.9865040754527965,0.004044637377549384
2025-06-04 02:01:19.901925,25.76510939486749,88.38754673473866,386.52460876000725,9.190333303361552,0.19701885336552258
2025-06-04 03:01:19.901925,30.372118464128942,62.27222942852451,441.91212580065996,4.395307425379896,0.00905663351505352
2025-06-04 04:01:19.901925,32.39403111059518,51.000113305779024,153.95758822413939,7.888817180253417,0.02386964272075435
2025-06-04 05:01:19.901925,27.74305362950191,61.195905566080896,321.9888607212971,13.321041670819794,0.3861445629920861
2025-06-04 06:01:19.901925,25.78030846844241,73.96433055030147,386.1081193874005,12.287637591550808,0.08476227674439359
2025-06-04 07:01:19.901925,26.097625227020206,40.00836607589976,517.8394062594062,10.600552574729004,0.13886564512634594
2025-06-04 08:01:19.901925,23.015657080653476,43.236513932787005,485.0252573429631,12.357122473637027,0.10052260660514314
2025-06-04 09:01:19.901925,31.790171145527516,84.43814853905789,563.6627416789273,6.786127043905753,0.2694976109218493
2025-06-04 10:01:19.901925,26.205684974557858,56.374850401294104,460.8280132642324,21.133940431322053,0.10222359788777098
2025-06-04 11:01:19.901925,21.48315987376135,31.10209076379374,541.5648409772174,10.920389825195667,0.13143700016753018
2025-06-04 12:01:19.901925,23.98625443457375,78.61230638230624,367.0947201501358,7.293249514597245,0.2561808322977442
2025-06-04 13:01:19.901925,28.756796693157213,66.0776023099102,683.5335482665641,7.0961455984264035,0.12820769082697836
2025-06-04 14:01:19.901925,27.839663531999935,52.86949629275962,387.8422023169299,13.765586880672323,0.31483445796332343
2025-06-04 15:01:19.901925,28.066338978835287,74.78791282390446,277.5359436830186,8.157691982050112,0.14207930063808683
2025-06-04 16:01:19.901925,22.42399061692754,88.03022308515617,662.2821527966803,6.56174366439528,0.02600866034024714
2025-06-04 17:01:19.901925,27.773043028236373,87.50960698334221,782.6326543847545,5.26735698014707,0.33411858074765627
2025-06-04 18:01:19.901925,26.485529546995462,57.78134650674993,895.8042139686288,12.025485045785757,0.10577056200590407
2025-06-04 19:01:19.901925,30.533409608221554,36.37806194352633,597.5094164662851,5.8580464069396045,0.2128994166478103
2025-06-04 20:01:19.901925,23.201154271601794,73.39763446549765,458.36813963983565,5.195691226889637,0.14315353342502413
2025-06-04 21:01:19.901925,28.378122773806073,55.959412008789464,450.72363879582315,12.107534939886627,0.19179670654700762
2025-06-04 22:01:19.901925,29.097125499050904,62.093912939845524,796.7554332721328,3.6605223832018603,0.20547278392025872
2025-06-04 23:01:19.901925,31.858893978691356,51.24112430886197,588.3382165195852,9.952833887622724,0.008813766189399297
2025-06-05 00:01:19.901925,23.180158320652367,36.31570591623291,833.9030080776635,1.2824873551083247,0.006010908591074525
2025-06-05 01:01:19.901925,27.201546169135437,72.82094432429832,706.6543781168829,1.9140886986416823,0.1314952673960047
2025-06-05 02:01:19.901925,29.653336252425834,71.42717382041792,330.5387733710277,21.646671670044697,0.14406414262966022
2025-06-05 03:01:19.901925,25.455244177431933,32.77119889294209,233.73683604182986,9.140502236003247,0.0502332560354104
2025-06-05 04:01:19.901925,28.28101635427611,77.68363502117722,709.1873305763006,2.9958384064348764,0.00223183455658323
2025-06-05 05:01:19.901925,29.87729579262132,49.01726179338192,581.1635744523869,5.6899410132961155,0.23156174993034387
2025-06-05 06:01:19.901925,34.26338695185372,87.02385687702156,336.7276938059938,25.397877136606862,0.3187670040503673
2025-06-05 07:01:19.901925,28.172644346516908,52.675306379080475,1059.356083043604,8.207465032676575,0.3955816387052478
2025-06-05 08:01:19.901925,30.41981179741241,32.62979558872773,666.6424891501414,11.934900895972135,0.38495485188786904
2025-06-05 09:01:19.901925,31.85880810780824,55.94534286522338,753.5447649367137,12.319463858878013,0.058740206813891006
2025-06-05 10:01:19.901925,25.911621430538336,71.68040716980332,312.6451957682393,6.784983044481678,0.12165180805874523
2025-06-05 11:01:19.901925,31.890085447270152,32.51490642174933,638.6850482592141,11.797883797052771,0.31824775194309807
2025-06-05 12:01:19.901925,25.512097864874193,53.09753061245782,378.9941834153652,5.884400701433945,0.004576757802215133
